date_time,maxtempC,mintempC,totalSnow_cm,sunHour,uvIndex,moon_illumination,moonrise,moonset,sunrise,sunset,DewPointC,FeelsLikeC,HeatIndexC,WindChillC,WindGustKmph,cloudcover,humidity,precipMM,pressure,tempC,visibility,winddirDegree,windspeedKmph,location
2011-11-01,15,10,0.0,8.7,3,35,01:40 PM,10:53 PM,07:53 AM,05:34 PM,11,12,13,12,20,42,87,0.5,1009,15,9,206,12,london
2011-11-02,15,9,0.0,7.0,3,42,02:07 PM,No moonset,07:55 AM,05:33 PM,10,10,12,10,29,46,89,1.2,1005,15,9,143,18,london
2011-11-03,18,13,0.0,7.0,4,49,02:29 PM,12:05 AM,07:57 AM,05:31 PM,13,13,14,13,26,58,92,2.8,993,18,6,155,16,london
2011-11-04,16,11,0.0,5.3,3,56,02:49 PM,01:15 AM,07:59 AM,05:29 PM,12,12,13,12,20,72,92,8.7,995,16,7,174,13,london
2011-11-05,14,11,0.0,7.0,3,62,03:07 PM,02:22 AM,08:00 AM,05:27 PM,11,10,12,10,18,56,93,0.8,1006,14,6,273,12,london
2011-11-06,11,7,0.0,3.5,2,69,03:24 PM,03:29 AM,08:02 AM,05:26 PM,7,6,9,6,27,56,88,0.1,1021,11,10,307,17,london
2011-11-07,12,6,0.0,3.5,3,76,03:42 PM,04:34 AM,08:04 AM,05:24 PM,9,8,10,8,25,77,92,0.6,1021,12,8,150,16,london
2011-11-08,11,10,0.0,5.2,3,83,04:02 PM,05:41 AM,08:06 AM,05:22 PM,9,9,10,9,14,79,90,1.5,1015,11,6,102,10,london
2011-11-09,14,10,0.0,5.2,3,90,04:24 PM,06:46 AM,08:07 AM,05:21 PM,10,10,12,10,18,77,91,0.7,1016,14,6,150,12,london
2011-11-10,15,10,0.0,5.2,3,96,04:52 PM,07:52 AM,08:09 AM,05:19 PM,10,10,11,10,20,72,93,0.0,1017,15,5,118,11,london
2011-11-11,11,7,0.0,6.9,2,97,05:25 PM,08:55 AM,08:11 AM,05:18 PM,9,7,10,7,22,69,93,0.4,1016,11,9,122,14,london
2011-11-12,16,11,0.0,5.2,3,90,06:06 PM,09:55 AM,08:12 AM,05:16 PM,12,12,13,12,16,78,95,0.3,1024,16,7,138,10,london
2011-11-13,14,8,0.0,8.7,4,83,06:56 PM,10:49 AM,08:14 AM,05:15 PM,10,9,11,9,21,37,94,0.0,1028,14,10,96,13,london
2011-11-14,10,6,0.0,6.9,2,77,07:55 PM,11:35 AM,08:16 AM,05:13 PM,7,6,8,6,16,69,94,0.2,1023,10,5,80,11,london
2011-11-15,11,5,0.0,8.7,2,70,09:01 PM,12:13 PM,08:18 AM,05:12 PM,6,5,7,5,21,44,93,0.0,1019,11,6,78,12,london
2011-11-16,11,4,0.0,8.7,2,63,10:12 PM,12:45 PM,08:19 AM,05:10 PM,5,5,7,5,13,25,91,0.1,1017,11,6,107,8,london
2011-11-17,14,8,0.0,5.1,3,56,11:26 PM,01:12 PM,08:21 AM,05:09 PM,9,9,10,9,21,59,92,0.3,1018,14,8,187,12,london
2011-11-18,13,9,0.0,6.9,3,50,No moonrise,01:36 PM,08:23 AM,05:08 PM,9,8,10,8,28,42,91,0.2,1018,13,10,167,16,london
2011-11-19,13,7,0.0,6.9,2,43,12:42 AM,01:57 PM,08:24 AM,05:06 PM,8,8,9,8,18,38,93,0.0,1017,13,7,134,10,london
2011-11-20,13,7,0.0,8.7,2,36,02:01 AM,02:18 PM,08:26 AM,05:05 PM,7,7,9,7,16,19,92,0.0,1019,13,5,138,9,london
2011-11-21,12,7,0.0,5.1,2,29,03:21 AM,02:41 PM,08:28 AM,05:04 PM,8,7,9,7,17,89,95,0.8,1015,12,4,110,10,london
2011-11-22,13,9,0.0,3.3,3,22,04:44 AM,03:06 PM,08:29 AM,05:03 PM,10,10,11,10,11,85,95,1.6,1018,13,6,222,6,london
2011-11-23,10,5,0.0,8.7,2,16,06:10 AM,03:38 PM,08:31 AM,05:02 PM,6,5,7,5,18,25,90,0.0,1027,10,7,257,10,london
2011-11-24,13,8,0.0,8.7,3,9,07:34 AM,04:16 PM,08:33 AM,05:01 PM,8,7,9,7,30,45,92,0.0,1028,13,10,205,16,london
2011-11-25,12,7,0.0,8.7,2,2,08:53 AM,05:06 PM,08:34 AM,05:00 PM,8,7,10,7,31,44,87,0.2,1024,12,9,240,19,london
2011-11-26,12,6,0.0,8.2,3,5,10:00 AM,06:07 PM,08:36 AM,04:59 PM,7,6,9,6,35,30,90,0.0,1026,12,10,229,20,london
2011-11-27,12,6,0.0,6.8,3,11,10:54 AM,07:18 PM,08:37 AM,04:58 PM,8,8,10,8,36,38,85,0.3,1021,12,10,258,22,london
2011-11-28,10,5,0.0,8.2,3,18,11:36 AM,08:32 PM,08:39 AM,04:57 PM,5,5,7,5,20,36,87,0.1,1023,10,10,197,11,london
2011-11-29,13,7,0.0,3.1,3,25,12:07 PM,09:47 PM,08:40 AM,04:56 PM,9,8,11,8,40,80,90,0.5,1010,13,9,205,25,london
2011-11-30,11,5,0.0,6.8,2,32,12:32 PM,10:59 PM,08:42 AM,04:56 PM,5,4,8,4,32,33,85,0.0,1019,11,10,205,18,london
2011-12-01,11,5,0.0,4.9,2,39,12:53 PM,No moonset,08:43 AM,04:55 PM,7,7,9,7,25,78,90,8.7,1007,11,9,143,15,london
2011-12-02,7,3,0.0,8.1,2,45,01:12 PM,12:09 AM,08:44 AM,04:54 PM,4,2,5,2,21,35,91,7.3,1012,7,9,254,12,london
2011-12-03,10,6,0.0,4.9,2,52,01:30 PM,01:17 AM,08:46 AM,04:54 PM,7,5,9,5,36,60,91,7.5,1004,10,9,240,21,london
2011-12-04,9,4,0.0,4.9,2,59,01:48 PM,02:23 AM,08:47 AM,04:53 PM,5,3,6,3,30,67,92,0.6,1001,9,10,246,17,london
2011-12-05,6,2,0.0,8.0,2,66,02:06 PM,03:30 AM,08:49 AM,04:53 PM,1,-2,3,-2,36,25,86,0.1,1005,6,10,255,21,london
2011-12-06,6,1,0.0,8.0,1,72,02:28 PM,04:35 AM,08:50 AM,04:52 PM,2,-1,3,-1,34,48,88,0.0,1007,6,10,245,19,london
2011-12-07,7,3,0.0,8.0,3,79,02:53 PM,05:41 AM,08:51 AM,04:52 PM,3,1,5,1,45,23,84,0.1,1008,7,10,253,26,london
2011-12-08,11,3,0.0,3.0,2,86,03:25 PM,06:45 AM,08:52 AM,04:52 PM,6,4,8,4,47,71,90,1.3,1011,11,8,223,27,london
2011-12-09,7,2,0.0,8.0,2,93,04:03 PM,07:47 AM,08:53 AM,04:52 PM,2,-0,4,-0,34,15,84,0.2,1010,7,10,250,20,london
2011-12-10,5,0,0.0,8.0,2,99,04:51 PM,08:44 AM,08:54 AM,04:51 PM,0,-2,2,-2,26,14,90,0.0,1015,5,10,255,14,london
2011-12-11,8,2,0.0,3.0,2,94,05:48 PM,09:33 AM,08:56 AM,04:51 PM,4,2,5,2,31,76,94,4.6,1008,8,8,194,17,london
2011-12-12,7,2,0.0,7.9,2,87,06:52 PM,10:14 AM,08:57 AM,04:51 PM,3,1,5,1,37,43,90,1.3,1003,7,10,232,22,london
2011-12-13,9,4,0.0,7.9,2,80,08:03 PM,10:49 AM,08:58 AM,04:51 PM,4,3,7,3,47,53,82,1.1,990,9,10,222,29,london
2011-12-14,6,3,0.0,7.9,2,73,09:16 PM,11:17 AM,08:58 AM,04:51 PM,1,-0,4,-0,31,28,83,0.1,994,6,10,220,18,london
2011-12-15,7,3,0.0,7.9,1,67,10:31 PM,11:41 AM,08:59 AM,04:51 PM,2,0,4,0,37,35,87,0.6,997,7,9,218,21,london
2011-12-16,2,1,3.7,6.7,1,60,11:48 PM,12:03 PM,09:00 AM,04:51 PM,1,-3,2,-3,37,71,96,18.1,987,2,7,239,23,london
2011-12-17,5,-0,0.0,5.8,2,53,No moonrise,12:23 PM,09:01 AM,04:52 PM,-0,-4,1,-4,30,38,92,0.0,1007,5,10,289,17,london
2011-12-18,4,-1,0.0,3.8,1,46,01:05 AM,12:45 PM,09:02 AM,04:52 PM,-1,-4,0,-4,30,31,92,0.4,1016,4,10,298,17,london
2011-12-19,5,-1,0.0,1.9,1,40,02:24 AM,01:08 PM,09:02 AM,04:52 PM,2,-2,2,-2,25,72,97,3.1,1014,5,9,241,14,london
2011-12-20,6,4,0.0,3.8,1,33,03:46 AM,01:35 PM,09:03 AM,04:53 PM,4,1,5,1,31,60,93,0.1,1015,6,10,278,17,london
2011-12-21,11,5,0.0,1.9,2,26,05:08 AM,02:09 PM,09:04 AM,04:53 PM,7,6,8,6,25,84,96,0.3,1018,11,7,263,14,london
2011-12-22,11,8,0.0,5.8,3,19,06:27 AM,02:52 PM,09:04 AM,04:54 PM,8,6,9,6,30,47,94,0.1,1024,11,10,262,17,london
2011-12-23,11,4,0.0,1.9,2,12,07:40 AM,03:46 PM,09:05 AM,04:54 PM,7,5,8,5,38,65,93,4.9,1018,11,10,237,24,london
2011-12-24,7,2,0.0,5.8,1,6,08:40 AM,04:52 PM,09:05 AM,04:55 PM,3,0,4,0,34,36,89,0.1,1028,7,10,252,19,london
2011-12-25,11,7,0.0,3.8,2,1,09:28 AM,06:05 PM,09:05 AM,04:55 PM,8,5,9,5,38,62,94,0.3,1028,11,10,227,22,london
2011-12-26,12,9,0.0,1.9,3,8,10:04 AM,07:22 PM,09:06 AM,04:56 PM,9,8,10,8,30,73,91,0.3,1033,12,10,232,19,london
2011-12-27,10,6,0.0,5.8,2,15,10:33 AM,08:37 PM,09:06 AM,04:57 PM,6,5,8,5,21,33,91,0.0,1033,10,9,214,12,london
2011-12-28,10,4,0.0,3.8,2,21,10:56 AM,09:50 PM,09:06 AM,04:58 PM,5,3,7,3,38,48,89,0.4,1022,10,9,224,22,london
2011-12-29,8,3,0.0,3.8,2,28,11:17 AM,11:00 PM,09:06 AM,04:59 PM,4,1,5,1,43,53,89,1.0,1020,8,9,250,26,london
2011-12-30,6,3,0.0,2.0,1,35,11:35 AM,No moonset,09:06 AM,05:00 PM,4,1,5,1,31,57,92,1.8,1017,6,9,250,18,london
2011-12-31,12,9,0.0,2.0,3,42,11:53 AM,12:08 AM,09:06 AM,05:00 PM,9,7,10,7,35,79,94,0.4,1010,12,9,242,21,london
2012-01-01,11,9,0.0,3.9,3,48,12:11 PM,01:15 AM,09:06 AM,05:02 PM,10,8,11,8,34,80,94,1.3,1005,11,9,221,21,london
2012-01-02,7,4,0.0,5.8,2,55,12:32 PM,02:21 AM,09:06 AM,05:03 PM,3,1,5,1,32,20,87,0.0,1008,7,10,234,19,london
2012-01-03,11,4,0.0,3.9,2,62,12:55 PM,03:27 AM,09:06 AM,05:04 PM,6,3,8,3,52,59,89,4.4,1003,11,9,225,32,london
2012-01-04,7,3,0.0,3.9,2,69,01:24 PM,04:32 AM,09:06 AM,05:05 PM,3,0,5,0,48,49,87,0.7,1014,7,8,246,28,london
2012-01-05,9,5,0.0,5.8,2,76,01:59 PM,05:35 AM,09:06 AM,05:06 PM,5,2,7,2,58,44,88,1.8,1004,9,10,275,36,london
2012-01-06,6,2,0.0,5.8,2,82,02:43 PM,06:34 AM,09:05 AM,05:07 PM,3,1,5,1,31,29,91,0.0,1023,6,10,275,18,london
2012-01-07,7,3,0.0,3.9,1,89,03:37 PM,07:27 AM,09:05 AM,05:09 PM,3,1,5,1,34,65,89,0.3,1015,7,9,219,20,london
2012-01-08,8,4,0.0,2.0,2,96,04:39 PM,08:11 AM,09:04 AM,05:10 PM,5,3,6,3,26,68,92,0.0,1026,8,10,274,15,london
2012-01-09,6,4,0.0,5.8,1,97,05:49 PM,08:49 AM,09:04 AM,05:11 PM,4,2,5,2,31,59,91,0.6,1015,6,9,173,18,london
2012-01-10,10,7,0.0,2.0,2,91,07:03 PM,09:20 AM,09:03 AM,05:13 PM,8,6,9,6,24,67,93,0.2,1033,10,9,246,14,london
2012-01-11,10,6,0.0,3.9,2,84,08:19 PM,09:47 AM,09:03 AM,05:14 PM,6,4,7,4,26,53,94,0.0,1033,10,10,248,15,london
2012-01-12,11,5,0.0,2.0,2,77,09:37 PM,10:09 AM,09:02 AM,05:15 PM,6,3,7,3,35,45,92,0.1,1028,11,10,271,20,london
2012-01-13,6,2,0.0,5.8,1,70,10:54 PM,10:30 AM,09:02 AM,05:17 PM,2,1,4,1,17,11,90,0.0,1032,6,9,219,10,london
2012-01-14,6,1,0.0,5.8,2,63,No moonrise,10:52 AM,09:01 AM,05:18 PM,1,1,2,1,13,11,89,0.0,1030,6,10,85,7,london
2012-01-15,5,0,0.0,8.2,2,57,12:13 AM,11:14 AM,09:00 AM,05:20 PM,-0,-2,2,-2,25,9,85,0.0,1025,5,10,110,14,london
2012-01-16,7,0,0.0,8.6,2,50,01:33 AM,11:39 AM,08:59 AM,05:22 PM,-0,-1,3,-1,21,4,83,0.0,1025,7,10,108,12,london
2012-01-17,6,0,0.0,8.7,2,43,02:52 AM,12:09 PM,08:58 AM,05:23 PM,1,-0,3,-0,19,26,86,0.0,1028,6,10,187,10,london
2012-01-18,10,2,0.0,3.3,2,36,04:10 AM,12:47 PM,08:57 AM,05:25 PM,7,4,7,4,31,79,97,1.2,1024,10,7,215,17,london
2012-01-19,11,6,0.0,5.1,2,30,05:24 AM,01:36 PM,08:56 AM,05:26 PM,8,6,9,6,36,75,91,4.5,1019,11,8,256,22,london
2012-01-20,8,3,0.0,5.1,2,23,06:27 AM,02:34 PM,08:55 AM,05:28 PM,4,1,6,1,39,61,90,0.7,1019,8,8,262,23,london
2012-01-21,11,6,0.0,5.1,2,16,07:19 AM,03:43 PM,08:54 AM,05:30 PM,7,5,9,5,43,62,88,0.2,1013,11,10,262,26,london
2012-01-22,10,4,0.0,6.9,2,9,08:00 AM,04:57 PM,08:53 AM,05:31 PM,4,2,6,2,40,38,87,0.0,1014,10,10,269,23,london
2012-01-23,8,2,0.0,8.7,2,3,08:32 AM,06:13 PM,08:52 AM,05:33 PM,3,1,4,1,30,34,90,0.1,1018,8,10,278,17,london
2012-01-24,7,2,0.0,3.3,1,4,08:58 AM,07:28 PM,08:51 AM,05:35 PM,4,1,4,1,20,75,96,6.3,1019,7,7,249,11,london
2012-01-25,10,7,0.0,5.1,2,11,09:20 AM,08:39 PM,08:49 AM,05:37 PM,7,6,8,6,22,82,94,0.2,1016,10,5,220,14,london
2012-01-26,8,4,0.0,8.7,2,18,09:40 AM,09:50 PM,08:48 AM,05:38 PM,5,3,7,3,30,48,90,2.8,1009,8,9,202,19,london
2012-01-27,8,2,0.0,8.7,1,25,09:58 AM,10:58 PM,08:47 AM,05:40 PM,2,0,4,0,26,34,89,0.7,1018,8,9,243,15,london
2012-01-28,6,1,0.0,6.9,1,31,10:16 AM,No moonset,08:45 AM,05:42 PM,2,-1,3,-1,22,69,93,0.4,1027,6,8,127,14,london
2012-01-29,5,0,0.0,6.9,1,38,10:36 AM,12:05 AM,08:44 AM,05:44 PM,1,-1,2,-1,14,60,92,0.0,1031,5,6,83,9,london
2012-01-30,4,-0,0.2,6.9,1,45,10:59 AM,01:11 AM,08:43 AM,05:45 PM,-1,-2,1,-2,16,50,85,0.2,1027,4,7,78,10,london
2012-01-31,3,-2,0.8,5.2,1,52,11:25 AM,02:16 AM,08:41 AM,05:47 PM,-1,-3,1,-3,20,56,89,0.9,1026,3,4,38,12,london
2012-02-01,3,-2,0.0,8.7,2,58,11:57 AM,03:20 AM,08:40 AM,05:49 PM,-6,-6,-1,-6,32,4,70,0.0,1033,3,10,42,20,london
2012-02-02,1,-3,0.0,8.7,2,65,12:36 PM,04:20 AM,08:38 AM,05:51 PM,-8,-7,-2,-7,29,4,64,0.0,1035,1,10,37,19,london
2012-02-03,1,-4,0.0,8.7,2,72,01:25 PM,05:15 AM,08:36 AM,05:53 PM,-6,-6,-2,-6,18,8,72,0.0,1039,1,10,211,12,london
2012-02-04,2,-5,1.4,3.4,1,79,02:22 PM,06:04 AM,08:35 AM,05:54 PM,-5,-6,-2,-6,20,60,79,1.7,1036,2,9,103,13,london
2012-02-05,2,-1,1.6,3.5,1,86,03:29 PM,06:45 AM,08:33 AM,05:56 PM,-0,-2,0,-2,13,81,95,11.4,1027,2,6,235,8,london
2012-02-06,3,-1,0.0,3.5,1,92,04:42 PM,07:19 AM,08:32 AM,05:58 PM,0,-0,0,-0,7,83,98,0.4,1033,3,1,124,4,london
2012-02-07,1,-5,0.0,9.7,1,99,05:58 PM,07:48 AM,08:30 AM,06:00 PM,-2,-4,-1,-4,17,42,92,0.0,1039,1,8,66,10,london
2012-02-08,1,-6,0.1,8.2,1,94,07:17 PM,08:13 AM,08:28 AM,06:02 PM,-4,-8,-3,-8,25,53,91,0.1,1041,1,9,24,14,london
2012-02-09,1,-5,0.0,6.6,1,87,08:37 PM,08:35 AM,08:26 AM,06:03 PM,-3,-4,-2,-4,9,65,92,1.4,1039,1,6,191,5,london
2012-02-10,1,-2,1.7,9.8,2,81,09:58 PM,08:58 AM,08:25 AM,06:05 PM,-2,-4,-1,-4,16,40,90,2.0,1038,1,8,115,10,london
2012-02-11,1,-7,0.0,9.8,1,74,11:19 PM,09:21 AM,08:23 AM,06:07 PM,-5,-6,-3,-6,9,15,91,0.0,1036,1,7,48,5,london
2012-02-12,3,-6,0.0,4.9,1,67,No moonrise,09:45 AM,08:21 AM,06:09 PM,-2,-5,-1,-5,17,76,93,1.9,1034,3,6,329,10,london
2012-02-13,4,1,0.0,5.0,1,60,12:40 AM,10:14 AM,08:19 AM,06:11 PM,2,-2,2,-2,26,88,97,1.1,1028,4,7,313,15,london
2012-02-14,6,0,0.0,10.0,2,54,01:59 AM,10:50 AM,08:17 AM,06:12 PM,2,-2,3,-2,31,50,93,0.0,1024,6,10,319,17,london
2012-02-15,9,3,0.0,9.9,2,47,03:14 AM,11:34 AM,08:15 AM,06:14 PM,4,1,5,1,35,53,92,0.0,1025,9,10,312,20,london
2012-02-16,10,4,0.0,8.3,2,40,04:19 AM,12:28 PM,08:13 AM,06:16 PM,4,3,6,3,23,66,90,0.0,1028,10,10,295,14,london
2012-02-17,11,4,0.0,5.0,2,33,05:14 AM,01:32 PM,08:12 AM,06:18 PM,6,5,7,5,24,80,94,0.2,1023,11,10,254,14,london
2012-02-18,11,2,0.0,8.3,2,26,05:58 AM,02:42 PM,08:10 AM,06:20 PM,5,3,7,3,37,61,89,1.5,1013,11,10,244,23,london
2012-02-19,6,0,0.0,10.1,2,20,06:32 AM,03:55 PM,08:08 AM,06:21 PM,-2,-2,3,-2,27,3,74,0.0,1024,6,10,308,17,london
2012-02-20,8,-0,0.0,8.3,1,13,07:00 AM,05:09 PM,08:06 AM,06:23 PM,-1,0,3,0,23,37,76,0.0,1032,8,10,232,14,london
2012-02-21,11,2,0.0,10.2,3,6,07:24 AM,06:21 PM,08:04 AM,06:25 PM,3,2,6,2,30,43,87,0.0,1029,11,10,230,17,london
2012-02-22,9,4,0.0,6.7,2,1,07:44 AM,07:32 PM,08:02 AM,06:27 PM,5,2,7,2,38,70,91,5.6,1024,9,9,214,24,london
2012-02-23,14,8,0.0,8.4,3,7,08:03 AM,08:41 PM,08:00 AM,06:29 PM,10,8,11,8,28,69,93,0.1,1023,14,10,256,17,london
2012-02-24,13,8,0.0,6.9,3,14,08:22 AM,09:49 PM,07:58 AM,06:30 PM,9,8,10,8,25,75,90,0.1,1027,13,9,259,16,london
2012-02-25,11,6,0.0,10.8,3,21,08:41 AM,10:55 PM,07:56 AM,06:32 PM,5,6,8,6,14,29,81,0.1,1027,11,9,282,9,london
2012-02-26,12,2,0.0,10.8,2,28,09:03 AM,No moonset,07:54 AM,06:34 PM,4,5,6,5,13,30,85,0.0,1028,12,9,296,7,london
2012-02-27,10,4,0.0,5.4,2,35,09:28 AM,12:01 AM,07:51 AM,06:36 PM,6,5,7,5,22,76,91,0.3,1025,10,9,244,14,london
2012-02-28,15,8,0.0,8.5,3,41,09:57 AM,01:05 AM,07:49 AM,06:38 PM,9,9,10,9,13,76,91,0.1,1024,15,9,256,9,london
2012-02-29,12,7,0.0,5.5,3,48,10:33 AM,02:06 AM,07:47 AM,06:39 PM,8,8,9,8,13,76,92,0.2,1024,12,6,222,8,london
2012-03-01,16,6,0.0,11.0,3,55,11:17 AM,03:03 AM,07:45 AM,06:41 PM,7,9,10,9,13,22,87,0.0,1026,16,7,268,7,london
2012-03-02,12,5,0.0,5.5,2,62,12:09 PM,03:54 AM,07:43 AM,06:43 PM,6,6,8,6,14,67,89,0.4,1026,12,7,80,9,london
2012-03-03,13,6,0.0,8.6,2,68,01:10 PM,04:37 AM,07:41 AM,06:45 PM,6,6,9,6,23,59,88,0.7,1019,13,8,189,15,london
2012-03-04,8,2,0.0,5.5,1,75,02:19 PM,05:14 AM,07:39 AM,06:47 PM,4,1,5,1,31,73,97,17.4,1016,8,7,226,19,london
2012-03-05,8,1,0.0,8.6,2,82,03:33 PM,05:46 AM,07:36 AM,06:48 PM,0,-1,4,-1,46,42,78,0.1,1020,8,10,311,29,london
2012-03-06,8,1,0.0,7.1,2,89,04:50 PM,06:12 AM,07:34 AM,06:50 PM,1,1,4,1,24,44,82,0.2,1025,8,9,255,14,london
2012-03-07,10,3,0.0,8.6,2,95,06:10 PM,06:36 AM,07:32 AM,06:52 PM,4,2,6,2,36,60,86,1.5,1018,10,9,241,22,london
2012-03-08,11,1,0.0,11.2,3,98,07:33 PM,07:00 AM,07:30 AM,06:54 PM,2,3,6,3,23,27,81,0.0,1030,11,10,273,14,london
2012-03-09,12,4,0.0,5.6,2,91,08:56 PM,07:23 AM,07:28 AM,06:55 PM,6,5,8,5,24,70,86,0.0,1034,12,10,237,15,london
2012-03-10,16,7,0.0,10.1,3,84,10:20 PM,07:48 AM,07:25 AM,06:57 PM,8,9,10,9,19,61,88,0.0,1036,16,9,284,12,london
2012-03-11,15,6,0.0,11.4,3,77,11:43 PM,08:16 AM,07:23 AM,06:59 PM,8,9,10,9,13,44,88,0.0,1037,15,7,288,8,london
2012-03-12,16,6,0.0,11.6,3,71,No moonrise,08:51 AM,07:21 AM,07:01 PM,8,10,10,10,11,15,87,0.0,1034,16,7,227,7,london
2012-03-13,13,4,0.0,11.6,2,64,01:01 AM,09:34 AM,07:19 AM,07:02 PM,5,8,8,8,6,18,83,0.0,1034,13,8,103,4,london
2012-03-14,12,2,0.0,10.2,2,57,02:11 AM,10:25 AM,07:16 AM,07:04 PM,4,6,7,6,9,27,85,0.0,1031,12,7,120,5,london
2012-03-15,17,5,0.0,11.6,3,50,03:10 AM,11:27 AM,07:14 AM,07:06 PM,7,9,10,9,13,11,84,0.0,1025,17,7,180,8,london
2012-03-16,12,3,0.0,8.8,2,44,03:57 AM,12:34 PM,07:12 AM,07:07 PM,5,5,8,5,20,63,85,0.1,1019,12,8,227,14,london
2012-03-17,10,6,0.0,6.0,2,37,04:34 AM,01:46 PM,07:09 AM,07:09 PM,7,5,8,5,24,86,94,4.1,1013,10,7,198,15,london
2012-03-18,10,3,0.0,8.8,2,30,05:04 AM,02:58 PM,07:07 AM,07:11 PM,4,4,6,4,16,59,88,1.6,1017,10,7,261,11,london
2012-03-19,12,0,0.0,10.2,2,23,05:28 AM,04:09 PM,07:05 AM,07:13 PM,3,4,7,4,19,32,79,0.0,1032,12,9,284,11,london
2012-03-20,11,2,0.0,7.4,2,16,05:49 AM,05:20 PM,07:02 AM,07:14 PM,5,5,7,5,17,57,87,0.2,1035,11,8,265,10,london
2012-03-21,17,5,0.0,11.6,3,10,06:09 AM,06:28 PM,07:00 AM,07:16 PM,7,9,10,9,14,32,81,0.0,1034,17,9,146,9,london
2012-03-22,16,5,0.0,11.6,4,3,06:27 AM,07:36 PM,06:58 AM,07:18 PM,6,8,10,8,26,26,79,0.0,1029,16,10,82,15,london
2012-03-23,20,6,0.0,11.6,3,4,06:47 AM,08:42 PM,06:56 AM,07:19 PM,9,12,12,12,13,11,83,0.4,1027,20,7,97,7,london
2012-03-24,18,7,0.0,11.6,4,11,07:08 AM,09:48 PM,06:53 AM,07:21 PM,9,12,12,12,14,5,81,0.1,1028,18,9,79,9,london
2012-03-25,15,5,0.0,11.6,3,17,07:32 AM,10:53 PM,06:51 AM,07:23 PM,7,8,9,8,15,12,84,0.0,1033,15,6,61,10,london
2012-03-26,17,4,0.0,11.6,3,24,07:59 AM,11:55 PM,06:49 AM,07:25 PM,6,8,10,8,19,8,78,0.0,1036,17,7,75,12,london
2012-03-27,19,5,0.0,11.6,4,31,08:32 AM,No moonset,06:46 AM,07:26 PM,5,10,11,10,15,3,68,0.0,1036,19,10,76,10,london
2012-03-28,21,6,0.0,11.6,5,38,09:13 AM,12:53 AM,06:44 AM,07:28 PM,7,13,13,13,9,2,67,0.0,1033,21,10,160,6,london
2012-03-29,19,7,0.0,11.6,4,44,10:01 AM,01:45 AM,06:42 AM,07:30 PM,8,12,13,12,14,11,76,0.0,1028,19,10,256,9,london
2012-03-30,17,6,0.0,11.6,3,51,10:58 AM,02:30 AM,06:39 AM,07:31 PM,9,10,11,10,13,31,84,0.0,1024,17,6,320,8,london
2012-03-31,11,4,0.0,7.8,2,58,12:01 PM,03:09 AM,06:37 AM,07:33 PM,5,5,7,5,22,56,83,0.7,1020,11,7,139,15,london
2012-04-01,14,1,0.0,11.6,2,65,01:11 PM,03:42 AM,06:35 AM,07:35 PM,2,5,7,5,9,5,76,0.0,1021,14,8,201,5,london
2012-04-02,14,4,0.0,9.1,3,72,02:24 PM,04:10 AM,06:33 AM,07:36 PM,4,9,9,9,8,34,75,0.0,1011,14,10,267,5,london
2012-04-03,13,6,0.0,9.1,3,78,03:42 PM,04:35 AM,06:30 AM,07:38 PM,6,8,9,8,13,64,82,6.4,1003,13,10,288,9,london
2012-04-04,11,3,0.0,11.6,2,85,05:02 PM,04:59 AM,06:28 AM,07:40 PM,4,5,7,5,11,55,83,3.6,1007,11,7,161,7,london
2012-04-05,8,4,0.0,7.8,2,92,06:24 PM,05:22 AM,06:26 AM,07:41 PM,4,3,6,3,25,70,86,0.3,1019,8,10,38,17,london
2012-04-06,12,1,0.0,9.1,2,99,07:49 PM,05:47 AM,06:24 AM,07:43 PM,2,4,6,4,15,28,77,0.1,1016,12,9,243,10,london
2012-04-07,11,3,0.0,7.9,2,95,09:15 PM,06:14 AM,06:21 AM,07:45 PM,4,5,7,5,15,77,85,0.5,1013,11,6,130,10,london
2012-04-08,12,2,0.0,6.6,2,88,10:38 PM,06:47 AM,06:19 AM,07:46 PM,6,6,8,6,17,82,91,1.6,1012,12,8,240,11,london
2012-04-09,11,6,0.0,6.7,2,81,11:55 PM,07:27 AM,06:17 AM,07:48 PM,8,5,8,5,32,99,94,5.6,998,11,9,215,22,london
2012-04-10,12,4,0.0,11.6,2,74,No moonrise,08:17 AM,06:15 AM,07:50 PM,5,5,8,5,26,42,83,2.9,990,12,10,235,18,london
2012-04-11,12,2,0.0,10.4,2,67,01:00 AM,09:18 AM,06:13 AM,07:51 PM,4,5,7,5,15,68,85,7.4,997,12,5,264,8,london
2012-04-12,11,2,0.0,9.2,2,61,01:53 AM,10:25 AM,06:10 AM,07:53 PM,4,5,7,5,10,43,86,3.7,1003,11,7,295,6,london
2012-04-13,14,2,0.0,11.6,2,54,02:34 AM,11:38 AM,06:08 AM,07:55 PM,4,6,7,6,9,23,84,4.9,1005,14,8,153,5,london
2012-04-14,11,3,0.0,10.4,2,47,03:07 AM,12:50 PM,06:06 AM,07:56 PM,3,4,7,4,21,66,82,2.7,1008,11,10,35,14,london
2012-04-15,9,1,0.0,11.6,2,40,03:33 AM,02:02 PM,06:04 AM,07:58 PM,1,1,5,1,25,26,79,0.6,1019,9,10,135,18,london
2012-04-16,11,-1,0.0,10.4,2,34,03:55 AM,03:11 PM,06:02 AM,07:59 PM,-1,3,5,3,16,19,70,0.0,1025,11,8,296,9,london
2012-04-17,12,1,0.0,12.2,2,27,04:14 AM,04:19 PM,06:00 AM,08:01 PM,3,3,6,3,31,53,81,5.8,1002,12,9,201,20,london
2012-04-18,10,3,0.0,9.0,2,20,04:33 AM,05:27 PM,05:58 AM,08:03 PM,6,3,7,3,29,85,93,7.4,982,10,8,168,19,london
2012-04-19,9,6,0.0,9.1,2,13,04:53 AM,06:32 PM,05:56 AM,08:04 PM,7,5,8,5,18,97,94,3.3,984,9,4,259,13,london
2012-04-20,13,3,0.0,11.2,2,7,05:13 AM,07:39 PM,05:54 AM,08:06 PM,5,5,7,5,17,80,88,5.5,993,13,5,245,11,london
2012-04-21,12,3,0.0,12.3,2,0,05:36 AM,08:43 PM,05:52 AM,08:08 PM,5,5,7,5,17,58,85,3.1,997,12,8,270,11,london
2012-04-22,13,3,0.0,12.3,2,7,06:02 AM,09:46 PM,05:50 AM,08:09 PM,5,4,7,4,24,57,87,7.2,1002,13,8,236,15,london
2012-04-23,9,3,0.0,9.1,2,14,06:34 AM,10:45 PM,05:48 AM,08:11 PM,5,3,6,3,24,95,95,8.9,995,9,6,133,15,london
2012-04-24,12,5,0.0,10.2,2,21,07:12 AM,11:40 PM,05:46 AM,08:13 PM,6,5,8,5,21,76,90,9.2,997,12,8,307,14,london
2012-04-25,12,3,0.0,9.2,2,27,07:57 AM,No moonset,05:44 AM,08:14 PM,6,3,7,3,32,86,96,21.0,988,12,9,149,19,london
2012-04-26,13,7,0.0,12.4,3,34,08:50 AM,12:27 AM,05:42 AM,08:16 PM,7,7,10,7,34,57,84,1.5,994,13,10,192,23,london
2012-04-27,14,7,0.0,14.5,3,41,09:51 AM,01:08 AM,05:40 AM,08:18 PM,7,8,10,8,20,38,84,2.5,1010,14,9,196,14,london
2012-04-28,9,5,0.0,9.3,2,48,10:57 AM,01:42 AM,05:38 AM,08:19 PM,7,5,8,5,26,92,97,10.2,1015,9,8,34,17,london
2012-04-29,14,5,0.0,10.3,3,54,12:07 PM,02:11 AM,05:36 AM,08:21 PM,8,5,9,5,37,78,93,17.6,1005,14,9,77,24,london
2012-04-30,16,8,0.0,14.5,3,61,01:20 PM,02:36 AM,05:34 AM,08:23 PM,9,10,12,10,28,38,84,1.4,1013,16,10,110,19,london
2012-05-01,16,9,0.0,10.4,3,68,02:36 PM,02:59 AM,05:32 AM,08:24 PM,11,12,13,12,21,72,91,16.4,1016,16,7,146,14,london
2012-05-02,12,9,0.0,10.4,3,75,03:55 PM,03:22 AM,05:30 AM,08:26 PM,9,9,10,9,16,86,92,1.3,1020,12,3,173,12,london
2012-05-03,10,7,0.0,9.4,2,82,05:17 PM,03:45 AM,05:28 AM,08:27 PM,8,6,8,6,15,99,96,6.4,1012,10,6,137,11,london
2012-05-04,10,6,0.0,9.4,2,88,06:41 PM,04:10 AM,05:26 AM,08:29 PM,6,6,8,6,12,93,91,2.2,1007,10,3,182,9,london
2012-05-05,9,4,0.0,9.4,2,95,08:06 PM,04:40 AM,05:25 AM,08:31 PM,4,3,6,3,19,84,88,3.1,1009,9,7,28,14,london
2012-05-06,9,3,0.0,9.4,2,98,09:28 PM,05:17 AM,05:23 AM,08:32 PM,4,4,6,4,15,80,89,4.2,1014,9,6,49,10,london
2012-05-07,13,3,0.0,10.5,3,91,10:41 PM,06:03 AM,05:21 AM,08:34 PM,7,6,8,6,19,70,89,0.9,1014,13,7,145,12,london
2012-05-08,17,9,0.0,11.5,3,85,11:42 PM,07:00 AM,05:19 AM,08:35 PM,11,11,12,11,17,76,91,2.8,1008,17,8,192,11,london
2012-05-09,15,10,0.0,9.5,3,78,No moonrise,08:07 AM,05:18 AM,08:37 PM,12,11,13,11,17,99,96,8.4,1008,15,7,181,11,london
2012-05-10,17,13,0.0,9.5,4,71,12:30 AM,09:21 AM,05:16 AM,08:39 PM,14,13,15,13,34,93,95,5.9,1010,17,6,199,22,london
2012-05-11,13,9,0.0,12.5,3,64,01:07 AM,10:36 AM,05:14 AM,08:40 PM,8,9,11,9,26,52,81,0.3,1021,13,10,273,18,london
2012-05-12,14,4,0.0,14.5,3,58,01:36 AM,11:50 AM,05:13 AM,08:42 PM,5,7,9,7,17,16,77,0.3,1036,14,10,222,12,london
2012-05-13,15,4,0.0,12.5,3,51,01:59 AM,01:02 PM,05:11 AM,08:43 PM,7,9,10,9,15,28,80,0.1,1031,15,8,235,10,london
2012-05-14,12,5,0.0,11.6,3,44,02:20 AM,02:11 PM,05:10 AM,08:45 PM,7,6,9,6,25,46,89,2.6,1017,12,9,232,16,london
2012-05-15,9,4,0.0,11.6,2,37,02:39 AM,03:18 PM,05:08 AM,08:46 PM,5,3,6,3,25,64,91,2.1,1015,9,9,259,16,london
2012-05-16,13,2,0.0,11.6,3,30,02:59 AM,04:24 PM,05:07 AM,08:48 PM,5,6,8,6,15,68,80,0.4,1025,13,8,280,10,london
2012-05-17,14,6,0.0,11.6,3,24,03:19 AM,05:30 PM,05:05 AM,08:49 PM,6,8,10,8,15,68,81,0.2,1018,14,7,147,10,london
2012-05-18,14,8,0.0,9.7,3,17,03:41 AM,06:35 PM,05:04 AM,08:51 PM,10,9,11,9,18,91,92,3.5,1005,14,8,111,12,london
2012-05-19,17,10,0.0,11.6,3,10,04:06 AM,07:39 PM,05:03 AM,08:52 PM,11,12,13,12,14,81,87,2.5,1010,17,9,146,10,london
2012-05-20,15,6,0.0,9.7,3,3,04:35 AM,08:39 PM,05:01 AM,08:54 PM,8,8,10,8,19,84,88,0.6,1010,15,8,58,14,london
2012-05-21,14,8,0.0,9.7,3,3,05:11 AM,09:35 PM,05:00 AM,08:55 PM,10,9,11,9,22,81,92,1.2,1009,14,8,347,16,london
2012-05-22,22,10,0.0,13.6,4,10,05:55 AM,10:25 PM,04:59 AM,08:56 PM,13,15,16,15,22,37,87,1.0,1014,22,10,298,15,london
2012-05-23,24,12,0.0,12.7,4,17,06:46 AM,11:08 PM,04:57 AM,08:58 PM,16,17,18,17,14,44,91,14.0,1023,24,7,189,9,london
2012-05-24,24,14,0.0,12.7,5,24,07:44 AM,11:44 PM,04:56 AM,08:59 PM,17,18,19,18,11,46,91,6.8,1026,24,7,38,8,london
2012-05-25,21,13,0.0,16.5,5,31,08:48 AM,No moonset,04:55 AM,09:00 PM,14,16,17,16,25,23,84,1.4,1023,21,9,60,17,london
2012-05-26,21,12,0.0,16.5,5,37,09:56 AM,12:14 AM,04:54 AM,09:02 PM,13,16,16,16,28,17,82,0.0,1020,21,10,72,18,london
2012-05-27,24,12,0.0,16.5,6,44,11:07 AM,12:40 AM,04:53 AM,09:03 PM,15,18,19,18,17,5,81,0.0,1019,24,9,82,12,london
2012-05-28,24,12,0.0,16.5,5,51,12:19 PM,01:03 AM,04:52 AM,09:04 PM,16,19,20,19,13,7,84,18.0,1018,24,6,185,7,london
2012-05-29,20,13,0.0,13.2,4,58,01:35 PM,01:25 AM,04:51 AM,09:05 PM,15,16,16,16,16,70,93,2.3,1018,20,7,196,10,london
2012-05-30,22,13,0.0,16.6,4,64,02:52 PM,01:47 AM,04:50 AM,09:07 PM,15,17,18,17,13,44,87,9.3,1018,22,9,210,8,london
2012-05-31,19,12,0.0,13.3,4,71,04:12 PM,02:10 AM,04:49 AM,09:08 PM,13,14,14,14,17,79,93,3.4,1019,19,7,272,12,london
2012-06-01,21,11,0.0,14.1,4,78,05:36 PM,02:37 AM,04:49 AM,09:09 PM,14,16,16,16,10,81,89,3.1,1019,21,5,206,7,london
2012-06-02,17,10,0.0,13.3,3,85,06:58 PM,03:09 AM,04:48 AM,09:10 PM,11,12,13,12,20,83,90,2.8,1015,17,8,94,14,london
2012-06-03,12,9,0.0,12.5,3,92,08:16 PM,03:49 AM,04:47 AM,09:11 PM,10,9,11,9,21,100,97,12.0,1008,12,9,80,15,london
2012-06-04,14,6,0.0,14.9,3,98,09:24 PM,04:40 AM,04:46 AM,09:12 PM,8,8,10,8,17,65,86,12.0,1014,14,9,111,13,london
2012-06-05,15,7,0.0,13.3,3,95,10:19 PM,05:44 AM,04:46 AM,09:13 PM,9,9,11,9,20,70,88,8.6,1015,15,8,159,14,london
2012-06-06,17,12,0.0,14.1,4,88,11:02 PM,06:56 AM,04:45 AM,09:14 PM,12,13,14,13,23,75,89,8.9,1003,17,8,210,15,london
2012-06-07,19,10,0.0,14.2,4,81,11:36 PM,08:13 AM,04:45 AM,09:15 PM,12,12,13,12,25,76,93,13.1,998,19,5,167,17,london
2012-06-08,15,9,0.0,14.2,3,75,No moonrise,09:30 AM,04:44 AM,09:15 PM,10,10,12,10,44,79,88,4.4,998,15,10,212,29,london
2012-06-09,16,8,0.0,15.8,3,68,12:02 AM,10:45 AM,04:44 AM,09:16 PM,8,11,12,11,29,54,78,1.7,1010,16,7,246,20,london
2012-06-10,16,7,0.0,14.2,3,61,12:24 AM,11:57 AM,04:43 AM,09:17 PM,10,12,12,12,12,75,87,4.0,1009,16,5,169,8,london
2012-06-11,14,10,0.0,12.6,3,54,12:45 AM,01:07 PM,04:43 AM,09:18 PM,11,10,12,10,24,100,98,41.9,1003,14,7,111,17,london
2012-06-12,13,9,0.0,12.6,3,48,01:04 AM,02:14 PM,04:43 AM,09:18 PM,10,9,11,9,21,94,92,19.8,1008,13,8,228,14,london
2012-06-13,17,5,0.0,16.8,3,41,01:24 AM,03:21 PM,04:43 AM,09:19 PM,8,11,12,11,10,27,81,3.2,1016,17,7,88,6,london
2012-06-14,16,7,0.0,15.8,3,34,01:46 AM,04:26 PM,04:42 AM,09:19 PM,9,11,12,11,23,42,85,2.4,1017,16,8,115,16,london
2012-06-15,17,12,0.0,15.0,4,27,02:09 AM,05:30 PM,04:42 AM,09:20 PM,12,13,14,13,27,65,87,11.8,1008,17,9,186,19,london
2012-06-16,17,10,0.0,15.8,3,20,02:37 AM,06:31 PM,04:42 AM,09:20 PM,11,12,13,12,34,60,85,1.2,1009,17,10,203,24,london
2012-06-17,18,10,0.0,14.2,4,14,03:11 AM,07:30 PM,04:42 AM,09:21 PM,11,13,14,13,21,69,85,2.1,1017,18,9,221,15,london
2012-06-18,18,11,0.0,16.6,4,7,03:52 AM,08:22 PM,04:42 AM,09:21 PM,12,14,14,14,13,45,86,6.4,1017,18,8,262,9,london
2012-06-19,19,8,0.0,16.6,4,0,04:40 AM,09:07 PM,04:42 AM,09:21 PM,11,13,14,13,11,48,85,1.8,1019,19,6,222,7,london
2012-06-20,20,9,0.0,16.8,4,7,05:37 AM,09:46 PM,04:43 AM,09:22 PM,12,15,15,15,12,19,81,2.4,1017,20,9,110,8,london
2012-06-21,20,11,0.0,12.6,4,13,06:39 AM,10:18 PM,04:43 AM,09:22 PM,13,14,15,14,25,89,90,12.3,1006,20,8,149,17,london
2012-06-22,16,10,0.0,14.2,3,20,07:47 AM,10:45 PM,04:43 AM,09:22 PM,11,12,13,12,34,76,88,3.6,1011,16,9,219,23,london
2012-06-23,18,9,0.0,16.8,3,27,08:57 AM,11:10 PM,04:43 AM,09:22 PM,10,12,13,12,27,47,86,0.9,1019,18,9,223,18,london
2012-06-24,17,12,0.0,14.2,4,34,10:09 AM,11:32 PM,04:44 AM,09:22 PM,13,13,14,13,27,67,91,18.7,1012,17,8,241,18,london
2012-06-25,20,10,0.0,16.6,4,41,11:23 AM,11:53 PM,04:44 AM,09:22 PM,13,14,15,14,14,43,87,3.4,1018,20,7,269,9,london
2012-06-26,21,12,0.0,15.0,4,47,12:37 PM,No moonset,04:45 AM,09:22 PM,14,17,17,17,13,58,87,0.8,1020,21,8,203,9,london
2012-06-27,24,16,0.0,15.8,4,54,01:55 PM,12:15 AM,04:45 AM,09:22 PM,17,19,19,19,14,69,92,0.7,1017,24,6,217,10,london
2012-06-28,25,14,0.0,14.2,5,61,03:14 PM,12:39 AM,04:46 AM,09:22 PM,17,19,20,19,22,64,90,2.0,1006,25,9,170,15,london
2012-06-29,19,11,0.0,15.0,4,68,04:34 PM,01:07 AM,04:46 AM,09:22 PM,13,14,15,14,31,53,87,1.4,1005,19,9,202,20,london
2012-06-30,19,12,0.0,15.8,4,74,05:52 PM,01:43 AM,04:47 AM,09:21 PM,12,15,16,15,26,48,83,1.3,1008,19,10,203,18,london
2012-07-01,17,8,0.0,15.8,3,81,07:04 PM,02:27 AM,04:48 AM,09:21 PM,10,12,13,12,23,47,84,3.0,1014,17,10,229,16,london
2012-07-02,16,10,0.0,13.4,3,88,08:05 PM,03:23 AM,04:48 AM,09:21 PM,12,13,14,13,25,76,90,3.7,1015,16,7,183,17,london
2012-07-03,19,14,0.0,12.5,4,95,08:54 PM,04:30 AM,04:49 AM,09:20 PM,15,16,16,16,19,94,92,3.2,1014,19,5,186,14,london
2012-07-04,21,15,0.0,14.2,4,100,09:32 PM,05:46 AM,04:50 AM,09:20 PM,15,17,17,17,17,86,92,4.4,1009,21,8,169,12,london
2012-07-05,20,13,0.0,12.5,4,92,10:02 PM,07:04 AM,04:51 AM,09:19 PM,14,17,17,17,11,64,84,4.0,1010,20,10,205,8,london
2012-07-06,17,13,0.0,15.0,4,85,10:27 PM,08:21 AM,04:52 AM,09:19 PM,13,15,15,15,12,72,90,16.9,1007,17,7,193,9,london
2012-07-07,17,10,0.0,12.5,4,78,10:49 PM,09:37 AM,04:53 AM,09:18 PM,13,14,14,14,20,96,91,7.0,1008,17,5,146,13,london
2012-07-08,19,13,0.0,13.3,4,71,11:09 PM,10:49 AM,04:54 AM,09:17 PM,14,15,15,15,14,89,93,5.9,1005,19,6,215,10,london
2012-07-09,19,12,0.0,14.1,4,65,11:30 PM,11:59 AM,04:55 AM,09:17 PM,14,15,15,15,17,74,91,6.2,1011,19,7,239,11,london
2012-07-10,17,12,0.0,12.5,4,58,11:50 PM,01:07 PM,04:56 AM,09:16 PM,13,14,14,14,17,91,91,6.1,1011,17,6,239,11,london
2012-07-11,18,10,0.0,14.9,4,51,No moonrise,02:13 PM,04:57 AM,09:15 PM,12,13,14,13,20,63,88,12.8,1011,18,8,253,14,london
2012-07-12,18,9,0.0,14.9,3,44,12:13 AM,03:18 PM,04:58 AM,09:14 PM,11,12,13,12,18,70,87,12.7,1012,18,7,225,13,london
2012-07-13,19,13,0.0,16.5,4,38,12:39 AM,04:21 PM,04:59 AM,09:13 PM,13,15,16,15,20,63,88,16.7,1002,19,8,226,14,london
2012-07-14,17,13,0.0,13.0,4,31,01:11 AM,05:21 PM,05:00 AM,09:12 PM,13,14,14,14,13,92,92,9.1,1005,17,9,209,10,london
2012-07-15,18,10,0.0,16.1,4,24,01:49 AM,06:15 PM,05:01 AM,09:11 PM,10,13,14,13,17,42,82,1.0,1015,18,8,282,11,london
2012-07-16,16,10,0.0,12.1,3,17,02:34 AM,07:04 PM,05:02 AM,09:10 PM,13,13,14,13,26,95,96,5.6,1020,16,7,227,17,london
2012-07-17,20,13,0.0,12.0,4,10,03:28 AM,07:45 PM,05:04 AM,09:09 PM,15,16,17,16,22,79,90,2.3,1022,20,9,250,15,london
2012-07-18,17,13,0.0,12.0,4,4,04:29 AM,08:20 PM,05:05 AM,09:08 PM,14,14,15,14,26,87,94,2.6,1013,17,9,223,17,london
2012-07-19,19,12,0.0,14.7,4,3,05:36 AM,08:50 PM,05:06 AM,09:07 PM,13,14,15,14,20,62,86,4.4,1010,19,10,270,14,london
2012-07-20,18,10,0.0,16.0,4,10,06:46 AM,09:15 PM,05:08 AM,09:05 PM,12,14,14,14,12,50,86,8.5,1016,18,7,241,8,london
2012-07-21,20,10,0.0,16.0,4,17,07:58 AM,09:38 PM,05:09 AM,09:04 PM,11,15,15,15,8,39,80,1.9,1024,20,9,91,5,london
2012-07-22,21,11,0.0,15.9,5,23,09:12 AM,10:00 PM,05:10 AM,09:03 PM,12,16,17,16,16,27,78,0.0,1027,21,9,193,10,london
2012-07-23,25,12,0.0,15.9,6,30,10:27 AM,10:22 PM,05:12 AM,09:02 PM,15,19,20,19,16,5,77,0.0,1023,25,10,202,11,london
2012-07-24,30,17,0.0,15.9,7,37,11:44 AM,10:45 PM,05:13 AM,09:00 PM,17,24,24,23,8,1,71,0.0,1018,30,10,189,5,london
2012-07-25,28,18,0.0,13.5,6,44,01:01 PM,11:12 PM,05:14 AM,08:59 PM,18,25,25,24,9,32,74,0.3,1017,28,10,90,6,london
2012-07-26,28,16,0.0,14.5,6,50,02:19 PM,11:43 PM,05:16 AM,08:57 PM,16,22,22,21,13,25,75,0.1,1018,28,10,79,10,london
2012-07-27,25,14,0.0,14.5,5,57,03:36 PM,No moonset,05:17 AM,08:56 PM,16,21,21,20,11,36,80,5.6,1012,25,10,196,7,london
2012-07-28,20,13,0.0,14.5,4,64,04:48 PM,12:22 AM,05:19 AM,08:54 PM,11,16,16,16,16,41,76,1.3,1011,20,9,307,11,london
2012-07-29,11,9,0.0,14.5,4,71,05:52 PM,01:12 AM,05:20 AM,08:53 PM,10,9,10,9,20,45,95,0.0,1012,11,8,242,13,london
2012-07-30,18,8,0.0,14.5,4,78,06:45 PM,02:13 AM,05:22 AM,08:51 PM,10,13,13,13,21,37,80,1.9,1016,18,8,249,14,london
2012-07-31,20,12,0.0,9.5,4,84,07:28 PM,03:23 AM,05:23 AM,08:49 PM,14,15,15,15,18,80,91,7.1,1015,20,8,202,12,london
2012-08-01,23,13,0.0,12.5,4,91,08:01 PM,04:39 AM,05:25 AM,08:48 PM,15,17,18,17,21,60,84,0.1,1010,23,7,180,14,london
2012-08-02,20,14,0.0,13.5,4,98,08:28 PM,05:57 AM,05:26 AM,08:46 PM,13,16,17,16,22,55,83,1.9,1010,20,6,213,15,london
2012-08-03,20,12,0.0,12.5,4,95,08:52 PM,07:13 AM,05:28 AM,08:44 PM,12,15,16,15,22,49,82,2.7,1012,20,6,199,15,london
2012-08-04,20,13,0.0,12.5,4,89,09:14 PM,08:27 AM,05:29 AM,08:43 PM,13,16,16,16,20,54,83,3.0,1010,20,6,188,14,london
2012-08-05,21,12,0.0,12.5,4,82,09:34 PM,09:40 AM,05:31 AM,08:41 PM,13,16,16,16,13,48,81,3.5,1007,21,8,184,9,london
2012-08-06,20,11,0.0,13.5,4,75,09:55 PM,10:49 AM,05:32 AM,08:39 PM,13,16,16,16,17,45,83,11.7,1009,20,7,251,11,london
2012-08-07,18,10,0.0,9.4,4,68,10:17 PM,11:57 AM,05:34 AM,08:37 PM,12,14,15,14,20,77,83,1.3,1018,18,5,245,14,london
2012-08-08,24,14,0.0,12.4,4,61,10:42 PM,01:03 PM,05:36 AM,08:35 PM,14,18,19,18,15,48,76,0.7,1018,24,9,221,11,london
2012-08-09,25,15,0.0,11.4,5,55,11:12 PM,02:07 PM,05:37 AM,08:34 PM,15,21,21,20,7,43,76,0.9,1026,25,10,54,5,london
2012-08-10,25,14,0.0,13.5,5,48,11:47 PM,03:09 PM,05:39 AM,08:32 PM,15,21,21,20,7,41,77,0.2,1026,25,8,144,4,london
2012-08-11,22,14,0.0,14.5,5,41,No moonrise,04:05 PM,05:40 AM,08:30 PM,13,18,19,18,19,27,74,0.0,1021,22,10,99,14,london
2012-08-12,24,14,0.0,13.5,5,34,12:29 AM,04:56 PM,05:42 AM,08:28 PM,15,18,19,18,18,42,82,3.8,1012,24,8,133,12,london
2012-08-13,20,13,0.0,11.4,4,28,01:19 AM,05:41 PM,05:43 AM,08:26 PM,15,17,17,17,17,73,87,0.6,1011,20,7,174,12,london
2012-08-14,24,15,0.0,13.4,5,21,02:16 AM,06:18 PM,05:45 AM,08:24 PM,15,19,20,19,13,48,80,0.3,1011,24,5,173,9,london
2012-08-15,23,16,0.0,13.4,4,14,03:21 AM,06:50 PM,05:47 AM,08:22 PM,15,18,19,18,26,29,84,10.4,1007,23,8,140,16,london
2012-08-16,21,14,0.0,12.4,4,7,04:30 AM,07:18 PM,05:48 AM,08:20 PM,14,17,18,17,21,52,80,0.9,1014,21,10,183,15,london
2012-08-17,26,16,0.0,12.4,5,1,05:43 AM,07:43 PM,05:50 AM,08:18 PM,16,22,22,21,24,52,75,0.2,1014,26,10,164,16,london
2012-08-18,29,19,0.0,14.5,7,6,06:57 AM,08:05 PM,05:51 AM,08:16 PM,18,25,25,24,14,14,74,0.0,1014,29,10,211,9,london
2012-08-19,28,19,0.0,14.5,5,13,08:13 AM,08:28 PM,05:53 AM,08:14 PM,20,24,24,23,14,24,82,0.5,1016,28,7,208,9,london
2012-08-20,24,17,0.0,12.3,5,20,09:31 AM,08:51 PM,05:54 AM,08:12 PM,17,20,21,20,13,42,82,0.7,1019,24,7,242,9,london
2012-08-21,23,15,0.0,12.3,5,27,10:49 AM,09:17 PM,05:56 AM,08:10 PM,15,19,19,19,12,58,79,0.6,1018,23,8,250,8,london
2012-08-22,21,12,0.0,12.3,4,33,12:08 PM,09:48 PM,05:58 AM,08:08 PM,12,15,16,15,20,52,80,0.4,1017,21,9,246,14,london
2012-08-23,20,12,0.0,12.3,4,40,01:25 PM,10:24 PM,05:59 AM,08:06 PM,12,16,16,16,12,54,79,0.1,1014,20,7,230,8,london
2012-08-24,21,12,0.0,10.5,4,47,02:38 PM,11:10 PM,06:01 AM,08:04 PM,12,16,16,16,15,69,81,1.4,1005,21,6,193,11,london
2012-08-25,21,14,0.0,9.3,4,54,03:44 PM,No moonset,06:02 AM,08:01 PM,14,17,17,17,22,64,86,13.3,1001,21,8,214,14,london
2012-08-26,21,11,0.0,9.2,4,60,04:39 PM,12:06 AM,06:04 AM,07:59 PM,12,15,16,15,21,56,79,1.1,1014,21,10,265,14,london
2012-08-27,21,12,0.0,10.4,4,67,05:24 PM,01:11 AM,06:05 AM,07:57 PM,13,16,16,16,22,54,81,0.0,1014,21,7,184,15,london
2012-08-28,21,14,0.0,10.4,4,74,06:00 PM,02:22 AM,06:07 AM,07:55 PM,14,17,18,17,19,55,81,0.5,1013,21,10,221,14,london
2012-08-29,19,13,0.0,9.2,4,81,06:29 PM,03:38 AM,06:09 AM,07:53 PM,13,14,15,14,23,63,89,2.9,1013,19,7,189,15,london
2012-08-30,17,12,0.0,9.2,4,88,06:55 PM,04:53 AM,06:10 AM,07:51 PM,11,13,14,13,24,51,82,1.7,1016,17,9,275,17,london
2012-08-31,17,7,0.0,10.4,4,94,07:17 PM,06:08 AM,06:12 AM,07:48 PM,6,11,12,11,17,21,68,0.0,1029,17,10,324,12,london
2012-09-01,19,12,0.0,6.7,4,100,07:38 PM,07:20 AM,06:13 AM,07:46 PM,13,15,15,15,12,83,86,0.3,1026,19,8,240,8,london
2012-09-02,21,11,0.0,7.9,4,92,07:59 PM,08:31 AM,06:15 AM,07:44 PM,13,15,16,15,15,89,88,0.2,1024,21,5,255,10,london
2012-09-03,25,13,0.0,11.6,5,85,08:21 PM,09:40 AM,06:16 AM,07:42 PM,15,19,19,19,9,39,80,0.0,1026,25,6,267,6,london
2012-09-04,24,14,0.0,11.6,4,79,08:45 PM,10:47 AM,06:18 AM,07:40 PM,14,18,19,18,14,32,78,0.0,1024,24,8,295,9,london
2012-09-05,18,10,0.0,11.6,5,72,09:13 PM,11:53 AM,06:20 AM,07:37 PM,9,14,15,14,18,5,72,0.0,1026,18,10,327,13,london
2012-09-06,22,9,0.0,11.6,5,65,09:46 PM,12:55 PM,06:21 AM,07:35 PM,10,15,16,15,12,17,73,0.0,1028,22,10,200,8,london
2012-09-07,26,11,0.0,11.6,5,58,10:25 PM,01:54 PM,06:23 AM,07:33 PM,11,18,18,18,15,15,69,0.0,1025,26,7,261,9,london
2012-09-08,26,13,0.0,9.1,5,52,11:11 PM,02:46 PM,06:24 AM,07:31 PM,11,19,19,19,10,24,65,0.0,1020,26,10,231,6,london
2012-09-09,27,15,0.0,11.6,6,45,No moonrise,03:33 PM,06:26 AM,07:28 PM,11,20,20,19,19,13,60,0.0,1012,27,10,185,12,london
2012-09-10,20,14,0.0,7.8,4,38,12:05 AM,04:13 PM,06:28 AM,07:26 PM,14,17,17,17,26,63,82,0.6,1010,20,10,207,18,london
2012-09-11,18,11,0.0,11.6,4,31,01:05 AM,04:48 PM,06:29 AM,07:24 PM,8,14,15,14,23,41,68,0.1,1012,18,10,257,16,london
2012-09-12,18,7,0.0,7.7,3,24,02:11 AM,05:17 PM,06:31 AM,07:21 PM,8,11,12,11,20,47,78,4.4,1015,18,9,261,13,london
2012-09-13,20,7,0.0,11.6,3,18,03:22 AM,05:43 PM,06:32 AM,07:19 PM,8,11,12,11,20,20,76,2.6,1019,20,8,286,12,london
2012-09-14,18,11,0.0,9.0,4,11,04:35 AM,06:07 PM,06:34 AM,07:17 PM,11,13,14,13,27,49,81,0.0,1014,18,10,264,17,london
2012-09-15,21,9,0.0,11.6,4,4,05:52 AM,06:30 PM,06:36 AM,07:14 PM,10,14,15,14,15,35,79,0.0,1018,21,6,251,9,london
2012-09-16,18,10,0.0,9.0,3,3,07:10 AM,06:54 PM,06:37 AM,07:12 PM,11,13,14,13,18,66,83,0.1,1013,18,6,227,11,london
2012-09-17,19,11,0.0,10.3,4,9,08:29 AM,07:20 PM,06:39 AM,07:10 PM,10,14,15,14,19,55,76,0.0,1012,19,8,245,13,london
2012-09-18,17,9,0.0,11.6,3,16,09:50 AM,07:50 PM,06:40 AM,07:07 PM,7,11,12,11,22,47,73,0.2,1013,17,9,275,15,london
2012-09-19,16,5,0.0,11.6,3,23,11:11 AM,08:25 PM,06:42 AM,07:05 PM,5,9,11,9,21,33,71,0.1,1022,16,9,283,13,london
2012-09-20,17,7,0.0,10.3,3,30,12:27 PM,09:09 PM,06:44 AM,07:03 PM,7,11,12,11,19,52,74,0.0,1021,17,9,229,12,london
2012-09-21,18,9,0.0,7.6,3,37,01:36 PM,10:02 PM,06:45 AM,07:00 PM,8,12,13,12,12,82,77,0.4,1015,18,9,270,8,london
2012-09-22,16,5,0.0,11.6,3,43,02:35 PM,11:05 PM,06:47 AM,06:58 PM,6,9,11,9,16,30,74,0.4,1019,16,8,122,10,london
2012-09-23,11,10,0.0,6.0,3,50,03:23 PM,No moonset,06:49 AM,06:56 PM,8,8,10,8,24,90,87,28.2,1010,11,7,85,15,london
2012-09-24,14,10,0.0,8.8,3,57,04:01 PM,12:14 AM,06:50 AM,06:53 PM,11,10,12,10,28,76,93,18.1,989,14,7,162,17,london
2012-09-25,16,9,0.0,11.6,3,64,04:32 PM,01:27 AM,06:52 AM,06:51 PM,8,10,12,10,28,18,80,0.6,989,16,10,195,18,london
2012-09-26,14,8,0.0,7.4,3,70,04:58 PM,02:41 AM,06:53 AM,06:49 PM,10,10,11,10,19,78,90,4.5,992,14,6,180,12,london
2012-09-27,17,9,0.0,8.8,3,77,05:21 PM,03:54 AM,06:55 AM,06:46 PM,9,11,12,11,17,66,85,0.0,1006,17,6,263,11,london
2012-09-28,16,7,0.0,8.8,3,84,05:42 PM,05:06 AM,06:57 AM,06:44 PM,9,10,12,10,24,70,88,0.9,1013,16,8,231,15,london
2012-09-29,15,7,0.0,11.6,3,91,06:03 PM,06:16 AM,06:58 AM,06:42 PM,7,9,11,9,20,42,78,0.0,1018,15,6,276,13,london
2012-09-30,16,6,0.0,10.1,3,97,06:24 PM,07:25 AM,07:00 AM,06:39 PM,8,10,11,10,26,42,83,0.0,1019,16,10,219,17,london
2012-10-01,17,12,0.0,8.6,3,96,06:48 PM,08:32 AM,07:02 AM,06:37 PM,12,13,14,13,24,76,91,8.0,1012,17,8,208,15,london
2012-10-02,17,10,0.0,7.1,3,89,07:15 PM,09:39 AM,07:03 AM,06:35 PM,10,11,13,11,27,76,87,0.5,1010,17,8,208,17,london
2012-10-03,16,10,0.0,11.3,4,82,07:46 PM,10:42 AM,07:05 AM,06:33 PM,9,10,12,10,25,33,83,0.7,1006,16,10,223,16,london
2012-10-04,15,6,0.0,10.1,4,75,08:22 PM,11:42 AM,07:07 AM,06:30 PM,7,9,11,9,22,51,80,0.1,1008,15,8,237,14,london
2012-10-05,15,10,0.0,7.1,3,69,09:06 PM,12:37 PM,07:08 AM,06:28 PM,11,11,12,11,21,89,90,25.2,1007,15,8,212,14,london
2012-10-06,15,7,0.0,11.2,3,62,09:56 PM,01:26 PM,07:10 AM,06:26 PM,8,10,11,10,12,33,83,18.6,1012,15,9,108,8,london
2012-10-07,15,8,0.0,11.1,3,55,10:53 PM,02:08 PM,07:12 AM,06:24 PM,8,10,11,10,9,20,82,0.0,1021,15,9,219,6,london
2012-10-08,12,10,0.0,5.5,3,48,11:55 PM,02:44 PM,07:13 AM,06:21 PM,10,9,11,9,17,77,93,4.0,1015,12,7,84,11,london
2012-10-09,14,7,0.0,8.6,3,42,No moonrise,03:15 PM,07:15 AM,06:19 PM,8,9,10,9,16,71,87,0.2,1016,14,7,51,11,london
2012-10-10,14,7,0.0,10.1,3,35,01:02 AM,03:43 PM,07:17 AM,06:17 PM,7,9,10,9,15,26,83,0.0,1015,14,9,95,9,london
2012-10-11,15,8,0.0,5.5,3,28,02:13 AM,04:07 PM,07:18 AM,06:15 PM,10,10,11,10,23,77,93,0.4,1004,15,8,122,14,london
2012-10-12,13,7,0.0,10.9,3,21,03:27 AM,04:30 PM,07:20 AM,06:13 PM,7,8,11,8,27,47,82,0.5,1005,13,10,243,18,london
2012-10-13,13,6,0.0,8.5,2,14,04:42 AM,04:54 PM,07:22 AM,06:11 PM,6,7,9,7,15,62,86,1.7,1005,13,8,250,9,london
2012-10-14,12,4,0.0,10.8,2,8,06:02 AM,05:19 PM,07:24 AM,06:08 PM,4,5,7,5,18,45,82,0.0,1003,12,7,310,11,london
2012-10-15,12,4,0.0,7.0,2,1,07:23 AM,05:48 PM,07:25 AM,06:06 PM,6,6,8,6,21,52,87,1.8,1003,12,6,221,13,london
2012-10-16,14,8,0.0,10.8,3,6,08:46 AM,06:21 PM,07:27 AM,06:04 PM,7,8,11,8,32,37,81,4.2,1001,14,10,215,20,london
2012-10-17,15,9,0.0,8.5,3,13,10:07 AM,07:03 PM,07:29 AM,06:02 PM,9,10,12,10,30,61,84,7.5,999,15,9,169,19,london
2012-10-18,15,11,0.0,8.5,3,19,11:22 AM,07:55 PM,07:30 AM,06:00 PM,11,11,13,11,27,73,89,3.5,1002,15,8,175,17,london
2012-10-19,13,12,0.0,3.8,3,26,12:26 PM,08:56 PM,07:32 AM,05:58 PM,12,12,12,12,12,92,96,17.0,1007,13,7,131,8,london
2012-10-20,14,8,0.0,5.5,3,33,01:20 PM,10:05 PM,07:34 AM,05:56 PM,10,11,11,11,10,65,91,3.5,1016,14,6,189,6,london
2012-10-21,11,10,0.0,3.8,3,40,02:01 PM,11:19 PM,07:36 AM,05:54 PM,10,9,10,9,20,91,96,16.3,1018,11,6,39,13,london
2012-10-22,16,12,0.0,3.8,3,46,02:34 PM,No moonset,07:37 AM,05:52 PM,13,13,14,13,14,86,96,2.5,1020,16,5,50,9,london
2012-10-23,16,12,0.0,7.1,3,53,03:02 PM,12:32 AM,07:39 AM,05:50 PM,13,13,13,13,11,67,95,0.8,1024,16,4,59,8,london
2012-10-24,15,11,0.0,3.8,3,60,03:26 PM,01:45 AM,07:41 AM,05:48 PM,12,12,13,12,21,89,95,1.3,1020,15,5,50,13,london
2012-10-25,13,9,0.0,3.8,3,67,03:47 PM,02:56 AM,07:43 AM,05:46 PM,11,10,12,10,27,81,91,1.2,1017,13,8,56,18,london
2012-10-26,8,3,0.0,3.8,2,74,04:08 PM,04:06 AM,07:44 AM,05:44 PM,5,3,7,3,30,77,89,4.4,1013,8,6,70,20,london
2012-10-27,8,0,0.0,7.0,1,80,04:29 PM,05:14 AM,07:46 AM,05:42 PM,0,-1,4,-1,37,24,79,0.2,1015,8,10,340,24,london
2012-10-28,9,0,0.0,3.7,2,87,04:52 PM,06:21 AM,07:48 AM,05:40 PM,3,1,5,1,22,77,90,0.9,1015,9,8,250,14,london
2012-10-29,12,6,0.0,5.4,2,94,05:18 PM,07:28 AM,07:50 AM,05:38 PM,7,6,9,6,20,84,93,2.9,1009,12,7,238,13,london
2012-10-30,10,6,0.0,8.7,2,100,05:47 PM,08:31 AM,07:51 AM,05:37 PM,5,5,7,5,15,50,87,0.1,1005,10,7,273,10,london
2012-10-31,11,6,0.0,3.7,2,93,06:21 PM,09:33 AM,07:53 AM,05:35 PM,7,6,8,6,31,84,89,0.4,991,11,6,184,18,london
2012-11-01,10,4,0.0,8.7,2,86,07:02 PM,10:30 AM,07:55 AM,05:33 PM,6,5,7,5,24,60,89,16.0,979,10,9,222,16,london
2012-11-02,10,4,0.0,8.7,2,79,07:50 PM,11:21 AM,07:56 AM,05:31 PM,3,3,6,3,27,22,83,0.2,991,10,10,228,16,london
2012-11-03,9,4,0.0,8.7,2,72,08:44 PM,12:05 PM,07:58 AM,05:29 PM,3,3,6,3,22,39,82,0.0,997,9,10,217,13,london
2012-11-04,5,3,0.0,3.5,1,65,09:44 PM,12:43 PM,08:00 AM,05:28 PM,3,1,4,1,26,83,96,18.4,995,5,5,199,15,london
2012-11-05,8,3,0.0,8.7,2,59,10:48 PM,01:15 PM,08:02 AM,05:26 PM,3,2,5,2,18,39,90,0.0,1005,8,6,215,11,london
2012-11-06,8,2,0.0,5.2,2,52,11:55 PM,01:43 PM,08:03 AM,05:24 PM,4,2,5,2,23,47,90,1.1,1020,8,6,280,14,london
2012-11-07,10,4,0.0,6.9,2,45,No moonrise,02:08 PM,08:05 AM,05:23 PM,5,4,7,4,25,68,92,0.0,1024,10,8,254,15,london
2012-11-08,11,6,0.0,6.9,2,38,01:05 AM,02:31 PM,08:07 AM,05:21 PM,6,6,8,6,23,52,89,0.0,1019,11,10,247,14,london
2012-11-09,10,6,0.0,5.2,2,32,02:17 AM,02:53 PM,08:09 AM,05:19 PM,7,6,8,6,20,61,91,0.2,1010,10,9,197,12,london
2012-11-10,10,6,0.0,5.2,2,25,03:33 AM,03:17 PM,08:10 AM,05:18 PM,7,6,8,6,15,63,95,2.9,998,10,5,230,10,london
2012-11-11,9,3,0.0,8.7,2,18,04:52 AM,03:44 PM,08:12 AM,05:16 PM,4,4,6,4,15,22,91,0.0,1011,9,6,271,9,london
2012-11-12,10,4,0.0,3.4,2,11,06:13 AM,04:14 PM,08:14 AM,05:15 PM,7,5,8,5,23,69,95,3.1,1021,10,6,211,13,london
2012-11-13,14,9,0.0,3.4,3,5,07:36 AM,04:52 PM,08:15 AM,05:13 PM,10,9,11,9,22,82,95,0.2,1026,14,9,203,14,london
2012-11-14,13,7,0.0,8.7,3,2,08:56 AM,05:40 PM,08:17 AM,05:12 PM,9,9,10,9,13,70,94,0.0,1026,13,4,121,8,london
2012-11-15,13,5,0.0,8.7,2,9,10:08 AM,06:38 PM,08:19 AM,05:11 PM,6,6,7,6,8,60,91,0.0,1023,13,6,118,5,london
2012-11-16,9,4,0.0,5.1,2,16,11:09 AM,07:47 PM,08:21 AM,05:09 PM,6,6,7,6,12,68,92,0.0,1015,9,9,157,8,london
2012-11-17,11,8,0.0,5.1,3,23,11:57 AM,09:02 PM,08:22 AM,05:08 PM,8,8,10,8,21,71,93,0.2,1007,11,9,251,13,london
2012-11-18,8,4,0.0,8.7,3,29,12:35 PM,10:18 PM,08:24 AM,05:07 PM,4,5,6,5,12,18,86,0.0,1014,8,9,259,7,london
2012-11-19,10,3,0.0,5.1,2,36,01:05 PM,11:34 PM,08:26 AM,05:06 PM,5,4,7,4,32,50,89,0.2,1011,10,9,174,18,london
2012-11-20,13,10,0.0,3.3,3,43,01:31 PM,No moonset,08:27 AM,05:04 PM,10,9,11,9,39,98,94,6.4,1009,13,8,176,24,london
2012-11-21,12,5,0.0,3.3,2,50,01:53 PM,12:47 AM,08:29 AM,05:03 PM,7,5,9,5,34,64,92,5.6,1008,12,10,189,21,london
2012-11-22,11,7,0.0,6.9,3,56,02:14 PM,01:57 AM,08:31 AM,05:02 PM,8,6,9,6,43,52,89,0.1,1011,11,10,185,25,london
2012-11-23,10,6,0.0,8.7,2,63,02:35 PM,03:06 AM,08:32 AM,05:01 PM,7,6,8,6,18,37,94,4.5,1011,10,7,207,11,london
2012-11-24,8,5,0.0,3.2,2,70,02:57 PM,04:13 AM,08:34 AM,05:00 PM,6,5,7,5,24,69,97,10.6,1011,8,5,122,14,london
2012-11-25,10,5,0.0,6.8,2,77,03:21 PM,05:19 AM,08:35 AM,04:59 PM,7,5,9,5,43,55,88,6.0,1001,10,8,208,27,london
2012-11-26,10,6,0.0,6.8,2,84,03:49 PM,06:23 AM,08:37 AM,04:58 PM,7,6,8,6,19,76,93,12.4,998,10,5,224,12,london
2012-11-27,7,5,0.0,3.1,2,90,04:21 PM,07:26 AM,08:38 AM,04:57 PM,5,2,6,2,30,92,97,9.6,1003,7,8,333,18,london
2012-11-28,6,2,0.0,3.1,1,97,05:00 PM,08:24 AM,08:40 AM,04:57 PM,3,-0,4,-0,34,71,93,0.1,1012,6,10,339,21,london
2012-11-29,4,-0,0.0,8.2,1,96,05:46 PM,09:17 AM,08:41 AM,04:56 PM,0,-3,1,-3,25,46,93,0.0,1012,4,8,328,15,london
2012-11-30,4,-0,0.0,8.1,2,89,06:38 PM,10:04 AM,08:43 AM,04:55 PM,-1,-1,1,-1,13,19,88,0.0,1012,4,9,313,8,london
2012-12-01,5,-1,0.0,4.9,1,83,07:36 PM,10:44 AM,08:44 AM,04:55 PM,-0,-3,1,-3,21,38,90,0.5,1014,5,9,293,12,london
2012-12-02,4,-2,0.0,8.1,2,76,08:38 PM,11:18 AM,08:46 AM,04:54 PM,-1,-3,0,-3,21,17,87,0.0,1016,4,10,277,12,london
2012-12-03,8,2,0.0,6.8,2,69,09:44 PM,11:47 AM,08:47 AM,04:53 PM,5,2,5,2,30,71,95,6.1,1008,8,8,235,17,london
2012-12-04,6,1,0.0,6.8,1,62,10:52 PM,12:12 PM,08:48 AM,04:53 PM,1,-2,3,-2,33,28,92,0.0,1003,6,10,271,18,london
2012-12-05,3,-1,1.7,6.8,1,56,No moonrise,12:34 PM,08:49 AM,04:53 PM,-1,-3,1,-3,25,23,90,2.0,1007,3,6,315,15,london
2012-12-06,3,-2,0.0,4.9,1,49,12:01 AM,12:56 PM,08:51 AM,04:52 PM,-2,-4,0,-4,27,55,83,0.6,1014,3,9,238,15,london
2012-12-07,4,1,0.0,6.8,1,42,01:13 AM,01:19 PM,08:52 AM,04:52 PM,1,-3,2,-3,42,57,91,4.8,1001,4,9,289,24,london
2012-12-08,4,-0,0.0,6.8,1,35,02:27 AM,01:43 PM,08:53 AM,04:52 PM,1,-2,1,-2,23,46,95,0.0,1023,4,8,310,12,london
2012-12-09,8,1,0.0,4.9,2,28,03:45 AM,02:10 PM,08:54 AM,04:51 PM,4,0,5,0,37,61,94,0.1,1019,8,10,265,21,london
2012-12-10,4,0,0.0,8.0,2,22,05:04 AM,02:42 PM,08:55 AM,04:51 PM,0,-3,2,-3,33,16,90,0.0,1021,4,10,326,19,london
2012-12-11,5,-0,0.0,8.0,2,15,06:24 AM,03:24 PM,08:56 AM,04:51 PM,-1,-2,1,-2,15,8,89,0.0,1029,5,10,173,9,london
2012-12-12,4,-2,0.0,6.8,1,8,07:41 AM,04:16 PM,08:57 AM,04:51 PM,-2,-2,0,-2,13,50,85,0.0,1021,4,10,193,7,london
2012-12-13,2,-2,0.0,7.9,2,1,08:49 AM,05:20 PM,08:58 AM,04:51 PM,-2,-4,-0,-4,17,43,88,0.0,1006,2,9,101,10,london
2012-12-14,10,2,0.0,3.0,2,5,09:45 AM,06:34 PM,08:59 AM,04:51 PM,5,2,6,2,42,84,96,10.2,987,10,7,152,24,london
2012-12-15,10,6,0.0,6.7,2,12,10:29 AM,07:53 PM,09:00 AM,04:51 PM,6,3,7,3,36,40,92,0.0,991,10,10,208,19,london
2012-12-16,9,4,0.0,5.8,3,19,11:04 AM,09:12 PM,09:01 AM,04:52 PM,5,3,6,3,29,24,93,0.0,1000,9,10,213,15,london
2012-12-17,8,5,0.0,5.8,2,26,11:33 AM,10:29 PM,09:02 AM,04:52 PM,4,2,6,2,31,53,91,0.0,1001,8,10,231,16,london
2012-12-18,6,1,0.0,5.8,1,33,11:57 AM,11:43 PM,09:02 AM,04:52 PM,3,1,3,1,21,60,96,0.1,1014,6,7,280,12,london
2012-12-19,6,3,0.0,1.9,2,39,12:19 PM,No moonset,09:03 AM,04:53 PM,4,1,5,1,30,72,94,2.2,1017,6,7,124,17,london
2012-12-20,9,6,0.0,1.9,2,46,12:41 PM,12:54 AM,09:03 AM,04:53 PM,7,4,8,4,35,100,97,17.7,1003,9,8,147,22,london
2012-12-21,9,6,0.0,5.8,2,53,01:02 PM,02:03 AM,09:04 AM,04:53 PM,6,4,7,4,25,69,95,0.1,1009,9,10,249,15,london
2012-12-22,12,6,0.0,1.9,2,60,01:26 PM,03:10 AM,09:05 AM,04:54 PM,8,6,9,6,34,100,97,17.3,1006,12,6,192,20,london
2012-12-23,12,9,0.0,3.8,3,66,01:52 PM,04:14 AM,09:05 AM,04:55 PM,10,8,11,8,35,78,93,1.8,1003,12,9,229,22,london
2012-12-24,12,7,0.0,1.9,2,73,02:23 PM,05:18 AM,09:05 AM,04:55 PM,8,6,9,6,34,90,94,7.5,1000,12,8,190,22,london
2012-12-25,10,7,0.0,3.8,2,80,02:59 PM,06:17 AM,09:06 AM,04:56 PM,7,4,8,4,34,75,92,2.1,995,10,10,219,21,london
2012-12-26,9,4,0.0,1.9,2,87,03:42 PM,07:12 AM,09:06 AM,04:57 PM,6,3,7,3,37,63,95,5.0,1004,9,10,228,21,london
2012-12-27,8,4,0.0,1.9,2,93,04:32 PM,08:01 AM,09:06 AM,04:58 PM,5,1,6,1,38,57,94,3.9,1005,8,9,252,23,london
2012-12-28,11,3,0.0,1.9,2,100,05:29 PM,08:44 AM,09:06 AM,04:58 PM,8,5,8,5,35,89,96,1.3,1017,11,7,201,21,london
2012-12-29,10,6,0.0,1.9,2,93,06:30 PM,09:20 AM,09:06 AM,04:59 PM,8,5,9,5,47,83,92,2.4,1004,10,9,198,30,london
2012-12-30,8,4,0.0,3.9,2,86,07:36 PM,09:51 AM,09:06 AM,05:00 PM,4,2,6,2,43,39,86,0.1,1009,8,10,223,25,london
2012-12-31,11,9,0.0,2.0,2,79,08:43 PM,10:17 AM,09:06 AM,05:01 PM,9,6,10,6,44,97,95,4.8,1004,11,7,212,28,london
2013-01-01,6,3,0.0,5.8,2,73,09:52 PM,10:41 AM,09:06 AM,05:02 PM,4,1,5,1,30,29,91,0.3,1007,6,10,270,18,london
2013-01-02,8,3,0.0,2.0,2,66,11:01 PM,11:03 AM,09:06 AM,05:03 PM,4,1,5,1,29,62,96,1.2,1022,8,10,256,16,london
2013-01-03,12,8,0.0,3.9,3,59,No moonrise,11:25 AM,09:06 AM,05:05 PM,9,7,9,7,30,61,95,0.0,1032,12,10,263,17,london
2013-01-04,10,6,0.0,5.8,2,52,12:13 AM,11:47 AM,09:06 AM,05:06 PM,7,6,8,6,24,56,94,0.0,1037,10,8,263,14,london
2013-01-05,10,5,0.0,3.9,2,46,01:27 AM,12:12 PM,09:05 AM,05:07 PM,7,6,8,6,18,80,96,0.1,1035,10,4,251,10,london
2013-01-06,9,5,0.0,5.8,2,39,02:42 AM,12:40 PM,09:05 AM,05:08 PM,6,5,7,5,16,46,94,0.1,1032,9,6,244,9,london
2013-01-07,9,6,0.0,3.9,2,32,04:00 AM,01:16 PM,09:05 AM,05:10 PM,6,5,7,5,19,86,94,0.1,1027,9,7,202,12,london
2013-01-08,10,6,0.0,5.8,2,25,05:16 AM,02:01 PM,09:04 AM,05:11 PM,7,5,8,5,24,71,95,0.3,1024,10,9,215,14,london
2013-01-09,8,3,0.0,5.8,2,18,06:26 AM,02:57 PM,09:04 AM,05:12 PM,6,5,7,5,15,53,94,3.7,1021,8,8,108,10,london
2013-01-10,5,1,0.0,5.8,1,12,07:28 AM,04:05 PM,09:03 AM,05:14 PM,0,0,2,0,11,41,87,0.0,1016,5,9,312,7,london
2013-01-11,4,-0,0.0,5.8,2,5,08:18 AM,05:21 PM,09:02 AM,05:15 PM,-0,-1,2,-1,12,29,88,0.0,1017,4,10,259,6,london
2013-01-12,3,1,0.0,2.0,1,2,08:59 AM,06:41 PM,09:02 AM,05:17 PM,1,-2,2,-2,31,86,89,3.2,1013,3,6,92,18,london
2013-01-13,3,-1,0.2,3.9,1,9,09:32 AM,08:01 PM,09:01 AM,05:18 PM,-2,-4,0,-4,24,66,86,0.2,1019,3,10,65,14,london
2013-01-14,2,-1,0.3,3.1,1,15,09:59 AM,09:19 PM,09:00 AM,05:20 PM,-1,-3,0,-3,20,83,91,4.3,1012,2,9,249,12,london
2013-01-15,1,-4,0.0,5.1,1,22,10:22 AM,10:34 PM,08:59 AM,05:21 PM,-2,-6,-1,-6,26,74,96,0.8,1008,1,5,329,15,london
2013-01-16,1,-4,0.0,8.7,1,29,10:45 AM,11:46 PM,08:58 AM,05:23 PM,-4,-6,-3,-6,12,31,94,0.0,1013,1,6,39,6,london
2013-01-17,0,-6,0.0,8.7,1,36,11:07 AM,No moonset,08:58 AM,05:24 PM,-4,-5,-3,-5,13,33,88,0.0,1017,0,8,92,7,london
2013-01-18,-2,-3,5.6,3.3,1,42,11:31 AM,12:55 AM,08:57 AM,05:26 PM,-3,-7,-2,-7,30,92,92,6.6,1005,-2,3,118,20,london
2013-01-19,1,-2,2.0,3.3,1,49,11:56 AM,02:02 AM,08:56 AM,05:28 PM,-1,-5,-1,-5,25,94,96,2.3,997,1,5,53,17,london
2013-01-20,-0,-3,5.6,3.3,1,56,12:25 PM,03:06 AM,08:54 AM,05:29 PM,-2,-7,-2,-7,22,98,96,6.6,995,-0,5,98,15,london
2013-01-21,-0,-4,0.2,6.9,1,63,12:59 PM,04:07 AM,08:53 AM,05:31 PM,-3,-4,-3,-4,7,64,96,0.2,994,-0,4,232,4,london
2013-01-22,2,-3,1.4,3.3,1,70,01:40 PM,05:05 AM,08:52 AM,05:33 PM,-1,-4,-0,-4,25,60,95,1.7,1001,2,7,95,14,london
2013-01-23,1,-1,3.5,3.3,1,76,02:26 PM,05:56 AM,08:51 AM,05:34 PM,-0,-4,1,-4,26,93,95,4.1,1007,1,5,73,16,london
2013-01-24,1,-3,0.5,8.7,1,83,03:21 PM,06:41 AM,08:50 AM,05:36 PM,-1,-4,-1,-4,18,56,95,0.7,1016,1,6,45,11,london
2013-01-25,1,-4,0.0,6.9,1,90,04:20 PM,07:20 AM,08:48 AM,05:38 PM,-2,-5,-1,-5,22,54,94,0.1,1015,1,7,161,13,london
2013-01-26,3,1,0.0,8.7,1,97,05:25 PM,07:53 AM,08:47 AM,05:40 PM,2,-2,2,-2,35,56,98,4.3,1006,3,9,215,19,london
2013-01-27,8,4,0.0,8.7,2,97,06:32 PM,08:22 AM,08:46 AM,05:41 PM,4,2,6,2,48,48,88,2.0,998,8,8,217,28,london
2013-01-28,8,1,0.0,6.9,2,90,07:41 PM,08:47 AM,08:44 AM,05:43 PM,4,1,5,1,43,51,89,0.6,1006,8,9,218,25,london
2013-01-29,13,8,0.0,3.4,3,83,08:52 PM,09:10 AM,08:43 AM,05:45 PM,10,7,10,7,44,84,95,1.5,1003,13,6,219,27,london
2013-01-30,10,5,0.0,8.7,2,76,10:03 PM,09:32 AM,08:41 AM,05:47 PM,7,5,9,5,47,44,85,8.8,1006,10,9,241,29,london
2013-01-31,10,5,0.0,8.7,2,69,11:16 PM,09:54 AM,08:40 AM,05:49 PM,5,3,7,3,46,32,86,0.8,1013,10,10,237,27,london
2013-02-01,6,2,0.0,3.4,1,63,No moonrise,10:18 AM,08:38 AM,05:50 PM,4,1,4,1,23,79,97,8.9,1003,6,7,275,14,london
2013-02-02,4,-0,0.0,6.9,1,56,12:30 AM,10:45 AM,08:37 AM,05:52 PM,-0,-3,2,-3,34,38,87,0.0,1014,4,10,328,20,london
2013-02-03,8,-0,0.0,3.4,1,49,01:46 AM,11:18 AM,08:35 AM,05:54 PM,2,-0,4,-0,32,66,89,0.3,1019,8,9,251,19,london
2013-02-04,9,4,0.0,8.7,2,42,03:00 AM,11:57 AM,08:34 AM,05:56 PM,5,3,7,3,41,36,85,0.1,1013,9,10,259,24,london
2013-02-05,5,1,0.0,8.7,1,36,04:10 AM,12:46 PM,08:32 AM,05:58 PM,-1,-2,3,-2,41,59,77,0.8,1000,5,9,249,26,london
2013-02-06,5,1,0.1,3.5,1,29,05:14 AM,01:47 PM,08:30 AM,05:59 PM,1,-2,3,-2,39,71,85,0.7,1005,5,9,325,25,london
2013-02-07,5,-1,0.2,8.2,1,22,06:07 AM,02:56 PM,08:29 AM,06:01 PM,-2,-3,2,-3,25,43,78,0.2,1017,5,9,308,16,london
2013-02-08,5,-1,0.0,9.8,1,15,06:52 AM,04:13 PM,08:27 AM,06:03 PM,-2,-3,1,-3,24,62,80,0.0,1019,5,10,327,14,london
2013-02-09,4,-0,0.0,8.3,1,9,07:28 AM,05:32 PM,08:25 AM,06:05 PM,-0,-1,2,-1,14,63,89,0.2,1019,4,7,252,9,london
2013-02-10,4,1,2.3,4.9,1,2,07:57 AM,06:51 PM,08:23 AM,06:06 PM,2,-2,2,-2,30,100,98,10.9,1001,4,6,139,19,london
2013-02-11,3,0,5.2,4.9,1,5,08:23 AM,08:08 PM,08:21 AM,06:08 PM,1,-3,1,-3,23,97,95,7.0,999,3,4,51,16,london
2013-02-12,2,-2,0.3,5.0,1,12,08:47 AM,09:23 PM,08:20 AM,06:10 PM,-1,-3,0,-3,18,85,92,0.3,1015,2,9,39,12,london
2013-02-13,1,-3,0.0,6.6,1,19,09:10 AM,10:34 PM,08:18 AM,06:12 PM,-1,-4,-0,-4,23,73,91,0.2,1021,1,9,133,14,london
2013-02-14,9,2,0.0,8.3,2,25,09:34 AM,11:44 PM,08:16 AM,06:14 PM,4,1,5,1,34,68,96,3.3,1012,9,9,243,19,london
2013-02-15,9,1,0.0,10.0,2,32,09:58 AM,No moonset,08:14 AM,06:16 PM,3,2,5,2,20,34,87,0.1,1019,9,10,295,11,london
2013-02-16,9,4,0.0,6.7,2,39,10:26 AM,12:51 AM,08:12 AM,06:17 PM,3,5,6,5,11,68,80,0.0,1023,9,10,207,6,london
2013-02-17,8,2,0.0,10.1,2,46,10:59 AM,01:54 AM,08:10 AM,06:19 PM,2,1,4,1,20,23,87,0.0,1022,8,9,126,12,london
2013-02-18,8,1,0.0,10.1,1,52,11:37 AM,02:53 AM,08:08 AM,06:21 PM,1,0,3,0,21,15,86,0.0,1020,8,9,110,13,london
2013-02-19,10,0,0.0,10.2,3,59,12:21 PM,03:47 AM,08:06 AM,06:23 PM,1,3,4,3,9,20,81,0.0,1019,10,10,171,5,london
2013-02-20,4,-1,0.0,8.4,1,66,01:12 PM,04:35 AM,08:04 AM,06:25 PM,-0,-2,2,-2,27,45,87,0.3,1023,4,7,75,17,london
2013-02-21,3,-2,0.0,10.0,2,73,02:09 PM,05:17 AM,08:02 AM,06:26 PM,-5,-5,0,-5,27,26,72,0.0,1024,3,10,73,18,london
2013-02-22,3,-2,0.3,8.4,1,80,03:11 PM,05:52 AM,08:00 AM,06:28 PM,-5,-6,-0,-6,27,47,70,0.3,1021,3,10,36,18,london
2013-02-23,2,-2,0.2,5.4,1,86,04:17 PM,06:22 AM,07:58 AM,06:30 PM,-5,-5,-0,-5,24,83,73,0.2,1021,2,10,109,15,london
2013-02-24,3,-3,0.2,6.9,1,93,05:26 PM,06:49 AM,07:56 AM,06:32 PM,-4,-5,-0,-5,29,64,77,0.2,1023,3,9,177,18,london
2013-02-25,5,-2,0.2,5.4,1,100,06:37 PM,07:14 AM,07:54 AM,06:34 PM,-0,-3,2,-3,29,86,86,0.4,1026,5,8,182,19,london
2013-02-26,6,2,0.0,5.4,1,93,07:50 PM,07:37 AM,07:52 AM,06:35 PM,2,-1,3,-1,26,86,92,1.8,1031,6,4,30,17,london
2013-02-27,7,2,0.0,10.1,1,87,09:04 PM,08:00 AM,07:50 AM,06:37 PM,1,-0,4,-0,24,62,86,0.4,1034,7,9,28,17,london
2013-02-28,8,1,0.0,8.5,1,80,10:19 PM,08:24 AM,07:48 AM,06:39 PM,1,-0,4,-0,25,60,87,1.8,1030,8,10,36,16,london
2013-03-01,8,1,0.0,5.5,2,73,11:35 PM,08:51 AM,07:46 AM,06:41 PM,1,1,4,1,21,73,85,0.6,1029,8,8,32,14,london
2013-03-02,7,-0,0.0,11.0,1,66,No moonrise,09:22 AM,07:44 AM,06:43 PM,0,1,3,1,12,24,82,0.0,1027,7,7,22,7,london
2013-03-03,7,1,0.0,10.1,1,60,12:49 AM,09:59 AM,07:41 AM,06:44 PM,2,2,4,2,14,35,85,0.0,1024,7,10,94,9,london
2013-03-04,9,-0,0.0,11.1,2,53,02:01 AM,10:44 AM,07:39 AM,06:46 PM,1,0,4,0,24,34,86,0.0,1015,9,9,95,14,london
2013-03-05,15,3,0.0,11.1,2,46,03:06 AM,11:40 AM,07:37 AM,06:48 PM,5,6,8,6,16,25,86,0.0,1005,15,8,139,9,london
2013-03-06,15,6,0.0,10.1,3,39,04:01 AM,12:45 PM,07:35 AM,06:50 PM,7,8,10,8,18,60,83,0.8,1001,15,10,98,11,london
2013-03-07,9,7,0.0,5.6,2,32,04:47 AM,01:56 PM,07:33 AM,06:51 PM,7,6,8,6,17,99,93,11.1,997,9,8,85,11,london
2013-03-08,10,7,0.0,5.6,2,26,05:25 AM,03:12 PM,07:30 AM,06:53 PM,8,7,9,7,13,98,96,13.9,997,10,5,101,8,london
2013-03-09,9,3,0.0,7.1,2,19,05:57 AM,04:29 PM,07:28 AM,06:55 PM,5,5,6,5,13,78,92,4.1,1002,9,7,252,9,london
2013-03-10,4,-1,0.5,5.7,1,12,06:24 AM,05:45 PM,07:26 AM,06:57 PM,-0,-2,2,-2,27,87,87,0.8,1006,4,7,75,19,london
2013-03-11,1,-2,0.2,5.7,1,5,06:48 AM,07:00 PM,07:24 AM,06:58 PM,-5,-7,-1,-7,41,86,71,1.4,1008,1,3,42,29,london
2013-03-12,4,-2,0.0,8.7,1,1,07:12 AM,08:13 PM,07:21 AM,07:00 PM,-7,-6,0,-6,37,60,63,0.0,1009,4,10,66,26,london
2013-03-13,5,-2,0.0,8.8,1,8,07:35 AM,09:24 PM,07:19 AM,07:02 PM,-2,-4,1,-4,25,55,83,0.4,1010,5,10,338,15,london
2013-03-14,7,-3,0.0,11.6,1,15,08:00 AM,10:32 PM,07:17 AM,07:04 PM,-4,-3,1,-3,16,32,74,0.0,1015,7,7,310,10,london
2013-03-15,8,-0,0.0,6.0,2,22,08:27 AM,11:38 PM,07:15 AM,07:05 PM,2,-0,4,-0,34,89,87,2.0,1008,8,6,206,21,london
2013-03-16,5,4,0.0,6.0,1,29,08:58 AM,No moonset,07:12 AM,07:07 PM,4,0,5,0,40,93,97,10.2,996,5,7,170,24,london
2013-03-17,6,1,0.0,6.0,1,35,09:34 AM,12:39 AM,07:10 AM,07:09 PM,3,-0,3,-0,24,82,96,5.9,991,6,7,208,15,london
2013-03-18,8,0,0.0,6.0,2,42,10:16 AM,01:36 AM,07:08 AM,07:10 PM,2,2,4,2,10,68,91,1.8,991,8,5,125,6,london
2013-03-19,8,0,0.0,7.4,2,49,11:04 AM,02:26 AM,07:05 AM,07:12 PM,2,2,4,2,12,76,86,1.8,997,8,5,84,7,london
2013-03-20,7,1,0.0,7.4,1,56,11:58 AM,03:11 AM,07:03 AM,07:14 PM,2,1,4,1,14,79,87,1.1,1006,7,5,32,10,london
2013-03-21,7,-1,0.0,7.5,1,62,12:57 PM,03:48 AM,07:01 AM,07:16 PM,-0,-1,3,-1,23,65,80,0.2,1016,7,9,99,16,london
2013-03-22,6,1,0.0,7.6,1,69,02:01 PM,04:21 AM,06:58 AM,07:17 PM,1,-2,3,-2,39,84,88,9.1,1010,6,8,87,26,london
2013-03-23,2,1,8.3,6.3,1,76,03:08 PM,04:49 AM,06:56 AM,07:19 PM,1,-4,2,-4,32,100,97,11.3,1010,2,5,67,21,london
2013-03-24,1,-1,2.2,6.3,1,83,04:17 PM,05:15 AM,06:54 AM,07:21 PM,-1,-5,0,-5,29,89,89,2.8,1013,1,3,52,20,london
2013-03-25,3,-1,0.1,9.0,1,89,05:30 PM,05:39 AM,06:51 AM,07:22 PM,-4,-5,1,-5,31,73,72,0.4,1014,3,7,46,21,london
2013-03-26,3,-1,0.6,9.0,1,96,06:43 PM,06:02 AM,06:49 AM,07:24 PM,-4,-4,0,-4,27,69,72,0.7,1013,3,9,44,19,london
2013-03-27,4,-3,0.4,9.0,1,97,08:00 PM,06:26 AM,06:47 AM,07:26 PM,-4,-3,1,-3,23,67,72,0.6,1012,4,8,43,15,london
2013-03-28,5,-3,0.2,7.7,1,90,09:17 PM,06:52 AM,06:45 AM,07:28 PM,-4,-3,1,-3,22,56,73,0.7,1012,5,9,31,14,london
2013-03-29,6,-3,0.0,9.0,1,83,10:35 PM,07:23 AM,06:42 AM,07:29 PM,-3,-3,1,-3,20,35,75,0.3,1011,6,9,44,13,london
2013-03-30,6,-3,0.3,7.7,1,77,11:50 PM,07:59 AM,06:40 AM,07:31 PM,-3,-3,1,-3,21,58,80,0.8,1011,6,7,31,14,london
2013-03-31,6,-3,0.1,7.8,1,70,No moonrise,08:43 AM,06:38 AM,07:33 PM,-3,-3,1,-3,18,40,76,0.2,1014,6,5,59,12,london
2013-04-01,5,-2,0.8,9.0,1,63,12:58 AM,09:37 AM,06:35 AM,07:34 PM,-2,-3,1,-3,29,53,78,1.4,1011,5,7,61,19,london
2013-04-02,7,-2,0.0,11.6,2,56,01:57 AM,10:39 AM,06:33 AM,07:36 PM,-3,-2,2,-2,30,4,70,0.0,1015,7,10,45,20,london
2013-04-03,5,-2,0.2,7.8,1,50,02:46 AM,11:48 AM,06:31 AM,07:38 PM,-3,-3,2,-3,32,51,73,0.4,1018,5,8,33,22,london
2013-04-04,4,-2,1.2,6.6,1,43,03:26 AM,01:02 PM,06:29 AM,07:39 PM,-2,-4,1,-4,33,76,78,2.9,1014,4,5,28,21,london
2013-04-05,7,-1,0.3,6.6,1,36,03:59 AM,02:16 PM,06:26 AM,07:41 PM,-2,-2,3,-2,33,78,75,1.1,1015,7,7,20,22,london
2013-04-06,10,-1,0.0,11.6,3,29,04:26 AM,03:31 PM,06:24 AM,07:43 PM,-1,1,4,1,19,29,76,0.0,1023,10,10,82,12,london
2013-04-07,10,-1,0.0,11.6,3,22,04:51 AM,04:44 PM,06:22 AM,07:44 PM,-1,2,5,2,14,24,72,0.0,1020,10,10,156,9,london
2013-04-08,10,2,0.0,10.4,2,16,05:15 AM,05:56 PM,06:20 AM,07:46 PM,0,2,5,2,25,67,72,0.1,1006,10,10,80,17,london
2013-04-09,8,1,0.0,6.7,2,9,05:38 AM,07:07 PM,06:17 AM,07:48 PM,4,1,5,1,22,89,93,4.8,998,8,6,72,14,london
2013-04-10,11,2,0.0,9.1,2,2,06:02 AM,08:16 PM,06:15 AM,07:49 PM,3,3,5,3,16,78,87,2.7,1004,11,5,186,11,london
2013-04-11,11,5,0.0,7.9,2,5,06:28 AM,09:23 PM,06:13 AM,07:51 PM,6,5,7,5,19,75,92,10.0,997,11,8,103,12,london
2013-04-12,11,5,0.0,6.7,2,11,06:58 AM,10:26 PM,06:11 AM,07:53 PM,7,5,8,5,24,78,93,2.3,998,11,9,215,15,london
2013-04-13,13,3,0.0,7.9,2,18,07:32 AM,11:25 PM,06:09 AM,07:54 PM,6,5,8,5,27,75,90,5.9,1011,13,7,195,17,london
2013-04-14,19,9,0.0,11.6,4,25,08:11 AM,No moonset,06:07 AM,07:56 PM,10,12,13,12,34,51,82,0.1,1013,19,10,196,23,london
2013-04-15,15,8,0.0,9.2,3,32,08:57 AM,12:18 AM,06:05 AM,07:57 PM,8,9,11,9,27,50,84,0.1,1017,15,10,210,18,london
2013-04-16,15,8,0.0,9.2,3,38,09:49 AM,01:05 AM,06:02 AM,07:59 PM,7,9,11,9,31,50,80,0.1,1016,15,10,207,21,london
2013-04-17,18,7,0.0,12.2,3,45,10:45 AM,01:45 AM,06:00 AM,08:01 PM,9,11,12,11,30,59,82,0.2,1014,18,9,192,20,london
2013-04-18,13,6,0.0,14.4,3,52,11:47 AM,02:19 AM,05:58 AM,08:02 PM,5,6,9,6,38,28,76,0.8,1013,13,10,230,26,london
2013-04-19,12,4,0.0,12.3,2,59,12:51 PM,02:48 AM,05:56 AM,08:04 PM,4,5,8,5,23,44,81,2.4,1025,12,9,186,15,london
2013-04-20,14,4,0.0,14.5,4,66,01:58 PM,03:15 AM,05:54 AM,08:06 PM,3,7,9,7,11,0,73,0.2,1032,14,9,77,8,london
2013-04-21,14,2,0.0,13.4,3,72,03:08 PM,03:39 AM,05:52 AM,08:07 PM,3,8,9,8,12,23,73,0.1,1022,14,10,209,7,london
2013-04-22,15,4,0.0,10.2,3,79,04:19 PM,04:02 AM,05:50 AM,08:09 PM,5,7,9,7,20,86,81,0.2,1016,15,6,226,13,london
2013-04-23,19,9,0.0,14.5,5,86,05:34 PM,04:25 AM,05:48 AM,08:11 PM,10,12,13,12,17,38,80,0.2,1019,19,10,260,12,london
2013-04-24,20,9,0.0,11.3,4,93,06:51 PM,04:51 AM,05:46 AM,08:12 PM,11,13,14,13,15,60,82,0.0,1024,20,7,254,11,london
2013-04-25,21,11,0.0,12.4,4,99,08:10 PM,05:20 AM,05:44 AM,08:14 PM,12,15,15,15,17,59,82,0.3,1021,21,8,234,12,london
2013-04-26,12,6,0.0,13.4,2,94,09:29 PM,05:54 AM,05:42 AM,08:16 PM,5,6,8,6,19,49,80,3.2,1015,12,9,331,14,london
2013-04-27,10,1,0.0,10.3,2,87,10:43 PM,06:35 AM,05:40 AM,08:17 PM,2,3,6,3,19,57,80,1.0,1015,10,8,222,13,london
2013-04-28,12,-1,0.0,13.5,2,80,11:48 PM,07:27 AM,05:38 AM,08:19 PM,1,4,7,4,18,38,73,0.2,1017,12,8,222,12,london
2013-04-29,13,5,0.0,12.4,3,73,No moonrise,08:28 AM,05:36 AM,08:20 PM,4,7,9,7,21,49,76,0.6,1017,13,9,272,14,london
2013-04-30,14,4,0.0,14.5,4,67,12:42 AM,09:38 AM,05:34 AM,08:22 PM,3,7,9,7,18,19,73,0.0,1024,14,8,117,12,london
2013-05-01,15,1,0.0,14.5,4,60,01:26 AM,10:52 AM,05:32 AM,08:24 PM,3,7,9,7,16,30,74,0.0,1024,15,8,37,10,london
2013-05-02,16,4,0.0,14.5,4,53,02:01 AM,12:07 PM,05:31 AM,08:25 PM,2,8,10,8,16,6,63,0.0,1023,16,10,52,11,london
2013-05-03,19,2,0.0,14.5,5,46,02:31 AM,01:22 PM,05:29 AM,08:27 PM,6,11,12,11,13,11,70,0.0,1020,19,10,245,9,london
2013-05-04,14,6,0.0,10.4,3,40,02:56 AM,02:35 PM,05:27 AM,08:29 PM,7,8,10,8,26,45,80,1.6,1018,14,10,243,17,london
2013-05-05,18,4,0.0,12.5,3,33,03:20 AM,03:46 PM,05:25 AM,08:30 PM,8,11,12,11,10,67,79,0.1,1022,18,8,245,6,london
2013-05-06,19,11,0.0,10.4,4,26,03:43 AM,04:56 PM,05:23 AM,08:32 PM,10,15,15,15,9,71,77,0.7,1020,19,10,153,6,london
2013-05-07,21,8,0.0,14.5,5,19,04:06 AM,06:05 PM,05:22 AM,08:33 PM,9,15,15,15,12,11,72,0.0,1017,21,10,128,8,london
2013-05-08,15,9,0.0,9.5,3,13,04:31 AM,07:12 PM,05:20 AM,08:35 PM,9,10,12,10,24,67,84,1.3,1008,15,9,188,16,london
2013-05-09,14,5,0.0,13.5,3,6,04:59 AM,08:16 PM,05:18 AM,08:37 PM,5,7,10,7,34,44,76,1.1,1009,14,8,211,25,london
2013-05-10,14,9,0.0,10.5,3,1,05:31 AM,09:16 PM,05:16 AM,08:38 PM,8,9,11,9,30,73,83,1.6,1010,14,9,229,21,london
2013-05-11,14,6,0.0,11.5,3,8,06:08 AM,10:11 PM,05:15 AM,08:40 PM,8,7,10,7,26,63,88,6.3,1011,14,9,238,17,london
2013-05-12,14,3,0.0,12.5,3,15,06:52 AM,11:01 PM,05:13 AM,08:41 PM,6,6,9,6,26,64,85,0.8,1015,14,8,249,17,london
2013-05-13,13,7,0.0,12.5,3,21,07:41 AM,11:43 PM,05:12 AM,08:43 PM,7,8,10,8,29,61,78,1.0,1012,13,10,245,20,london
2013-05-14,12,4,0.0,10.6,2,28,08:36 AM,No moonset,05:10 AM,08:44 PM,6,5,8,5,24,79,88,9.2,1003,12,9,195,16,london
2013-05-15,12,6,0.0,12.5,2,35,09:36 AM,12:19 AM,05:09 AM,08:46 PM,5,6,9,6,27,54,81,7.8,994,12,10,211,19,london
2013-05-16,15,1,0.0,14.5,3,42,10:38 AM,12:50 AM,05:07 AM,08:47 PM,6,9,9,9,10,28,79,3.6,1000,15,6,155,6,london
2013-05-17,12,4,0.0,10.6,3,48,11:43 AM,01:17 AM,05:06 AM,08:49 PM,6,7,9,7,14,72,84,1.4,1006,12,7,79,10,london
2013-05-18,15,5,0.0,13.5,3,55,12:50 PM,01:41 AM,05:04 AM,08:50 PM,6,9,10,9,13,46,78,0.1,1008,15,8,246,8,london
2013-05-19,18,7,0.0,13.5,4,62,01:59 PM,02:04 AM,05:03 AM,08:52 PM,9,12,13,12,14,31,76,0.0,1011,18,8,120,9,london
2013-05-20,17,9,0.0,9.7,3,69,03:10 PM,02:26 AM,05:02 AM,08:53 PM,12,12,13,12,20,88,90,2.5,1012,17,7,333,14,london
2013-05-21,15,9,0.0,10.7,3,76,04:24 PM,02:50 AM,05:00 AM,08:55 PM,10,12,13,12,19,77,85,0.9,1016,15,8,180,14,london
2013-05-22,14,8,0.0,10.0,3,82,05:42 PM,03:17 AM,04:59 AM,08:56 PM,7,10,11,10,17,77,79,0.7,1018,14,7,274,12,london
2013-05-23,11,4,0.0,11.8,2,89,07:01 PM,03:47 AM,04:58 AM,08:57 PM,2,4,7,4,24,52,71,1.4,1013,11,10,313,17,london
2013-05-24,8,3,0.0,10.0,2,96,08:18 PM,04:25 AM,04:57 AM,08:59 PM,4,1,5,1,27,84,94,11.9,1010,8,6,182,17,london
2013-05-25,15,3,0.0,15.7,3,97,09:30 PM,05:12 AM,04:55 AM,09:00 PM,5,7,9,7,18,52,78,0.5,1020,15,10,264,13,london
2013-05-26,19,5,0.0,16.5,4,91,10:31 PM,06:09 AM,04:54 AM,09:01 PM,6,11,12,11,18,33,67,0.0,1018,19,9,301,12,london
2013-05-27,16,7,0.0,16.5,4,84,11:21 PM,07:18 AM,04:53 AM,09:03 PM,6,10,12,10,21,7,70,0.0,1009,16,8,207,15,london
2013-05-28,13,9,0.0,12.4,3,77,No moonrise,08:33 AM,04:52 AM,09:04 PM,10,9,10,9,13,93,96,29.9,1001,13,7,131,9,london
2013-05-29,12,7,0.0,12.4,3,70,12:01 AM,09:51 AM,04:51 AM,09:05 PM,9,9,10,9,13,94,92,3.0,1004,12,4,295,9,london
2013-05-30,13,8,0.0,12.4,3,64,12:33 AM,11:09 AM,04:50 AM,09:06 PM,10,9,11,9,20,96,96,5.4,1011,13,5,258,13,london
2013-05-31,21,10,0.0,16.6,4,57,01:01 AM,12:24 PM,04:50 AM,09:07 PM,12,14,15,14,17,53,85,0.5,1018,21,7,343,12,london
2013-06-01,17,8,0.0,15.8,3,50,01:26 AM,01:37 PM,04:49 AM,09:09 PM,8,12,13,12,18,35,74,0.2,1023,17,10,294,13,london
2013-06-02,17,7,0.0,16.6,4,43,01:49 AM,02:48 PM,04:48 AM,09:10 PM,7,12,13,12,17,32,73,0.1,1028,17,9,267,11,london
2013-06-03,18,6,0.0,16.6,4,36,02:11 AM,03:56 PM,04:47 AM,09:11 PM,7,11,12,11,16,13,73,0.0,1031,18,9,52,11,london
2013-06-04,18,5,0.0,16.7,4,30,02:35 AM,05:03 PM,04:47 AM,09:12 PM,6,10,12,10,21,17,74,0.0,1027,18,8,36,15,london
2013-06-05,20,7,0.0,16.6,4,23,03:02 AM,06:08 PM,04:46 AM,09:13 PM,9,12,13,12,16,35,79,0.0,1022,20,7,44,11,london
2013-06-06,20,7,0.0,16.6,4,16,03:33 AM,07:10 PM,04:45 AM,09:14 PM,9,13,13,13,18,37,77,0.0,1021,20,8,45,13,london
2013-06-07,21,8,0.0,16.7,4,9,04:08 AM,08:06 PM,04:45 AM,09:14 PM,9,13,14,13,23,20,73,1.0,1023,21,10,45,16,london
2013-06-08,18,6,0.0,16.6,4,3,04:49 AM,08:57 PM,04:44 AM,09:15 PM,7,10,12,10,23,26,76,0.0,1021,18,10,36,17,london
2013-06-09,15,8,0.0,13.4,3,4,05:36 AM,09:42 PM,04:44 AM,09:16 PM,8,9,11,9,19,68,80,0.4,1016,15,8,37,14,london
2013-06-10,14,9,0.0,13.4,3,11,06:29 AM,10:20 PM,04:44 AM,09:17 PM,7,11,11,11,7,78,76,0.7,1016,14,9,85,5,london
2013-06-11,16,5,0.0,12.6,3,18,07:27 AM,10:53 PM,04:43 AM,09:17 PM,11,12,12,12,20,78,90,1.2,1014,16,5,159,14,london
2013-06-12,18,13,0.0,12.6,4,25,08:28 AM,11:21 PM,04:43 AM,09:18 PM,13,14,15,14,29,95,91,1.1,1011,18,8,197,20,london
2013-06-13,17,12,0.0,13.4,3,31,09:33 AM,11:46 PM,04:43 AM,09:19 PM,11,13,14,13,31,80,84,2.1,1011,17,9,228,21,london
2013-06-14,18,7,0.0,15.8,4,38,10:38 AM,No moonset,04:43 AM,09:19 PM,8,13,13,13,22,51,74,0.0,1016,18,9,202,15,london
2013-06-15,17,11,0.0,15.8,3,45,11:45 AM,12:09 AM,04:42 AM,09:20 PM,10,12,13,12,30,60,79,5.7,1009,17,9,218,20,london
2013-06-16,17,10,0.0,16.6,4,52,12:53 PM,12:30 AM,04:42 AM,09:20 PM,9,13,14,13,16,51,75,0.9,1014,17,8,200,11,london
2013-06-17,19,10,0.0,16.8,5,58,02:04 PM,12:53 AM,04:42 AM,09:21 PM,10,14,15,14,22,34,75,0.4,1014,19,9,71,15,london
2013-06-18,22,11,0.0,14.2,4,65,03:18 PM,01:17 AM,04:42 AM,09:21 PM,15,16,18,16,13,65,89,4.8,1014,22,9,131,9,london
2013-06-19,27,14,0.0,16.6,5,72,04:34 PM,01:45 AM,04:42 AM,09:21 PM,17,20,20,20,9,54,83,0.2,1015,27,7,218,6,london
2013-06-20,20,14,0.0,12.6,4,79,05:51 PM,02:17 AM,04:43 AM,09:22 PM,16,16,17,16,12,92,94,4.8,1012,20,8,130,9,london
2013-06-21,21,12,0.0,13.4,4,85,07:05 PM,02:58 AM,04:43 AM,09:22 PM,14,16,16,16,17,68,87,6.6,1010,21,7,232,11,london
2013-06-22,16,11,0.0,12.6,3,92,08:12 PM,03:50 AM,04:43 AM,09:22 PM,11,11,13,11,31,81,90,1.3,1007,16,8,208,21,london
2013-06-23,16,12,0.0,13.4,3,99,09:09 PM,04:53 AM,04:43 AM,09:22 PM,11,12,14,12,30,82,85,1.9,1009,16,10,252,20,london
2013-06-24,17,8,0.0,15.0,3,94,09:55 PM,06:06 AM,04:44 AM,09:22 PM,8,11,12,11,19,58,78,1.1,1022,17,10,295,14,london
2013-06-25,19,8,0.0,16.8,5,87,10:32 PM,07:26 AM,04:44 AM,09:22 PM,8,13,14,13,13,25,70,0.1,1029,19,9,291,9,london
2013-06-26,20,9,0.0,15.0,4,81,11:03 PM,08:46 AM,04:44 AM,09:22 PM,10,15,15,15,11,56,75,1.4,1030,20,10,307,7,london
2013-06-27,20,11,0.0,14.2,4,74,11:30 PM,10:05 AM,04:45 AM,09:22 PM,10,14,15,14,13,71,78,1.4,1026,20,7,264,10,london
2013-06-28,20,11,0.0,12.6,4,67,11:54 PM,11:22 AM,04:46 AM,09:22 PM,14,15,15,15,15,97,92,5.6,1020,20,5,283,10,london
2013-06-29,21,12,0.0,15.8,4,60,No moonrise,12:35 PM,04:46 AM,09:22 PM,10,16,16,16,15,56,72,0.6,1022,21,9,313,11,london
2013-06-30,25,12,0.0,16.7,6,54,12:17 AM,01:46 PM,04:47 AM,09:21 PM,14,18,19,18,20,34,75,0.0,1022,25,9,260,14,london
2013-07-01,19,11,0.0,13.4,4,47,12:41 AM,02:54 PM,04:47 AM,09:21 PM,10,15,15,15,16,65,75,0.1,1017,19,8,265,11,london
2013-07-02,21,10,0.0,14.2,4,40,01:07 AM,04:00 PM,04:48 AM,09:21 PM,10,14,14,14,16,68,77,0.1,1011,21,9,201,11,london
2013-07-03,21,13,0.0,14.2,4,33,01:36 AM,05:03 PM,04:49 AM,09:20 PM,13,16,17,16,18,70,81,2.7,1009,21,9,256,13,london
2013-07-04,22,10,0.0,15.0,4,26,02:09 AM,06:01 PM,04:50 AM,09:20 PM,13,16,17,16,19,52,81,0.7,1019,22,7,241,13,london
2013-07-05,25,11,0.0,16.6,6,20,02:48 AM,06:54 PM,04:51 AM,09:19 PM,13,18,19,18,12,41,77,0.0,1028,25,7,144,8,london
2013-07-06,28,12,0.0,16.7,6,13,03:33 AM,07:41 PM,04:51 AM,09:19 PM,15,21,21,21,9,17,73,0.0,1029,28,8,128,6,london
2013-07-07,28,16,0.0,16.7,7,6,04:24 AM,08:21 PM,04:52 AM,09:18 PM,16,23,23,22,12,4,72,0.0,1031,28,8,104,9,london
2013-07-08,25,13,0.0,16.6,6,1,05:21 AM,08:56 PM,04:53 AM,09:17 PM,14,19,20,19,19,33,75,0.0,1032,25,8,42,13,london
2013-07-09,26,11,0.0,16.6,6,7,06:21 AM,09:26 PM,04:54 AM,09:17 PM,11,18,19,18,16,27,66,0.0,1028,26,8,41,12,london
2013-07-10,24,12,0.0,16.6,5,14,07:24 AM,09:52 PM,04:55 AM,09:16 PM,12,17,18,17,18,12,72,0.2,1025,24,9,30,14,london
2013-07-11,22,8,0.0,16.6,5,21,08:29 AM,10:15 PM,04:56 AM,09:15 PM,10,14,15,14,14,39,75,0.0,1025,22,8,37,11,london
2013-07-12,25,9,0.0,16.6,6,28,09:35 AM,10:37 PM,04:57 AM,09:14 PM,12,17,18,17,9,41,74,0.0,1025,25,8,48,6,london
2013-07-13,30,14,0.0,16.5,6,34,10:42 AM,10:59 PM,04:59 AM,09:13 PM,17,24,24,23,10,10,70,1.1,1024,30,10,140,7,london
2013-07-14,29,17,0.0,16.1,6,41,11:51 AM,11:22 PM,05:00 AM,09:12 PM,17,23,23,23,11,17,70,3.3,1024,29,10,210,7,london
2013-07-15,31,18,0.0,16.1,7,48,01:02 PM,11:48 PM,05:01 AM,09:11 PM,12,23,23,23,9,23,55,0.0,1023,31,10,211,6,london
2013-07-16,32,18,0.0,16.1,7,55,02:15 PM,No moonset,05:02 AM,09:10 PM,15,24,24,24,8,17,61,0.0,1023,32,10,139,5,london
2013-07-17,30,17,0.0,16.1,6,62,03:29 PM,12:16 AM,05:03 AM,09:09 PM,15,24,24,24,9,19,61,0.9,1024,30,10,131,6,london
2013-07-18,27,16,0.0,16.0,6,68,04:42 PM,12:52 AM,05:05 AM,09:08 PM,15,22,22,22,15,4,67,0.0,1026,27,10,50,11,london
2013-07-19,26,13,0.0,16.0,6,75,05:52 PM,01:37 AM,05:06 AM,09:07 PM,14,21,21,20,18,15,69,0.0,1025,26,9,59,14,london
2013-07-20,21,14,0.0,12.9,4,82,06:53 PM,02:32 AM,05:07 AM,09:06 PM,14,18,18,18,20,81,82,0.3,1023,21,8,52,14,london
2013-07-21,27,13,0.0,16.0,5,89,07:44 PM,03:40 AM,05:09 AM,09:04 PM,15,20,20,20,15,43,76,0.4,1019,27,8,61,11,london
2013-07-22,31,16,0.0,15.9,6,95,08:26 PM,04:55 AM,05:10 AM,09:03 PM,16,23,23,23,15,11,70,2.6,1016,31,9,125,10,london
2013-07-23,29,18,0.0,15.9,5,98,09:01 PM,06:16 AM,05:11 AM,09:02 PM,17,23,23,22,14,45,74,11.4,1014,29,9,151,10,london
2013-07-24,26,15,0.0,15.9,6,91,09:30 PM,07:38 AM,05:13 AM,09:00 PM,14,20,20,20,15,19,70,0.0,1014,26,10,228,11,london
2013-07-25,25,15,0.0,13.5,5,84,09:56 PM,08:57 AM,05:14 AM,08:59 PM,14,20,20,20,17,30,73,0.4,1013,25,8,190,12,london
2013-07-26,26,13,0.0,11.6,5,77,10:21 PM,10:14 AM,05:16 AM,08:58 PM,14,20,20,20,7,47,70,0.5,1012,26,10,192,5,london
2013-07-27,27,14,0.0,12.5,5,71,10:45 PM,11:29 AM,05:17 AM,08:56 PM,15,21,21,21,8,51,72,3.9,1007,27,10,150,5,london
2013-07-28,23,13,0.0,14.5,6,64,11:11 PM,12:40 PM,05:18 AM,08:55 PM,13,18,19,18,27,50,74,2.2,1007,23,10,205,20,london
2013-07-29,23,15,0.0,13.5,5,57,11:40 PM,01:48 PM,05:20 AM,08:53 PM,13,18,19,18,26,43,76,6.5,1011,23,9,207,18,london
2013-07-30,20,14,0.0,10.6,4,50,No moonrise,02:53 PM,05:21 AM,08:51 PM,15,16,16,16,21,74,92,5.1,1014,20,9,215,14,london
2013-07-31,25,14,0.0,12.5,5,44,12:11 AM,03:53 PM,05:23 AM,08:50 PM,15,18,19,18,20,50,84,0.9,1015,25,8,216,14,london
2013-08-01,31,15,0.0,14.5,7,37,12:48 AM,04:48 PM,05:24 AM,08:48 PM,17,24,24,23,20,33,71,0.0,1010,31,8,163,14,london
2013-08-02,26,17,0.0,14.5,5,30,01:31 AM,05:38 PM,05:26 AM,08:47 PM,16,22,22,21,17,18,74,0.3,1009,26,10,210,13,london
2013-08-03,23,14,0.0,14.5,5,23,02:19 AM,06:20 PM,05:27 AM,08:45 PM,12,18,19,18,22,20,68,0.5,1015,23,10,212,16,london
2013-08-04,23,13,0.0,12.5,5,17,03:14 AM,06:57 PM,05:29 AM,08:43 PM,12,18,19,18,21,58,71,0.0,1019,23,9,199,15,london
2013-08-05,25,16,0.0,12.5,5,10,04:13 AM,07:29 PM,05:31 AM,08:41 PM,14,19,20,19,19,64,73,2.7,1012,25,8,186,14,london
2013-08-06,23,12,0.0,12.5,4,3,05:16 AM,07:57 PM,05:32 AM,08:40 PM,11,17,18,17,10,47,70,0.1,1015,23,9,244,7,london
2013-08-07,22,13,0.0,11.4,4,4,06:20 AM,08:21 PM,05:34 AM,08:38 PM,10,17,18,17,16,48,67,0.0,1014,22,9,49,11,london
2013-08-08,25,12,0.0,14.5,6,11,07:27 AM,08:44 PM,05:35 AM,08:36 PM,11,18,19,18,11,16,64,0.1,1019,25,10,119,7,london
2013-08-09,23,13,0.0,11.4,4,17,08:34 AM,09:07 PM,05:37 AM,08:34 PM,12,18,19,18,19,60,71,0.9,1019,23,10,255,13,london
2013-08-10,20,12,0.0,13.5,4,24,09:43 AM,09:29 PM,05:38 AM,08:32 PM,9,17,17,17,13,45,63,0.2,1022,20,10,283,9,london
2013-08-11,22,13,0.0,13.5,4,31,10:52 AM,09:54 PM,05:40 AM,08:30 PM,11,17,18,17,17,49,68,0.2,1018,22,9,261,12,london
2013-08-12,20,12,0.0,11.4,4,38,12:03 PM,10:21 PM,05:41 AM,08:28 PM,9,16,16,16,17,49,65,0.3,1017,20,10,285,11,london
2013-08-13,21,10,0.0,13.5,4,44,01:16 PM,10:53 PM,05:43 AM,08:26 PM,9,15,15,15,17,29,71,0.2,1021,21,9,294,12,london
2013-08-14,23,12,0.0,11.3,4,51,02:27 PM,11:33 PM,05:45 AM,08:24 PM,12,17,18,17,12,52,73,0.3,1023,23,9,245,9,london
2013-08-15,25,16,0.0,10.3,5,58,03:36 PM,No moonset,05:46 AM,08:22 PM,15,20,20,20,21,64,76,1.1,1019,25,8,220,16,london
2013-08-16,21,15,0.0,11.3,4,65,04:39 PM,12:22 AM,05:48 AM,08:20 PM,15,17,18,17,19,67,88,6.5,1015,21,8,208,13,london
2013-08-17,23,13,0.0,12.4,4,72,05:33 PM,01:22 AM,05:49 AM,08:18 PM,13,17,17,17,24,38,79,0.5,1013,23,7,218,17,london
2013-08-18,23,15,0.0,12.4,4,78,06:18 PM,02:32 AM,05:51 AM,08:16 PM,13,18,19,18,19,55,74,0.7,1010,23,10,235,14,london
2013-08-19,22,12,0.0,14.5,5,85,06:56 PM,03:49 AM,05:53 AM,08:14 PM,10,17,18,17,16,21,66,0.0,1019,22,9,297,11,london
2013-08-20,23,12,0.0,14.5,6,92,07:28 PM,05:09 AM,05:54 AM,08:12 PM,11,18,19,18,10,29,65,0.0,1027,23,10,255,6,london
2013-08-21,26,13,0.0,14.5,6,99,07:56 PM,06:29 AM,05:56 AM,08:10 PM,12,19,19,19,11,19,68,0.0,1024,26,10,227,7,london
2013-08-22,24,16,0.0,12.3,5,95,08:21 PM,07:48 AM,05:57 AM,08:08 PM,16,20,20,20,9,62,82,11.9,1020,24,7,165,7,london
2013-08-23,26,15,0.0,13.4,5,88,08:47 PM,09:05 AM,05:59 AM,08:06 PM,15,21,21,20,16,61,75,0.0,1015,26,6,111,11,london
2013-08-24,18,15,0.0,9.9,4,81,09:13 PM,10:19 AM,06:00 AM,08:04 PM,16,17,17,17,18,86,92,28.6,1010,18,8,277,12,london
2013-08-25,22,13,0.0,9.3,4,74,09:41 PM,11:30 AM,06:02 AM,08:02 PM,14,17,17,17,21,67,85,16.4,1013,22,8,147,14,london
2013-08-26,24,14,0.0,10.4,5,68,10:12 PM,12:38 PM,06:03 AM,08:00 PM,14,18,19,18,15,49,78,0.3,1018,24,7,82,10,london
2013-08-27,25,13,0.0,11.6,5,61,10:47 PM,01:41 PM,06:05 AM,07:58 PM,13,19,20,19,11,2,70,0.0,1018,25,8,103,8,london
2013-08-28,26,15,0.0,11.6,6,54,11:28 PM,02:39 PM,06:07 AM,07:56 PM,13,19,19,19,8,8,70,0.0,1022,26,10,125,5,london
2013-08-29,24,14,0.0,10.4,5,47,No moonrise,03:31 PM,06:08 AM,07:53 PM,13,19,19,19,13,33,71,0.0,1022,24,9,264,9,london
2013-08-30,23,15,0.0,10.4,5,40,12:14 AM,04:16 PM,06:10 AM,07:51 PM,15,19,19,19,16,47,78,0.1,1020,23,9,245,11,london
2013-08-31,21,14,0.0,11.6,5,34,01:07 AM,04:56 PM,06:11 AM,07:49 PM,10,16,17,16,18,34,67,0.0,1025,21,8,331,13,london
2013-09-01,21,10,0.0,11.6,5,27,02:04 AM,05:30 PM,06:13 AM,07:47 PM,7,14,15,14,17,33,63,0.0,1029,21,10,287,11,london
2013-09-02,24,10,0.0,11.6,4,20,03:05 AM,05:59 PM,06:14 AM,07:45 PM,13,17,18,17,17,13,77,0.0,1027,24,8,286,11,london
2013-09-03,25,15,0.0,9.1,5,13,04:09 AM,06:25 PM,06:16 AM,07:42 PM,15,20,20,20,9,35,80,0.1,1027,25,7,187,5,london
2013-09-04,28,15,0.0,11.6,5,7,05:15 AM,06:49 PM,06:18 AM,07:40 PM,16,22,22,21,11,9,79,0.0,1021,28,7,137,7,london
2013-09-05,29,17,0.0,11.6,5,0,06:22 AM,07:12 PM,06:19 AM,07:38 PM,16,22,22,22,8,9,73,3.4,1012,29,7,170,4,london
2013-09-06,18,13,0.0,10.3,4,7,07:32 AM,07:35 PM,06:21 AM,07:36 PM,12,15,15,15,14,44,82,12.8,1009,18,8,247,9,london
2013-09-07,18,10,0.0,10.3,4,14,08:42 AM,07:59 PM,06:22 AM,07:33 PM,9,13,14,13,18,30,76,1.4,1014,18,10,187,12,london
2013-09-08,17,9,0.0,9.1,3,21,09:54 AM,08:26 PM,06:24 AM,07:31 PM,9,12,13,12,14,33,80,1.0,1018,17,6,208,10,london
2013-09-09,14,9,0.0,7.8,3,27,11:06 AM,08:57 PM,06:26 AM,07:29 PM,10,11,11,11,13,47,94,6.7,1016,14,4,178,8,london
2013-09-10,16,8,0.0,9.0,3,34,12:18 PM,09:35 PM,06:27 AM,07:26 PM,9,10,12,10,23,69,84,0.9,1020,16,7,310,15,london
2013-09-11,15,9,0.0,6.5,3,41,01:27 PM,10:20 PM,06:29 AM,07:24 PM,10,11,13,11,20,72,85,1.3,1021,15,7,318,14,london
2013-09-12,19,10,0.0,7.7,4,48,02:30 PM,11:15 PM,06:30 AM,07:22 PM,11,14,14,14,8,80,85,0.4,1019,19,7,240,5,london
2013-09-13,21,15,0.0,6.4,4,54,03:26 PM,No moonset,06:32 AM,07:20 PM,15,17,17,17,9,92,90,20.7,1017,21,8,232,6,london
2013-09-14,16,8,0.0,9.0,3,61,04:13 PM,12:19 AM,06:34 AM,07:17 PM,9,10,12,10,18,67,87,15.0,1015,16,8,251,13,london
2013-09-15,14,7,0.0,7.7,3,68,04:53 PM,01:31 AM,06:35 AM,07:15 PM,10,11,12,11,27,49,85,0.8,1010,14,7,241,17,london
2013-09-16,14,7,0.0,11.6,3,75,05:26 PM,02:47 AM,06:37 AM,07:13 PM,6,8,10,8,27,19,76,0.5,1003,14,10,260,18,london
2013-09-17,14,7,0.0,7.7,3,81,05:55 PM,04:05 AM,06:38 AM,07:10 PM,8,9,11,9,20,61,84,1.9,1000,14,8,238,13,london
2013-09-18,15,9,0.0,11.6,3,88,06:21 PM,05:23 AM,06:40 AM,07:08 PM,8,11,12,11,17,45,80,0.6,1003,15,8,311,12,london
2013-09-19,17,7,0.0,7.6,3,95,06:47 PM,06:40 AM,06:42 AM,07:06 PM,10,11,12,11,23,65,87,1.3,1010,17,5,245,15,london
2013-09-20,22,8,0.0,11.6,3,98,07:13 PM,07:56 AM,06:43 AM,07:03 PM,10,13,14,13,14,34,83,0.0,1018,22,8,279,9,london
2013-09-21,18,9,0.0,6.3,3,91,07:41 PM,09:09 AM,06:45 AM,07:01 PM,12,13,13,13,16,71,90,0.7,1024,18,7,229,10,london
2013-09-22,22,13,0.0,11.6,4,85,08:11 PM,10:19 AM,06:46 AM,06:59 PM,15,17,18,17,11,53,89,0.1,1027,22,5,250,6,london
2013-09-23,23,11,0.0,8.8,4,78,08:45 PM,11:25 AM,06:48 AM,06:56 PM,14,16,16,16,9,47,87,0.0,1024,23,6,158,6,london
2013-09-24,23,10,0.0,11.6,4,71,09:24 PM,12:26 PM,06:50 AM,06:54 PM,13,16,17,16,9,35,85,0.0,1016,23,6,120,5,london
2013-09-25,22,9,0.0,11.6,4,64,10:08 PM,01:22 PM,06:51 AM,06:52 PM,13,16,16,16,6,55,84,0.0,1012,22,7,110,3,london
2013-09-26,19,12,0.0,11.6,4,58,10:59 PM,02:10 PM,06:53 AM,06:49 PM,11,14,14,14,16,48,81,0.0,1016,19,7,64,10,london
2013-09-27,18,10,0.0,11.6,3,51,11:54 PM,02:52 PM,06:55 AM,06:47 PM,10,12,13,12,18,19,80,0.0,1016,18,8,82,12,london
2013-09-28,20,11,0.0,10.2,4,44,No moonrise,03:28 PM,06:56 AM,06:45 PM,10,13,14,13,25,45,75,0.0,1010,20,10,78,16,london
2013-09-29,18,12,0.0,11.6,5,37,12:53 AM,03:59 PM,06:58 AM,06:42 PM,10,13,14,13,24,32,74,0.0,1007,18,10,60,16,london
2013-09-30,20,12,0.0,11.4,4,30,01:56 AM,04:26 PM,07:00 AM,06:40 PM,11,14,15,14,19,59,81,0.4,1007,20,7,80,13,london
2013-10-01,18,11,0.0,7.2,4,24,03:00 AM,04:51 PM,07:01 AM,06:38 PM,11,14,14,14,21,65,79,0.0,1009,18,9,95,14,london
2013-10-02,20,14,0.0,8.6,4,17,04:07 AM,05:14 PM,07:03 AM,06:35 PM,13,15,16,15,19,82,84,0.9,1011,20,9,130,13,london
2013-10-03,18,14,0.0,7.1,4,10,05:16 AM,05:38 PM,07:05 AM,06:33 PM,14,16,16,16,24,81,91,1.3,1009,18,7,135,15,london
2013-10-04,19,15,0.0,5.6,4,3,06:26 AM,06:02 PM,07:06 AM,06:31 PM,15,17,17,17,25,77,89,0.7,1009,19,9,193,16,london
2013-10-05,19,13,0.0,11.2,4,3,07:39 AM,06:28 PM,07:08 AM,06:29 PM,12,15,15,15,10,55,84,0.3,1019,19,7,300,7,london
2013-10-06,19,11,0.0,11.2,5,10,08:52 AM,06:59 PM,07:10 AM,06:26 PM,10,14,14,14,11,18,77,0.0,1025,19,10,259,6,london
2013-10-07,20,10,0.0,10.1,4,17,10:06 AM,07:35 PM,07:11 AM,06:24 PM,12,15,15,15,13,41,83,0.0,1025,20,7,236,9,london
2013-10-08,21,13,0.0,10.1,4,24,11:18 AM,08:19 PM,07:13 AM,06:22 PM,13,16,16,16,16,62,86,0.0,1024,21,6,252,10,london
2013-10-09,15,9,0.0,8.6,3,30,12:24 PM,09:12 PM,07:15 AM,06:20 PM,10,11,13,11,21,70,83,0.2,1020,15,6,288,14,london
2013-10-10,12,6,0.0,8.6,2,37,01:22 PM,10:13 PM,07:16 AM,06:18 PM,3,5,8,5,34,43,70,0.0,1018,12,10,321,23,london
2013-10-11,13,7,0.0,7.0,3,44,02:11 PM,11:22 PM,07:18 AM,06:15 PM,8,7,10,7,37,77,86,13.6,1017,13,9,134,24,london
2013-10-12,13,9,0.0,10.1,3,51,02:53 PM,No moonset,07:20 AM,06:13 PM,8,10,11,10,19,66,83,6.5,1018,13,9,114,13,london
2013-10-13,12,8,0.0,7.0,2,58,03:27 PM,12:35 AM,07:21 AM,06:11 PM,8,7,9,7,23,83,95,23.9,1010,12,7,280,14,london
2013-10-14,11,7,0.0,5.4,2,64,03:57 PM,01:51 AM,07:23 AM,06:09 PM,8,6,9,6,18,96,94,2.7,1007,11,7,238,12,london
2013-10-15,13,7,0.0,10.8,3,71,04:23 PM,03:07 AM,07:25 AM,06:07 PM,8,8,10,8,16,59,89,0.5,1010,13,7,260,11,london
2013-10-16,14,6,0.0,6.9,3,78,04:48 PM,04:21 AM,07:27 AM,06:05 PM,9,8,10,8,25,62,96,9.3,1010,14,6,149,14,london
2013-10-17,17,10,0.0,10.0,3,85,05:14 PM,05:36 AM,07:28 AM,06:03 PM,11,12,13,12,26,38,88,0.7,1013,17,9,244,15,london
2013-10-18,17,10,0.0,10.0,3,91,05:41 PM,06:49 AM,07:30 AM,06:01 PM,11,12,13,12,18,66,91,0.2,1014,17,7,155,11,london
2013-10-19,18,12,0.0,7.1,4,98,06:09 PM,08:00 AM,07:32 AM,05:59 PM,12,13,14,13,25,51,90,0.2,1006,18,9,178,15,london
2013-10-20,17,11,0.0,7.1,3,95,06:42 PM,09:08 AM,07:33 AM,05:57 PM,11,12,13,12,28,42,88,1.2,1006,17,10,187,17,london
2013-10-21,16,12,0.0,5.4,3,88,07:19 PM,10:12 AM,07:35 AM,05:54 PM,13,13,14,13,31,59,93,0.7,1006,16,8,184,18,london
2013-10-22,18,14,0.0,5.4,4,81,08:02 PM,11:10 AM,07:37 AM,05:52 PM,14,14,15,14,32,43,90,1.3,998,18,10,171,19,london
2013-10-23,16,11,0.0,7.1,3,75,08:50 PM,12:02 PM,07:39 AM,05:51 PM,11,13,14,13,31,38,84,0.3,999,16,9,219,20,london
2013-10-24,17,9,0.0,8.7,3,68,09:44 PM,12:47 PM,07:40 AM,05:49 PM,10,11,12,11,17,28,88,0.1,1013,17,7,170,11,london
2013-10-25,18,12,0.0,7.1,4,61,10:41 PM,01:25 PM,07:42 AM,05:47 PM,13,14,15,14,32,51,88,2.9,1005,18,8,169,20,london
2013-10-26,16,13,0.0,3.8,3,54,11:42 PM,01:58 PM,07:44 AM,05:45 PM,12,13,14,13,32,71,91,0.8,1005,16,9,198,20,london
2013-10-27,15,11,0.0,7.0,3,48,No moonrise,02:26 PM,07:46 AM,05:43 PM,10,11,13,11,37,57,83,2.4,997,15,9,213,24,london
2013-10-28,14,8,0.0,5.4,3,41,12:45 AM,02:52 PM,07:47 AM,05:41 PM,10,10,12,10,40,61,85,7.7,992,14,9,219,27,london
2013-10-29,12,7,0.0,8.7,3,34,01:50 AM,03:16 PM,07:49 AM,05:39 PM,6,6,8,6,29,22,83,0.4,1010,12,10,253,18,london
2013-10-30,13,5,0.0,8.7,2,27,02:56 AM,03:39 PM,07:51 AM,05:37 PM,6,6,9,6,23,23,86,1.0,1020,13,9,222,14,london
2013-10-31,14,10,0.0,5.4,3,21,04:05 AM,04:02 PM,07:53 AM,05:35 PM,10,10,12,10,25,84,91,2.9,1017,14,10,213,15,london
2013-11-01,15,11,0.0,3.7,3,14,05:17 AM,04:27 PM,07:54 AM,05:33 PM,11,11,12,11,19,89,94,1.8,1009,15,5,193,13,london
2013-11-02,14,8,0.0,5.3,3,7,06:30 AM,04:56 PM,07:56 AM,05:32 PM,8,8,10,8,25,66,89,0.7,999,14,6,187,16,london
2013-11-03,11,6,0.0,8.7,2,0,07:46 AM,05:31 PM,07:58 AM,05:30 PM,4,4,8,4,35,27,81,2.4,999,11,10,221,21,london
2013-11-04,9,5,0.0,8.7,3,7,09:00 AM,06:12 PM,07:59 AM,05:28 PM,5,4,7,4,25,39,87,8.2,992,9,9,290,17,london
2013-11-05,12,4,0.0,5.2,2,13,10:11 AM,07:03 PM,08:01 AM,05:26 PM,6,5,8,5,28,55,91,3.6,994,12,7,231,17,london
2013-11-06,14,7,0.0,3.5,3,20,11:15 AM,08:03 PM,08:03 AM,05:25 PM,9,8,10,8,27,72,96,2.2,999,14,7,223,16,london
2013-11-07,12,8,0.0,8.7,3,27,12:09 PM,09:12 PM,08:05 AM,05:23 PM,8,9,11,9,19,46,87,0.2,1006,12,8,251,13,london
2013-11-08,12,6,0.0,5.2,2,34,12:53 PM,10:25 PM,08:06 AM,05:21 PM,6,6,8,6,19,66,91,1.0,1006,12,6,215,12,london
2013-11-09,10,4,0.0,6.9,2,40,01:30 PM,11:41 PM,08:08 AM,05:20 PM,5,3,6,3,18,60,92,0.7,1006,10,7,234,11,london
2013-11-10,8,3,0.0,8.7,2,47,02:01 PM,No moonset,08:10 AM,05:18 PM,4,2,5,2,20,36,91,3.9,1014,8,9,289,12,london
2013-11-11,12,3,0.0,3.4,2,54,02:28 PM,12:56 AM,08:12 AM,05:17 PM,7,6,8,6,28,78,94,4.8,1022,12,8,180,16,london
2013-11-12,11,8,0.0,6.9,3,61,02:53 PM,02:11 AM,08:13 AM,05:15 PM,9,9,10,9,18,57,93,3.7,1025,11,6,307,12,london
2013-11-13,9,4,0.0,8.7,3,68,03:18 PM,03:24 AM,08:15 AM,05:14 PM,5,5,7,5,14,12,87,0.0,1032,9,8,266,9,london
2013-11-14,9,4,0.0,8.7,3,74,03:43 PM,04:35 AM,08:17 AM,05:12 PM,4,3,6,3,34,34,86,0.3,1023,9,10,285,20,london
2013-11-15,8,2,0.0,8.7,3,81,04:10 PM,05:46 AM,08:18 AM,05:11 PM,2,1,5,1,22,9,86,0.0,1032,8,10,221,13,london
2013-11-16,9,3,0.0,8.7,2,88,04:40 PM,06:54 AM,08:20 AM,05:10 PM,4,4,6,4,11,22,87,0.0,1031,9,9,298,7,london
2013-11-17,9,4,0.0,3.3,2,95,05:16 PM,07:59 AM,08:22 AM,05:08 PM,6,5,7,5,11,80,95,0.2,1024,9,3,68,6,london
2013-11-18,9,6,0.0,5.1,2,100,05:56 PM,09:00 AM,08:24 AM,05:07 PM,7,7,8,7,10,88,95,0.5,1011,9,3,254,6,london
2013-11-19,5,1,0.0,8.7,2,92,06:42 PM,09:54 AM,08:25 AM,05:06 PM,1,-1,3,-1,25,19,87,0.0,1013,5,10,319,16,london
2013-11-20,5,-1,0.0,5.1,1,85,07:34 PM,10:42 AM,08:27 AM,05:05 PM,1,-2,2,-2,29,56,93,6.0,1004,5,9,261,17,london
2013-11-21,6,2,0.0,8.7,1,78,08:30 PM,11:23 AM,08:29 AM,05:04 PM,2,-1,3,-1,32,52,92,2.9,1003,6,10,174,19,london
2013-11-22,7,2,0.0,8.7,1,72,09:30 PM,11:58 AM,08:30 AM,05:02 PM,2,-1,3,-1,32,39,88,0.1,1017,7,10,310,19,london
2013-11-23,6,2,0.0,6.9,1,65,10:31 PM,12:28 PM,08:32 AM,05:01 PM,3,0,4,0,25,63,93,0.2,1023,6,10,309,16,london
2013-11-24,7,1,0.0,5.1,2,58,11:35 PM,12:54 PM,08:33 AM,05:00 PM,3,0,4,0,26,48,93,0.1,1029,7,10,260,15,london
2013-11-25,6,1,0.0,8.2,2,51,No moonrise,01:18 PM,08:35 AM,04:59 PM,2,-1,3,-1,24,36,92,0.0,1037,6,10,344,14,london
2013-11-26,6,0,0.0,8.2,1,44,12:39 AM,01:41 PM,08:36 AM,04:59 PM,1,-1,2,-1,18,41,92,0.0,1038,6,7,328,10,london
2013-11-27,9,2,0.0,3.1,2,38,01:45 AM,02:03 PM,08:38 AM,04:58 PM,6,5,6,5,11,94,97,0.3,1034,9,2,239,6,london
2013-11-28,8,4,0.0,6.8,2,31,02:54 AM,02:27 PM,08:39 AM,04:57 PM,5,4,6,4,13,75,96,0.0,1034,8,2,210,7,london
2013-11-29,10,5,0.0,3.1,2,24,04:05 AM,02:53 PM,08:41 AM,04:56 PM,5,4,7,4,28,77,91,0.0,1027,10,8,269,17,london
2013-11-30,7,2,0.0,8.1,2,17,05:19 AM,03:25 PM,08:42 AM,04:55 PM,2,0,4,0,27,32,91,0.0,1026,7,9,329,16,london
2013-12-01,7,1,0.0,6.8,1,11,06:33 AM,04:02 PM,08:44 AM,04:55 PM,3,2,4,2,16,34,94,0.0,1032,7,6,246,9,london
2013-12-02,9,3,0.0,8.1,2,4,07:48 AM,04:48 PM,08:45 AM,04:54 PM,4,3,5,3,17,54,94,0.0,1034,9,5,45,9,london
2013-12-03,6,2,0.0,3.0,1,3,08:57 AM,05:45 PM,08:47 AM,04:54 PM,2,2,4,2,10,54,88,0.0,1029,6,7,159,6,london
2013-12-04,8,4,0.0,4.9,2,10,09:58 AM,06:52 PM,08:48 AM,04:53 PM,4,2,5,2,22,50,89,0.0,1028,8,10,282,14,london
2013-12-05,8,0,0.0,6.8,2,17,10:48 AM,08:07 PM,08:49 AM,04:53 PM,2,-0,4,-0,42,22,88,0.0,1024,8,10,254,24,london
2013-12-06,6,2,0.0,8.0,1,23,11:30 AM,09:25 PM,08:50 AM,04:52 PM,2,-0,4,-0,28,43,88,0.1,1027,6,9,270,16,london
2013-12-07,9,5,0.0,8.0,3,30,12:04 PM,10:43 PM,08:52 AM,04:52 PM,5,3,6,3,24,56,94,0.0,1026,9,10,253,14,london
2013-12-08,10,4,0.0,6.8,2,37,12:33 PM,12:00 AM,08:53 AM,04:52 PM,5,3,7,3,31,44,93,0.0,1025,10,10,238,17,london
2013-12-09,10,5,0.0,8.0,2,44,12:59 PM,No moonset,08:54 AM,04:51 PM,6,4,7,4,25,33,94,0.0,1028,10,9,220,14,london
2013-12-10,9,4,0.0,8.0,2,50,01:24 PM,01:14 AM,08:55 AM,04:51 PM,4,3,5,3,19,31,93,0.0,1031,9,6,181,10,london
2013-12-11,8,3,0.0,8.0,3,57,01:48 PM,02:26 AM,08:56 AM,04:51 PM,3,2,5,2,20,12,88,0.0,1029,8,9,161,11,london
2013-12-12,9,4,0.0,6.8,2,64,02:14 PM,03:37 AM,08:57 AM,04:51 PM,4,3,6,3,26,40,92,0.0,1025,9,10,187,13,london
2013-12-13,10,7,0.0,3.0,2,71,02:43 PM,04:45 AM,08:58 AM,04:51 PM,8,6,9,6,29,73,95,2.4,1020,10,8,197,17,london
2013-12-14,10,4,0.0,6.8,2,77,03:16 PM,05:50 AM,08:59 AM,04:51 PM,5,4,7,4,37,43,87,0.2,1022,10,9,217,22,london
2013-12-15,12,9,0.0,4.8,3,84,03:54 PM,06:52 AM,09:00 AM,04:51 PM,10,7,10,7,39,78,94,2.3,1019,12,7,198,24,london
2013-12-16,12,9,0.0,1.9,3,91,04:37 PM,07:48 AM,09:01 AM,04:52 PM,10,8,11,8,36,99,94,3.7,1016,12,8,225,24,london
2013-12-17,6,5,0.0,3.8,2,98,05:27 PM,08:38 AM,09:01 AM,04:52 PM,5,4,6,4,10,82,94,9.0,1022,6,8,207,7,london
2013-12-18,10,4,0.0,5.8,2,95,06:21 PM,09:22 AM,09:02 AM,04:52 PM,6,4,7,4,37,68,93,5.6,1009,10,7,199,22,london
2013-12-19,7,4,0.0,5.8,3,89,07:20 PM,09:59 AM,09:03 AM,04:52 PM,4,2,6,2,27,41,88,8.7,1002,7,9,222,16,london
2013-12-20,7,3,0.0,5.8,2,82,08:20 PM,10:31 AM,09:03 AM,04:53 PM,3,1,5,1,36,28,89,0.1,1018,7,10,215,20,london
2013-12-21,11,9,0.0,1.9,2,75,09:23 PM,10:58 AM,09:04 AM,04:53 PM,9,6,10,6,53,89,94,7.6,1013,11,8,197,33,london
2013-12-22,9,4,0.0,5.8,2,68,10:26 PM,11:23 AM,09:04 AM,04:54 PM,5,3,7,3,38,23,88,1.7,1010,9,10,223,22,london
2013-12-23,10,3,0.0,1.9,2,62,11:31 PM,11:46 AM,09:05 AM,04:54 PM,6,3,7,3,48,79,92,8.1,1000,10,8,190,29,london
2013-12-24,10,5,0.0,5.8,2,55,No moonrise,12:08 PM,09:05 AM,04:55 PM,6,4,8,4,43,56,88,7.8,979,10,9,199,27,london
2013-12-25,8,3,0.0,5.8,3,48,12:37 AM,12:30 PM,09:06 AM,04:56 PM,3,2,5,2,25,34,90,0.1,984,8,8,190,14,london
2013-12-26,6,1,0.0,5.8,1,41,01:45 AM,12:54 PM,09:06 AM,04:57 PM,2,1,3,1,20,34,93,0.0,994,6,8,224,11,london
2013-12-27,10,6,0.0,5.8,2,34,02:55 AM,01:22 PM,09:06 AM,04:57 PM,6,3,8,3,51,42,87,1.6,987,10,10,201,30,london
2013-12-28,7,4,0.0,5.8,3,28,04:07 AM,01:54 PM,09:06 AM,04:58 PM,3,2,5,2,25,21,86,0.0,997,7,10,229,14,london
2013-12-29,6,1,0.0,5.8,2,21,05:21 AM,02:34 PM,09:06 AM,04:59 PM,2,-1,3,-1,29,22,91,0.0,1014,6,10,243,15,london
2013-12-30,9,6,0.0,3.9,2,14,06:32 AM,03:25 PM,09:06 AM,05:00 PM,6,3,7,3,48,68,91,6.5,1011,9,7,193,27,london
2013-12-31,10,5,0.0,2.0,2,7,07:38 AM,04:26 PM,09:06 AM,05:01 PM,7,4,7,4,34,72,95,4.4,1005,10,9,182,20,london
2014-01-01,9,6,0.0,2.0,2,1,08:35 AM,05:39 PM,09:06 AM,05:02 PM,6,3,7,3,47,75,93,16.0,994,9,8,176,28,london
2014-01-02,9,5,0.0,5.8,2,6,09:22 AM,06:57 PM,09:06 AM,05:03 PM,6,4,7,4,34,41,91,0.1,993,9,10,205,20,london
2014-01-03,9,6,0.0,5.8,2,13,10:01 AM,08:18 PM,09:06 AM,05:04 PM,6,4,8,4,46,52,86,0.0,994,9,10,203,28,london
2014-01-04,8,4,0.0,2.0,2,20,10:34 AM,09:40 PM,09:06 AM,05:05 PM,6,3,7,3,34,81,94,4.5,994,8,10,206,21,london
2014-01-05,8,2,0.0,2.0,2,26,11:02 AM,10:58 PM,09:05 AM,05:07 PM,4,1,5,1,35,47,93,0.8,1000,8,8,204,21,london
2014-01-06,11,8,0.0,5.8,3,33,11:29 AM,No moonset,09:05 AM,05:08 PM,9,7,10,7,48,62,90,1.0,995,11,10,202,30,london
2014-01-07,11,8,0.0,5.8,2,40,11:54 AM,12:13 AM,09:05 AM,05:09 PM,7,5,9,5,45,48,90,0.4,1003,11,10,204,27,london
2014-01-08,10,6,0.0,5.8,2,47,12:20 PM,01:26 AM,09:04 AM,05:11 PM,7,5,8,5,32,53,93,0.1,1012,10,10,199,19,london
2014-01-09,9,4,0.0,3.9,2,54,12:48 PM,02:35 AM,09:04 AM,05:12 PM,6,4,8,4,38,61,91,2.8,1006,9,9,237,23,london
2014-01-10,9,3,0.0,3.9,2,60,01:19 PM,03:42 AM,09:03 AM,05:13 PM,4,2,5,2,28,43,93,0.4,1014,9,9,217,16,london
2014-01-11,7,1,0.0,5.8,2,67,01:55 PM,04:45 AM,09:03 AM,05:15 PM,4,2,5,2,22,48,92,1.5,1018,7,10,260,13,london
2014-01-12,6,2,0.0,3.9,1,74,02:35 PM,05:43 AM,09:02 AM,05:16 PM,3,1,4,1,28,45,91,1.4,1017,6,10,143,16,london
2014-01-13,9,4,0.0,5.8,2,81,03:23 PM,06:35 AM,09:01 AM,05:18 PM,5,3,6,3,31,46,91,0.7,1005,9,9,200,18,london
2014-01-14,5,1,0.0,8.2,2,87,04:15 PM,07:21 AM,09:00 AM,05:19 PM,2,0,4,0,21,51,91,0.2,1004,5,9,246,13,london
2014-01-15,10,5,0.0,3.1,2,94,05:12 PM,08:00 AM,09:00 AM,05:21 PM,8,5,8,5,32,97,96,5.9,999,10,8,189,20,london
2014-01-16,10,6,0.0,6.9,2,100,06:12 PM,08:34 AM,08:59 AM,05:22 PM,6,5,8,5,32,59,90,0.6,991,10,9,182,20,london
2014-01-17,9,5,0.0,6.9,2,92,07:14 PM,09:03 AM,08:58 AM,05:24 PM,5,3,7,3,34,59,89,0.8,991,9,8,191,20,london
2014-01-18,9,6,0.0,3.3,2,85,08:17 PM,09:29 AM,08:57 AM,05:26 PM,6,4,7,4,32,70,92,1.4,992,9,8,151,19,london
2014-01-19,7,3,0.0,6.9,2,79,09:22 PM,09:52 AM,08:56 AM,05:27 PM,4,4,6,4,19,45,90,0.2,995,7,9,199,11,london
2014-01-20,7,1,0.0,8.7,1,72,10:26 PM,10:14 AM,08:55 AM,05:29 PM,3,3,4,3,10,32,93,0.0,1007,7,6,188,5,london
2014-01-21,6,-0,0.0,6.9,1,65,11:32 PM,10:36 AM,08:54 AM,05:31 PM,2,1,3,1,18,50,92,0.0,1010,6,5,192,10,london
2014-01-22,9,4,0.0,6.9,2,58,No moonrise,10:59 AM,08:52 AM,05:32 PM,5,4,6,4,23,72,93,4.8,1007,9,8,208,14,london
2014-01-23,7,2,0.0,6.9,1,52,12:39 AM,11:25 AM,08:51 AM,05:34 PM,3,0,4,0,30,53,92,0.0,1012,7,8,266,16,london
2014-01-24,7,1,0.0,3.3,1,45,01:49 AM,11:54 AM,08:50 AM,05:36 PM,3,1,4,1,21,83,94,2.7,1014,7,5,192,13,london
2014-01-25,10,4,0.0,6.9,2,38,02:59 AM,12:29 PM,08:49 AM,05:37 PM,5,4,7,4,30,65,91,0.1,1012,10,6,228,18,london
2014-01-26,8,2,0.0,5.1,2,31,04:09 AM,01:12 PM,08:47 AM,05:39 PM,3,0,4,0,36,46,92,0.0,1003,8,10,226,21,london
2014-01-27,7,1,0.0,6.9,1,25,05:16 AM,02:06 PM,08:46 AM,05:41 PM,1,-1,3,-1,37,51,87,0.0,990,7,10,223,22,london
2014-01-28,8,3,0.0,6.9,2,18,06:16 AM,03:11 PM,08:45 AM,05:43 PM,4,1,5,1,33,65,92,2.0,985,8,8,173,19,london
2014-01-29,4,3,0.0,3.4,1,11,07:09 AM,04:25 PM,08:43 AM,05:45 PM,3,-0,3,-0,25,99,98,10.1,993,4,7,88,15,london
2014-01-30,6,2,0.0,3.4,1,4,07:53 AM,05:46 PM,08:42 AM,05:46 PM,3,2,4,2,13,92,97,3.8,1002,6,5,94,8,london
2014-01-31,7,1,0.0,5.2,1,3,08:29 AM,07:08 PM,08:40 AM,05:48 PM,3,0,4,0,32,84,95,2.2,999,7,6,182,19,london
2014-02-01,8,4,0.0,8.7,2,9,09:01 AM,08:29 PM,08:39 AM,05:50 PM,4,2,6,2,40,53,85,6.6,990,8,10,207,26,london
2014-02-02,9,4,0.0,8.7,3,16,09:29 AM,09:49 PM,08:37 AM,05:52 PM,3,2,6,2,36,25,85,0.1,1004,9,10,212,21,london
2014-02-03,8,4,0.0,8.7,3,23,09:56 AM,11:06 PM,08:36 AM,05:53 PM,3,1,5,1,37,28,86,0.0,1004,8,10,143,21,london
2014-02-04,8,3,0.0,8.7,2,30,10:23 AM,No moonset,08:34 AM,05:55 PM,3,2,6,2,36,52,84,0.4,998,8,9,170,23,london
2014-02-05,8,4,0.0,7.0,2,36,10:51 AM,12:19 AM,08:32 AM,05:57 PM,4,1,6,1,51,56,90,14.5,982,8,9,172,31,london
2014-02-06,8,5,0.0,3.5,2,43,11:22 AM,01:30 AM,08:31 AM,05:59 PM,5,3,7,3,39,67,92,12.9,990,8,9,188,23,london
2014-02-07,8,4,0.0,9.7,2,50,11:56 AM,02:35 AM,08:29 AM,06:01 PM,5,3,7,3,35,73,89,5.3,988,8,9,222,23,london
2014-02-08,9,6,0.0,9.8,2,57,12:35 PM,03:35 AM,08:27 AM,06:02 PM,4,3,7,3,47,58,84,7.1,979,9,9,192,31,london
2014-02-09,7,3,0.0,9.8,2,64,01:21 PM,04:29 AM,08:25 AM,06:04 PM,2,-0,5,-0,46,51,81,0.8,984,7,9,217,29,london
2014-02-10,8,2,0.0,8.3,2,70,02:10 PM,05:18 AM,08:24 AM,06:06 PM,4,3,5,3,18,66,93,2.5,992,8,8,198,11,london
2014-02-11,5,1,0.0,8.3,1,77,03:06 PM,05:59 AM,08:22 AM,06:08 PM,2,-1,3,-1,35,50,93,3.1,997,5,10,214,20,london
2014-02-12,7,1,0.0,6.6,2,84,04:04 PM,06:35 AM,08:20 AM,06:10 PM,3,-1,4,-1,47,58,91,5.8,995,7,8,200,27,london
2014-02-13,7,3,0.0,9.9,1,91,05:06 PM,07:06 AM,08:18 AM,06:11 PM,1,-1,4,-1,37,28,80,0.1,992,7,10,227,22,london
2014-02-14,10,2,0.0,6.6,2,97,06:09 PM,07:33 AM,08:16 AM,06:13 PM,4,1,6,1,45,59,91,17.8,991,10,9,177,26,london
2014-02-15,10,4,0.0,10.0,2,96,07:13 PM,07:58 AM,08:14 AM,06:15 PM,4,2,7,2,54,36,83,0.3,987,10,10,223,34,london
2014-02-16,9,1,0.0,10.1,3,89,08:18 PM,08:21 AM,08:12 AM,06:17 PM,2,1,5,1,25,19,86,0.0,1006,9,9,228,15,london
2014-02-17,10,4,0.0,5.0,2,82,09:24 PM,08:43 AM,08:11 AM,06:19 PM,5,3,7,3,30,70,90,1.4,1008,10,9,171,18,london
2014-02-18,10,5,0.0,6.7,2,76,10:30 PM,09:06 AM,08:09 AM,06:21 PM,6,5,7,5,25,81,94,4.3,1008,10,7,201,15,london
2014-02-19,10,3,0.0,5.1,2,69,11:39 PM,09:31 AM,08:07 AM,06:22 PM,5,4,7,4,23,70,93,0.3,1011,10,10,230,14,london
2014-02-20,11,5,0.0,8.3,2,62,No moonrise,09:58 AM,08:05 AM,06:24 PM,8,6,9,6,34,75,93,1.0,1002,11,7,203,21,london
2014-02-21,9,3,0.0,10.2,2,55,12:47 AM,10:30 AM,08:03 AM,06:26 PM,3,1,5,1,32,33,85,0.2,1003,9,9,228,20,london
2014-02-22,10,3,0.0,10.3,3,48,01:56 AM,11:10 AM,08:01 AM,06:28 PM,3,2,6,2,32,27,84,0.0,1009,10,10,223,19,london
2014-02-23,12,6,0.0,6.9,2,42,03:01 AM,11:57 AM,07:59 AM,06:30 PM,7,5,9,5,44,66,91,0.3,1011,12,9,186,27,london
2014-02-24,13,6,0.0,8.5,2,35,04:02 AM,12:54 PM,07:57 AM,06:31 PM,6,6,9,6,35,44,85,0.1,1006,13,10,175,21,london
2014-02-25,10,5,0.0,10.0,2,28,04:56 AM,02:01 PM,07:55 AM,06:33 PM,6,4,8,4,34,54,87,1.1,1001,10,9,186,22,london
2014-02-26,10,3,0.0,10.8,3,21,05:43 AM,03:17 PM,07:53 AM,06:35 PM,3,3,6,3,24,14,85,0.5,1012,10,9,224,15,london
2014-02-27,9,4,0.0,10.9,2,15,06:22 AM,04:36 PM,07:50 AM,06:37 PM,4,3,6,3,34,44,86,1.6,1008,9,10,224,21,london
2014-02-28,6,3,0.0,5.5,1,8,06:56 AM,05:58 PM,07:48 AM,06:39 PM,4,0,4,0,25,87,98,5.5,999,6,8,162,16,london
2014-03-01,9,2,0.0,10.9,2,1,07:26 AM,07:19 PM,07:46 AM,06:40 PM,2,2,5,2,13,43,85,0.1,1002,9,8,300,9,london
2014-03-02,8,2,0.0,5.5,2,6,07:54 AM,08:38 PM,07:44 AM,06:42 PM,4,2,6,2,34,75,92,4.6,995,8,8,186,21,london
2014-03-03,9,3,0.0,8.6,2,13,08:22 AM,09:55 PM,07:42 AM,06:44 PM,4,3,6,3,17,48,88,7.3,985,9,10,154,11,london
2014-03-04,11,1,0.0,11.1,2,19,08:50 AM,11:09 PM,07:40 AM,06:46 PM,3,3,5,3,15,28,85,0.2,1002,11,7,280,9,london
2014-03-05,12,3,0.0,11.1,3,26,09:21 AM,No moonset,07:38 AM,06:47 PM,4,6,7,6,14,12,80,0.0,1019,12,10,260,8,london
2014-03-06,13,5,0.0,11.1,3,33,09:55 AM,12:18 AM,07:35 AM,06:49 PM,5,5,8,5,27,21,84,0.0,1024,13,10,198,16,london
2014-03-07,15,6,0.0,8.6,3,40,10:33 AM,01:23 AM,07:33 AM,06:51 PM,7,7,9,7,27,40,86,0.0,1023,15,10,209,16,london
2014-03-08,14,7,0.0,11.2,3,46,11:17 AM,02:20 AM,07:31 AM,06:53 PM,6,7,9,7,28,36,82,0.0,1025,14,10,148,17,london
2014-03-09,16,8,0.0,11.3,4,53,12:05 PM,03:12 AM,07:29 AM,06:54 PM,7,10,11,10,23,0,78,0.0,1022,16,10,178,14,london
2014-03-10,14,5,0.0,10.1,3,60,12:59 PM,03:56 AM,07:26 AM,06:56 PM,7,7,10,7,21,20,84,0.0,1027,14,10,111,15,london
2014-03-11,12,3,0.0,8.6,2,67,01:56 PM,04:34 AM,07:24 AM,06:58 PM,4,3,7,3,24,41,86,0.0,1033,12,10,41,16,london
2014-03-12,15,4,0.0,11.6,2,73,02:56 PM,05:07 AM,07:22 AM,07:00 PM,6,6,8,6,17,21,85,0.0,1032,15,8,52,10,london
2014-03-13,17,4,0.0,11.6,4,80,03:59 PM,05:36 AM,07:20 AM,07:01 PM,6,8,9,8,11,35,82,0.0,1030,17,10,44,6,london
2014-03-14,16,4,0.0,11.6,3,87,05:02 PM,06:01 AM,07:17 AM,07:03 PM,6,9,10,9,16,20,80,0.0,1028,16,9,199,9,london
2014-03-15,16,6,0.0,11.6,4,94,06:07 PM,06:25 AM,07:15 AM,07:05 PM,6,7,10,7,27,31,80,0.0,1026,16,10,289,17,london
2014-03-16,17,6,0.0,11.6,4,100,07:13 PM,06:48 AM,07:13 AM,07:07 PM,7,9,11,9,24,19,81,0.0,1024,17,10,284,15,london
2014-03-17,13,5,0.0,8.8,3,93,08:20 PM,07:11 AM,07:10 AM,07:08 PM,7,8,9,8,18,71,85,0.0,1021,13,8,270,11,london
2014-03-18,13,5,0.0,7.4,2,86,09:29 PM,07:36 AM,07:08 AM,07:10 PM,6,6,8,6,30,49,84,1.0,1017,13,9,253,19,london
2014-03-19,16,6,0.0,7.4,3,79,10:38 PM,08:03 AM,07:06 AM,07:12 PM,6,7,10,7,29,59,81,0.0,1022,16,10,234,18,london
2014-03-20,14,6,0.0,11.6,4,72,11:47 PM,08:34 AM,07:04 AM,07:14 PM,7,6,9,6,37,42,84,1.1,1010,14,10,209,25,london
2014-03-21,11,6,0.0,11.6,2,66,No moonrise,09:11 AM,07:01 AM,07:15 PM,4,5,8,5,27,44,78,1.5,1006,11,8,231,18,london
2014-03-22,10,2,0.0,11.6,2,59,12:53 AM,09:55 AM,06:59 AM,07:17 PM,3,2,6,2,27,46,80,4.6,999,10,10,225,18,london
2014-03-23,9,0,0.0,9.0,2,52,01:55 AM,10:48 AM,06:57 AM,07:19 PM,1,1,4,1,27,39,82,2.5,1006,9,10,285,17,london
2014-03-24,10,2,0.0,7.6,2,45,02:50 AM,11:50 AM,06:54 AM,07:20 PM,4,4,6,4,22,61,83,0.6,1015,10,7,167,14,london
2014-03-25,11,4,0.0,10.3,2,38,03:38 AM,01:00 PM,06:52 AM,07:22 PM,4,5,7,5,23,61,79,0.7,1014,11,9,169,15,london
2014-03-26,11,4,0.0,10.3,2,32,04:18 AM,02:15 PM,06:50 AM,07:24 PM,4,5,7,5,28,58,80,0.7,1012,11,9,168,18,london
2014-03-27,10,-1,0.0,11.6,2,25,04:53 AM,03:33 PM,06:47 AM,07:25 PM,1,2,5,2,15,60,82,2.0,1013,10,5,71,10,london
2014-03-28,13,2,0.0,9.0,2,18,05:24 AM,04:52 PM,06:45 AM,07:27 PM,4,4,7,4,23,62,83,1.2,1015,13,7,84,13,london
2014-03-29,17,6,0.0,11.6,4,11,05:53 AM,06:10 PM,06:43 AM,07:29 PM,5,9,11,9,28,21,74,0.0,1014,17,10,103,16,london
2014-03-30,19,8,0.0,10.3,3,5,06:20 AM,07:28 PM,06:41 AM,07:30 PM,8,12,13,12,18,33,74,0.0,1013,19,10,131,10,london
