day,cluster0,cluster1,cluster2,cluster3,cluster4,cluster5
2011-11-23,0.08157490983754513,0.0,0.0,0.0,0.0,0.0
2011-11-24,0.1899981948555957,0.0010251021599532984,0.0,0.0005875064532782653,0.0,0.0
2011-11-25,0.27092328510830316,0.001884413309982487,0.0,0.00030046463603510584,0.0,0.0
2011-11-26,0.3782590249999999,0.0007752481027437244,0.0,0.00027723283427981416,0.0,0.0
2011-11-27,0.3981768958483755,0.0013590192644483362,0.0,0.0007098606091894683,0.0,0.0
2011-11-28,0.4443646207581229,0.0017577349678925861,0.0,0.002745998967475478,0.0,0.0
2011-11-29,0.5159963903429603,0.00188733216579101,0.0,0.004832214765100671,0.0,0.0
2011-11-30,0.5954512635379061,0.0008400467016929364,0.0,0.004454310789881259,0.0,0.0
2011-12-01,0.7545731051444046,0.0015248102743724461,0.0,0.0053020134228187925,0.0,0.0
2011-12-02,0.9078203975631772,0.0006561587857559837,0.0,0.00392462570986061,0.0,0.0
2011-12-03,1.0609837546931409,0.000817863397548161,0.0,0.004573567372225091,0.0,0.0
2011-12-04,1.1955830326714803,0.0014681844716870987,0.0,0.005535880227155394,0.0,0.0
2011-12-05,1.197463899277978,0.0008914185639229421,0.0,0.004391843056272587,0.0,0.0
2011-12-06,1.3771128158844768,0.0025061295971978985,0.0,0.005553433144037171,0.0,0.0
2011-12-07,1.4787725636281586,0.0043917104495037945,0.0,0.0047392875580795045,0.0,0.0
2011-12-08,1.720518050270758,0.0049509632224168125,0.0,0.005103252452245741,0.0,0.0
2011-12-09,1.9379377253610097,0.005593695271453591,0.0,0.003610221992772328,0.0,0.0
2011-12-10,2.2764638984657033,0.004914185639229422,0.0,0.004467733608673206,0.0,0.0
2011-12-11,2.4789666079422386,0.0048995913601868075,0.0,0.004386164171399071,0.0,0.0
2011-12-12,2.315069494404332,0.00458727378867484,0.0,0.004474961280330408,0.0,0.0
2011-12-13,2.4000460290613717,0.0048984238178633975,0.0,0.005589055240061952,0.0,0.0
2011-12-14,2.5778131770758126,0.005831873905429072,0.0,0.004603510583376355,0.0,0.0
2011-12-15,2.829946752075813,0.00781669591360187,0.0,0.005072276716572018,0.0,0.0
2011-12-16,3.1418844739169685,0.00882661996497373,0.0,0.004235931853381517,0.0,0.0
2011-12-17,3.3953889883573996,0.006892586106246352,0.0,0.00488022715539494,0.0,0.0
2011-12-18,3.699211191064982,0.008574430823117339,0.0,0.006,0.0,0.0
2011-12-19,3.8275550552346536,0.009148861646234678,0.0,0.006960764068146619,0.0,0.0
2011-12-20,3.749691333754512,0.008682428488032691,0.0,0.006073825503355705,0.0,0.0
2011-12-21,3.80533303185921,0.008105662580268536,0.0,0.004985544656685596,0.0,0.0
2011-12-22,3.9020992767148073,0.007597781669585523,0.0,0.004398554465668559,0.0,0.0
2011-12-23,4.16212816001805,0.00787098657326328,0.0,0.0037506453278265363,0.0,0.0
2011-12-24,4.43924999954874,0.0068184471687098664,0.0,0.0042958182756840475,0.0,0.0
2011-12-25,4.397296930054156,0.008493286631640397,0.0,0.0041972121837893644,0.0,0.0
2011-12-26,3.755565885288811,0.007483946293053124,0.0,0.004543624161073826,0.0,0.0
2011-12-27,3.9014801444043297,0.007949795680093404,0.0,0.004455859576664945,0.0,0.0
2011-12-28,4.0964449444043325,0.00851138353765324,0.0,0.0049266907589055236,0.0,0.0
2011-12-29,4.385313176263538,0.007293053123175716,0.0,0.005595250387196696,0.0,0.0
2011-12-30,4.576008123916967,0.008370694687682428,0.0,0.00700774393391843,0.0,0.0
2011-12-31,4.58012906037906,0.007524226503210742,0.0,0.012149199793495095,0.0,0.0
2012-01-01,4.592125450631765,0.007677758318739055,0.0,0.011568404749612803,0.0,0.0
2012-01-02,4.699861010379062,0.0076835960303561004,0.0,0.01114713474445018,0.0,0.0
2012-01-03,4.773691335469312,0.007871570344424986,0.0,0.012533298915849252,0.0,0.0
2012-01-04,4.798344765703969,0.007380035026269703,0.0,0.011394424367578728,0.0,0.0
2012-01-05,4.842240974638993,0.008193228254524227,0.0,0.01538616417139907,0.0,0.0
2012-01-06,4.830074910920578,0.00723525977816696,0.0,0.008406298347960764,0.0,0.0
2012-01-07,4.860657042238268,0.007423234092235844,0.0,0.007346928239545689,0.0,0.0
2012-01-08,5.084840251173285,0.007975481611208406,0.0,0.00963397005678885,0.0,0.0
2012-01-09,4.7336850174187735,0.008246935201401052,0.0,0.016415074858027876,0.0,0.0
2012-01-10,4.5934043292418805,0.010102159953298306,0.0,0.015990191017036654,0.0,0.0
2012-01-11,4.589932310920575,0.014524226503210745,0.0,0.015184821941146101,0.0,0.0
2012-01-12,4.678497292238261,0.013719789842381787,0.0,0.013105317501290655,0.0,0.0
2012-01-13,4.892766243501807,0.01099124343257443,0.0,0.010278265410428498,0.0,0.0
2012-01-14,5.310222924729244,0.010150029188558085,0.0,0.012266907589055239,0.0,0.0
2012-01-15,5.611082127436822,0.015453006421482778,0.0,0.011093959783169849,0.0,0.0
2012-01-16,5.208694043682312,0.01323409223584355,0.0,0.019859060454310788,0.0,0.0
2012-01-17,5.319515342689528,0.0150128429655575,0.0,0.019192049561177076,0.0,0.0
2012-01-18,5.185641697563179,0.01730998248686515,0.0,0.015982447031491997,0.0,0.0
2012-01-19,5.085780684566784,0.016181552831290132,0.0,0.016894682447083118,0.0,0.0
2012-01-20,5.492845666787007,0.016159953298307064,0.0,0.011408363500258131,0.0,0.0
2012-01-21,5.629793321209388,0.012948628137769995,0.0,0.009631388745482704,0.0,0.0
2012-01-22,6.06046570261733,0.01853531815528313,0.0,0.009089829633453794,0.0,0.0
2012-01-23,5.737791514259924,0.015564506713368363,0.0,0.018819824419204954,0.0,0.0
2012-01-24,5.9413492777075785,0.01729713952130765,0.0,0.015197212183789364,0.0,0.0
2012-01-25,5.919908847111905,0.01891476941039113,0.0,0.012406814713474443,0.0,0.0
2012-01-26,5.906562272924182,0.01666608289550496,0.0,0.010988642281879195,0.0,0.0
2012-01-27,6.109264440162455,0.01567950963222417,0.0,0.007114093959731544,0.0,0.0
2012-01-28,6.638241878249097,0.021916520723876246,0.0,0.006780072276716572,0.0,0.0
2012-01-29,7.012990972021659,0.022417980151780502,0.0,0.009234383066597832,0.0,0.0
2012-01-30,6.797990071299637,0.023823701109165204,0.0,0.0266757873515746,0.0,0.0
2012-01-31,7.194559567509032,0.031584938704028016,0.0,0.02308415074858028,0.0,0.0
2012-02-01,7.273274366335739,0.0316841798015178,0.0,0.01949716055756324,0.0,0.0
2012-02-02,7.797845665072209,0.03877933455925278,0.0,0.015378420289106867,0.0,0.0
2012-02-03,8.113152525090255,0.04851196730881494,0.0,0.015452245740836345,0.003038701622971286,0.0
2012-02-04,8.567936818501806,0.05038762405137185,0.0,0.012409395973154361,0.005114856429463172,0.0
2012-02-05,8.999907943050538,0.05879918277875073,0.0,0.015130098089829635,0.005222222222222222,0.0
2012-02-06,8.186890794404334,0.05121541150029188,0.0,0.01892617444501807,0.006387016229712859,0.0
2012-02-07,8.203219316696751,0.05496263870402803,0.0,0.020443985596282913,0.04605118689138577,0.0
2012-02-08,9.072523465794228,0.0682556917688266,0.0,0.020842023748064015,0.04140449438202247,0.0
2012-02-09,8.694222923646217,0.0614045534150613,0.0,0.018726897263810015,0.04171285880149812,0.0
2012-02-10,9.02295396814078,0.06093695277291301,0.0,0.016332472896231284,0.041403245692883894,0.0
2012-02-11,9.227146213537903,0.0654413309982487,0.0,0.022072276768198243,0.04124968789013733,0.0
2012-02-12,9.8438158849278,0.07609748978400467,0.0,0.023077955653071764,0.041247191510611736,0.0
2012-02-13,8.95990433321299,0.061592527729130195,0.0,0.017116159008776458,0.07743195992509364,0.0
2012-02-14,8.56176804900722,0.06384296555750148,0.0,0.01567114088797109,0.1276042436953808,0.0
2012-02-15,8.500474728068586,0.06991827203736135,0.0,0.014070727929788331,0.07504619163545569,0.0
2012-02-16,8.184481045758124,0.0658441330998249,0.0,0.009275167836861126,0.03963046179775281,0.0
2012-02-17,8.116555054693148,0.06857501459427903,0.0,0.006170882808466701,0.04311985006242197,0.0
2012-02-18,8.473083937184112,0.07840630472854641,0.0,0.005118224057821373,0.0351123595505618,0.0
2012-02-19,8.987086642689523,0.08799474594279043,0.0,0.0064563758389261745,0.037807740324594254,0.0
2012-02-20,8.863364622924196,0.08239754816112084,0.0,0.017502323231801755,0.04652684194756554,0.0
2012-02-21,8.535924189711183,0.0804962054290718,0.0,0.0220418173980382,0.03867041186017478,0.0
2012-02-22,8.879075812996396,0.08167250437828372,0.0,0.01909395978316985,0.04283146092384519,0.0
2012-02-23,8.106341156588451,0.07879392883829539,0.0,0.02480588549303046,0.03527465692883895,0.0
2012-02-24,8.160908846119138,0.07859252772913018,0.0,0.02122147645844089,0.03945193495630462,0.0
2012-02-25,8.393003608032496,0.08238120256859312,0.0,0.01917294790913784,0.032692883895131086,0.0
2012-02-26,8.83346118962094,0.09742440163455926,0.0,0.018373257718120806,0.03451435717852684,0.0
2012-02-27,8.760992775270758,0.09164039696438997,0.0,0.048613836138358284,0.038133582896379525,0.0
2012-02-28,8.378885379873655,0.08772737886748395,0.0,0.0586066078988126,0.038790261922596755,0.0
2012-02-29,8.49068591723825,0.09153064798598953,0.0,0.05774806386164171,0.040225967166042445,0.0
2012-03-01,8.363014439891684,0.09481494448336251,0.0,0.05106763040784719,0.038755305867665416,0.0
2012-03-02,8.93591696787003,0.10293345014594281,0.0,0.056164171244192054,0.047589263420724094,0.0
2012-03-03,9.238189530505423,0.11335376544074717,0.0,0.05839648921011874,0.02078651672908864,0.0
2012-03-04,10.190590252256323,0.1197092819614711,0.0,0.0681822406814662,0.02200749063670412,0.0
2012-03-05,9.746570395938642,0.09886514886164625,0.0,0.058154878420237484,0.025076154681647943,0.0
2012-03-06,10.123659745758129,0.10516987740805604,0.0,0.0643877130614352,0.024377028714107365,0.0
2012-03-07,10.045700356498193,0.10955224751897255,0.0,0.06074961270005163,0.025555555181023717,0.0
2012-03-08,9.553599273646222,0.11274956211325163,0.0,0.07094372741352607,0.026031211111111112,0.0
2012-03-09,9.722501807400699,0.12654816117921777,0.0,0.07749974197212184,0.025830212109862666,0.0
2012-03-10,9.62254151859207,0.1241903093987157,0.0,0.07074599917398039,0.023852684394506867,0.0
2012-03-11,9.71473556218412,0.1338394629305312,0.0,0.06926794016520393,0.022374531960049935,0.0
2012-03-12,9.000546029873638,0.12619089316987736,0.0,0.07985647898812596,0.02244069900124844,0.0
2012-03-13,9.189800543140798,0.140424985405721,0.0,0.07136551368094991,0.022374531960049935,0.0
2012-03-14,9.36603339268953,0.13624576765907764,0.0,0.074754258905524,0.021111111111111112,0.0
2012-03-15,9.57596028718411,0.1450396963222417,0.0,0.07730820872483221,0.02049812734082397,0.0
2012-03-16,10.13373465640794,0.1468715702860479,0.0,0.08907743923593185,0.038112359425717855,0.0
2012-03-17,10.878322202797833,0.16547402206654988,0.0,0.08836912762003098,0.02156054918851436,0.0
2012-03-18,10.979367329241871,0.1734407470519557,0.0,0.08263138864223026,0.024168539325842696,0.0
2012-03-19,10.21349728916968,0.1649106831873905,0.0,0.11348167289623129,0.027535580649188512,0.0
2012-03-20,10.027444949187736,0.18948453012259195,0.0,0.13726484274651524,0.034968789138576775,0.0
2012-03-21,9.950555956498182,0.1869042615294804,0.0,0.13921941161590085,0.052469413233458176,0.0
2012-03-22,9.938595664530679,0.21377641558668994,0.0,0.13647599344346928,0.03968664169787765,0.0
2012-03-23,10.197681404332137,0.20803444249854053,0.0,0.1359654100671141,0.04668913820224719,0.0
2012-03-24,10.342953971480144,0.24286456532399295,0.0,0.12367991734641197,0.056471909987515605,0.0
2012-03-25,10.764294225992764,0.2673333332749561,0.0,0.14876045441404231,0.058456928589263414,0.0
2012-03-26,10.146411554151605,0.2403584354932866,0.0,0.1556117709344347,0.0705667913857678,0.0
2012-03-27,9.760419674187723,0.2422866316403969,0.0,0.18251368058853898,0.0626441950062422,0.0
2012-03-28,9.779681410830314,0.24264448330414481,0.0,0.21300722762003105,0.04957428239700375,0.0
2012-03-29,9.590537906588448,0.2508371277875073,0.0,0.20039597305110995,0.057797752933832706,0.0
2012-03-30,9.616844765974722,0.2432656158785755,0.0,0.18989210139390808,0.06428464419475655,0.0
2012-03-31,10.728898916335739,0.31139112661996504,0.0,0.21068146623644815,0.04156679163545569,0.0
2012-04-01,11.078719314711185,0.3145575012842965,0.0,0.2117759418688694,0.05953558064918852,0.0
2012-04-02,10.356495484115525,0.30007180373613535,0.0,0.27775219370160037,0.07429213483146067,0.0
2012-04-03,10.700931408303246,0.3260204319322825,0.0,0.33793030490449155,0.06611111123595506,0.0
2012-04-04,10.921768955505424,0.34733158207822534,0.0,0.38183686076406814,0.07972034918851437,0.0
2012-04-05,11.459633573555953,0.4064261527145359,0.0,0.4426861121837894,0.03032833957553059,0.0
2012-04-06,11.310282496028874,0.42527554033858744,0.0,0.456436241559112,0.02656554307116105,0.0
2012-04-07,11.073615522924197,0.393628721541156,0.0,0.4429406297367061,0.03487640449438202,0.0
2012-04-08,11.421305954151618,0.39431231780502046,0.0,0.44373515797625185,0.04507740337078653,0.0
2012-04-09,11.455064983483755,0.40504962049036775,0.0,0.4420531748580279,0.020538077403245942,0.0
2012-04-10,10.723549637545137,0.43113193234092234,0.0,0.4797165724832215,0.03178776516853933,0.0
2012-04-11,10.894198553429586,0.4647180385288968,0.0,0.634496127620031,0.02985143570536829,0.0
2012-04-12,10.997837545577624,0.5111646234676004,0.0,0.778814145482705,0.033302122347066164,0.0
2012-04-13,10.961936824729246,0.529002918563923,0.0,0.901883325709861,0.02066167290886392,0.0
2012-04-14,11.12855866552347,0.6114927026853476,0.0,1.0159891585957672,0.02060674157303371,0.0
2012-04-15,12.124981950812282,0.6337489783420902,0.0,1.0929261747031487,0.03767415755305868,0.0
2012-04-16,11.466838449368232,0.6304687681260949,0.0,1.2211399071244189,0.02251310861423221,0.0
2012-04-17,11.911973826534297,0.7159877406888494,0.0,1.427303045534331,0.02569038701622971,0.0
2012-04-18,11.898019859025254,0.7770245183887908,0.0,1.685303561899845,0.02459925093632959,0.0
2012-04-19,11.79040613673286,0.8623613545826033,0.0,1.8516546217346417,0.02243820224719101,0.0
2012-04-20,11.470659747472922,0.8832504379451261,0.0,1.8972849763551884,0.02357303370786517,0.0
2012-04-21,11.35249368014441,0.9378558084063047,0.0,1.9859762522457394,0.030207240948813985,0.0
2012-04-22,11.847839348014451,1.0117968475773498,0.0,2.0305028387712962,0.03497627965043695,0.0
2012-04-23,11.4602283381769,0.9773064796847647,0.0,2.144280330614353,0.03425842696629213,0.0
2012-04-24,11.281122742689512,1.0159684764156451,0.0,2.2729158493546686,0.0552471911360799,0.0
2012-04-25,11.861163359025262,1.108076474138938,0.0,2.5623603505937007,0.03193008739076155,0.0
2012-04-26,11.279672384205778,1.0794074722708704,0.0,2.583564273928758,0.03510362047440699,0.0
2012-04-27,11.020726533574017,1.1341366023350838,0.0,2.7445183271037648,0.02882896379525593,0.0
2012-04-28,12.011646213808675,1.3030963221249268,0.0,3.2180810533815194,0.034156054931335826,0.0
2012-04-29,12.960037905685924,1.4105779339171038,0.0,3.465060918275682,0.04216104868913858,0.0
2012-04-30,10.661316787274371,1.2416176297139505,0.0,2.9645689211151236,0.036913857677902624,0.0
2012-05-01,10.487315886462092,1.313660828604787,0.0,3.172653588435728,0.04350811485642946,0.0
2012-05-02,10.456804152888099,1.4251120840046683,0.0,3.481754775012908,0.035611735330836454,0.0
2012-05-03,11.36537815406138,1.5789573844133111,0.0,3.953145069592158,0.0357103620474407,0.0
2012-05-04,11.439262632761736,1.6234302393461768,0.0,4.071383582343829,0.042846441947565546,0.0
2012-05-05,11.619285201624537,1.7149859896088724,0.0,4.265741352968506,0.049694132334581774,0.0
2012-05-06,12.194922381227444,1.7285674253940462,0.0,4.41145998931337,0.06467915081148565,0.0
2012-05-07,12.003959387635378,1.7287332165790992,0.0,4.38990862080537,0.04291260923845193,0.0
2012-05-08,10.63348555857402,1.6669392880326899,0.0,4.138366545947345,0.054622971285892635,0.0
2012-05-09,10.769689533574013,1.8258096904845265,0.0,4.551747547651005,0.06713732833957553,0.0
2012-05-10,10.479537907581218,1.8223181549328635,0.0,4.647573050593702,0.0640287138576779,0.0
2012-05-11,10.019162456407953,1.8510811441914758,0.0,4.611696953536398,0.07519850199750314,0.0
2012-05-12,10.500738267960278,1.9782253359019248,0.0,4.90577749013939,0.05983770299625469,0.0
2012-05-13,10.81085469377258,2.0461173379451254,0.0,5.145092411151266,0.062461922471910125,0.0
2012-05-14,10.634703970938618,2.0766339752481033,0.0,5.205001548786789,0.060916354556804,0.0
2012-05-15,11.067093862093861,2.236613543549328,3.197,5.581116157305111,0.06924219725343321,0.0
2012-05-16,10.28985739972925,1.9267980152364268,5.02,4.530727929478576,0.08833458189762798,0.0
2012-05-17,10.252626354602898,2.328295388382952,4.734,5.675164170934433,0.07369912609238452,0.0
2012-05-18,10.712386280956682,2.4486275539404554,4.94,6.068504904388224,0.08924968776529339,0.0
2012-05-19,10.515529782581238,2.5158867483946272,5.025,6.155321115436238,0.07433333333333333,0.0
2012-05-20,11.405176895397133,2.723802685113838,5.959,6.733887455291687,0.07131460674157303,0.0
2012-05-21,10.399093864801433,2.571520140280212,4.849,6.286925658544141,0.09769912621722847,3.91
2012-05-22,9.568957580595665,2.5045008756567397,4.685,6.21833505477542,0.10117602983770287,5.233
2012-05-23,9.176203066787004,2.52602802107414,4.388,6.365010842333498,0.10067415742821471,5.515
2012-05-24,9.02575180351984,2.558956217338004,3.377,6.5313159539494166,0.08839575530586766,5.785
2012-05-25,8.953313177617316,2.672419147869238,4.54,6.706673721115127,0.08930711598002497,5.6450000000000005
2012-05-26,9.15059837527077,2.714742556859314,4.494,6.89271966840475,0.07926466903870164,7.029
2012-05-27,9.443780686191332,2.830398715820201,4.621,7.1896680420237455,0.08665418227215979,6.894
2012-05-28,9.099733757490963,2.7928820779334482,5.014,6.993671140887967,0.09346941310861424,6.5200000000000005
2012-05-29,8.999726535108307,2.8242936369527145,4.569,7.071774392720695,0.08185518102372036,8.215
2012-05-30,8.963119131949457,2.903099241097493,4.454,7.139116158131128,0.07812734082397005,5.812
2012-05-31,9.110157038086637,2.9369048457092832,4.633,7.433816210480121,0.07894506866416978,6.531
2012-06-01,9.263105596660635,2.938586690134267,4.637,7.69416313856478,0.08133957553058675,8.065
2012-06-02,9.502366424729242,3.0745528308231167,4.979,8.124490448218896,0.07011860174781523,6.144
2012-06-03,10.570725633393508,3.2921984823701096,4.929,8.960089829375322,0.07687016229712858,8.145
2012-06-04,10.050951265072198,3.1338610621716314,4.784,8.502026845224568,0.09268289637952559,7.428
2012-06-05,10.561208485559565,3.321158786281376,5.019,8.79458647449664,0.09724843957553057,6.662
2012-06-06,9.638827620126373,3.102726795213073,4.857,8.18561073810015,0.08796504369538075,7.821
2012-06-07,9.993106495667863,3.2248131932866317,5.129,8.725619512287043,0.10770911348314606,7.979
2012-06-08,10.294500899909755,3.2142177468184485,4.853,8.861672173928765,0.11541448189762799,6.009
2012-06-09,9.949908845577612,3.2194261527145334,5.067,8.667318018430574,0.11164169825218476,6.669
2012-06-10,10.58440162463899,3.4461412725043794,4.789,9.233570986990175,0.11713233445692883,5.979
2012-06-11,10.867306861642614,3.552250437594859,5.06,9.82496334697988,0.12384394506866417,7.029
2012-06-12,10.52138989088448,3.481828371161698,5.671,9.670395457460007,0.17399875156054936,6.608
2012-06-13,9.615274367238266,2.4161605370110895,0.094,6.7491362925658205,0.08623970037453182,5.607
2012-06-14,9.69706317635379,3.0547390535901955,0.0,7.985639647702632,0.1394069913857678,6.821
2012-06-15,9.546934114711213,2.4559515469352022,0.0,6.9067883310273634,0.09689263445692883,0.104
2012-06-16,9.7577888072202,2.595416228488032,4.115,6.969708828755824,0.08377652946317103,5.923
2012-06-17,10.154820398736458,3.5684325746059544,4.905,9.754135778368603,0.1266504369538077,6.704
2012-06-18,9.768149818231043,3.462176298715704,5.539,9.245738255601438,0.1257578027465668,6.739
2012-06-19,9.268973825180506,3.3766602448920064,4.478,8.977965410480138,0.12248689138576777,6.271
2012-06-20,9.172753610379065,3.3427624046701667,3.932,8.929518326742404,0.11924719101123597,5.509
2012-06-21,9.655205775902509,3.470326327729125,3.935,9.359751679194645,0.14468289625468164,5.579
2012-06-22,9.531248196750896,3.517127845884419,4.019,9.521727413680944,0.12961048689138574,6.636
2012-06-23,9.837768049368243,3.549145359019261,4.977,9.73073877098605,0.11880774032459426,7.72
2012-06-24,10.379002706046904,3.6638009340922366,4.666,10.138860608260199,0.13769538077403246,7.73
2012-06-25,9.423598376173292,3.482290718155286,4.85,9.328755292410962,0.10283395767790263,5.976
2012-06-26,9.509633575,3.4667308814360758,4.637,9.223938564326286,0.1090187265917603,6.006
2012-06-27,9.584798736732854,3.520815528079391,4.536,9.203849767836854,0.12883146029962547,6.552
2012-06-28,9.215212997111902,3.5013666087565634,4.829,9.185653070418162,0.12903121111111113,5.587
2012-06-29,9.411900721028887,3.475289550671341,4.784,9.268207536654606,0.12357927590511861,6.506
2012-06-30,9.328391698916969,3.5330029182720373,4.593,9.259224574599893,0.11091510611735333,5.449
2012-07-01,9.941663357671484,3.704837127962638,4.219,9.858600930769242,0.10883895131086146,6.394
2012-07-02,9.818785198014442,3.7054080557501505,4.909,9.913419203097572,0.1404069911360799,5.942
2012-07-03,9.687513535920575,3.6111091646818467,4.607,9.626478059370159,0.11830836454431959,6.306
2012-07-04,9.399157038989157,3.539788091185057,4.632,9.462684563190498,0.1294419475655431,5.53
2012-07-05,9.246416065162448,3.6507373026269585,4.878,9.56904646293236,0.15156928851435708,6.019
2012-07-06,9.450870034296026,3.8029638061295925,4.707,9.956011873773889,0.14549812734082399,5.82
2012-07-07,9.71142328492779,3.9982031521307717,4.944,10.385290139597304,0.17493508127340826,6.999
2012-07-08,10.315269855956668,4.199740221774667,4.668,11.317733092049563,0.19392259650436947,6.328
2012-07-09,9.837146207400714,4.054248102860476,5.006,10.625442951729477,0.17355181036204742,8.692
2012-07-10,9.550938630054157,4.00415469947461,4.882,10.669797107124424,0.16900499350811482,5.402
2012-07-11,9.567023465703956,4.002626970461181,4.902,10.567852348012412,0.1814918851435705,6.231
2012-07-12,9.604865523104717,4.041025101868069,4.809,10.720426948528639,0.2610212233458177,5.735
2012-07-13,9.73577165929603,4.114471103210744,4.755,10.713594732318034,0.248539324968789,5.942
2012-07-14,10.027190435559566,4.27057559836544,4.731,11.398014455601448,0.2852372037453183,6.928
2012-07-15,9.97784747093861,4.295956216812607,5.149,11.517070211048027,0.2765181028714107,5.38
2012-07-16,9.958662453880866,4.2948283711033275,4.601,11.351648425606609,0.30584394506866425,6.058
2012-07-17,9.358531589350177,4.151626970227671,5.016,10.78143572519361,0.278856429588015,6.247
2012-07-18,9.507979240884467,4.204362522650317,4.993,10.95553381481672,0.26090387016229716,5.691
2012-07-19,9.423733754602907,4.189498540805606,5.132,10.960283426122878,0.30285518127340827,6.718
2012-07-20,9.496607401444052,4.122401050846466,3.753,10.953305628394416,0.32606991223470655,5.454
2012-07-21,9.369452167509035,4.109927612259195,3.874,10.807098090758917,0.312987515980025,5.264
2012-07-22,9.476282489169673,4.216892001926448,4.15,10.911892101084142,0.2991061172284645,5.955
2012-07-23,9.28768862924187,4.1244051373029755,4.172,10.509165203871978,0.2751098629213483,5.839
2012-07-24,9.005300542689513,4.131230006304728,4.358,10.462094991481695,0.28255305867665415,5.735
2012-07-25,9.13081768853791,4.178582603736141,4.039,10.56836086639133,0.26395505655430707,6.115
2012-07-26,8.950888990252713,4.154270286047859,4.01,10.468699536344873,0.2916092384519351,5.875
2012-07-27,9.422267148826737,4.264598949387045,3.744,10.875121320856989,0.2855343324594257,6.673
2012-07-28,9.324892597472932,4.207863980502041,4.219,10.65789158404746,0.28752684132334577,6.081
2012-07-29,9.7835397116426,4.42453648598949,4.004,11.358754773257614,0.3033782767790262,6.789
2012-07-30,9.2875225633574,4.119131932516045,4.564,10.73922767320598,0.2668039947565543,5.639
2012-07-31,9.462685018501823,4.201007005487448,4.1450000000000005,10.876165203045929,0.31054431910112357,5.675
2012-08-01,9.264412454332128,4.1778108578517275,3.909,10.66171347465153,0.3117340827715356,5.581
2012-08-02,9.071094762545126,4.11918622305896,4.016,10.57765049065564,0.31783270898876403,5.777
2012-08-03,9.145291517057766,4.133163456158774,3.984,10.626251419308202,0.3282534329588015,5.444
2012-08-04,9.303948555595651,4.291377699299473,4.487,10.80011822452246,0.2940024968789014,5.459
2012-08-05,9.983953974729252,4.431761237186223,4.62,11.523724315797601,0.3284332082397004,5.559
2012-08-06,9.397511731859208,4.2554938699941625,4.313,11.046034070934427,0.31511360786516845,6.119
2012-08-07,9.30905505442238,4.189223584997078,3.973,11.015449664739291,0.3317702875156055,6.109
2012-08-08,9.192177798646219,4.112668417688264,4.141,10.646813113784196,0.3020661679151061,5.972
2012-08-09,9.170724728339348,4.079938704261525,3.891,10.58892204517296,0.3497902624219725,5.357
2012-08-10,9.089537905866424,4.08367600677175,3.802,10.629299948115634,0.3227952563046192,5.592
2012-08-11,9.248920577075802,4.206702860361941,4.35,10.596032009241084,0.2894194752808989,6.079
2012-08-12,9.63353519819495,4.406549912667827,3.776,11.103914816572045,0.3119200995006242,6.579
2012-08-13,9.135691335288824,4.193516637478103,3.948,10.805457408466717,0.3006554307116104,6.698
2012-08-14,8.87724368366427,4.067704612317568,3.577,10.570297884770243,0.31532709063670405,6.352
2012-08-15,9.306750901173283,4.143425569410391,4.328,10.762911203768713,0.3362222222222223,7.075
2012-08-16,9.184731046750901,4.094929947694102,3.996,10.543824469488886,0.3195955049937577,6.264
2012-08-17,8.819989171931416,4.015755983654403,4.392,10.363968507743925,0.3177328332084895,6.7860000000000005
2012-08-18,9.087651624548737,4.205576182078225,4.499,10.634803820289118,0.32232709113607977,7.104
2012-08-19,9.707500901805064,4.498102159836541,4.174,11.338055238771306,0.35202996254681657,6.582
2012-08-20,9.29586642563177,4.250566842031516,4.477,10.781870935828614,0.3330861424469413,7.612999999999999
2012-08-21,9.107128156678698,4.149207822650323,4.219,10.498008776974709,0.33923720362047444,6.572
2012-08-22,9.080254511552335,4.079953882019847,4.193,10.36047754300463,0.2914294630461922,6.959
2012-08-23,9.126090249639006,4.043205487273791,4.203,10.306132679194661,0.314405743196005,6.607
2012-08-24,9.076252708754517,4.095302977174549,4.486,10.468929270779553,0.32951810274656684,6.224
2012-08-25,9.237210289169669,4.220740221307651,5.338,10.820611254052665,0.3128639202247192,6.865
2012-08-26,9.344506318501807,4.102793928838291,5.331,10.799911721115105,0.31572784019975036,7.735
2012-08-27,9.591898011732848,4.275450087565688,5.542,11.037444502581291,0.30519850187265923,7.837
2012-08-28,9.237131769043296,4.082464098365447,5.332,10.758080535983513,0.30733333295880144,7.154
2012-08-29,9.671363720036101,4.19552305925277,5.02,11.010341249354694,0.32374531810237206,6.288
2012-08-30,9.576102885830316,4.119322825861067,5.149,11.210866286990182,0.3571260918851436,6.384
2012-08-31,9.277591157581238,4.025181552656163,4.763,10.886061951522969,0.36319975006242206,6.678
2012-09-01,9.591434117238267,4.177834209106833,4.417,11.086862156995357,0.3071210983770288,7.4
2012-09-02,10.409682309747291,4.445330997431409,4.388,12.067738255188445,0.41136329588014997,7.334
2012-09-03,9.666941334837547,4.1941803854641035,4.556,11.172094474806435,0.3441598001248439,6.0600000000000005
2012-09-04,9.59287545144403,4.214513135201397,4.7620000000000005,11.127979348890033,0.37572659163545574,7.16
2012-09-05,9.415315884657046,4.08999474635144,4.474,10.921744449974174,0.3297890139825219,5.813
2012-09-06,9.30071119187725,4.049728546584937,4.2250000000000005,10.786526071192581,0.37297503108614244,6.46
2012-09-07,9.190138086010814,4.039175715528302,4.359,10.770782137325764,0.3850324591760299,7.628
2012-09-08,9.35604061498194,4.212956800817273,5.101,11.030449661796569,0.34253682908863925,6.435
2012-09-09,9.904845666967514,4.3427250447168655,4.253,11.467527103820348,0.3694818976279651,7.61
2012-09-10,9.732231950451261,4.332698774430826,4.334,11.374061434228162,0.37371410749063677,7.009
2012-09-11,9.312805956498183,4.197501459486278,4.491,11.065552914403728,0.36760799051186016,6.176
2012-09-12,9.467091156137187,4.175360186514884,4.468,11.1034305610222,0.44297378189762804,6.49
2012-09-13,9.429418772472921,4.098561587507297,4.745,11.071272070779553,0.5827116102372034,7.604
2012-09-14,9.524503609747287,4.14175306415645,4.336,11.111718120908627,0.7842858925093635,6.78
2012-09-15,9.659687724729254,4.25407413905429,4.434,11.201442437480642,0.7933670413233457,6.896
2012-09-16,10.282419674368223,4.519802685230595,4.649,12.101153847960768,0.8940449440699124,8.469
2012-09-17,9.825716605505423,4.306295388441331,4.609,11.464473413629312,1.1102022469413235,6.326
2012-09-18,9.800797835559576,4.29484705160537,4.549,11.264471862932366,1.374960049812733,6.388
2012-09-19,9.915153431137181,4.344395213251606,4.484,11.583569438409896,1.5642883897627966,7.674
2012-09-20,10.020752708844762,4.272315819731468,4.6450000000000005,11.493882810170371,1.7561660429463168,6.975
2012-09-21,10.162616425180495,4.357415644775249,4.414,11.72800980949925,1.9885081149812731,6.903
2012-09-22,10.28195216651624,4.4314827786339785,4.256,12.072314918585443,1.9687478162297118,7.788
2012-09-23,12.037314980776173,5.174410391768833,4.789,13.97754362323179,2.4245543057428214,9.219
2012-09-24,11.054653428068596,4.6840519557501406,4.812,12.908644295095518,2.608921347315854,8.229000000000001
2012-09-25,10.671309568772546,4.433859312084058,4.442,12.295659266804337,2.7974731590511857,8.498
2012-09-26,10.776792419675077,4.510347343549333,4.628,12.445171399845144,3.166141072284646,9.155
2012-09-27,10.908141695667867,4.3882755398715805,4.5600000000000005,12.262556533144046,3.385624219350813,6.093
2012-09-28,10.778928700992772,4.406292469585525,4.402,12.3230495594218,3.679659177028714,6.1930000000000005
2012-09-29,10.998367327617323,4.472700524985406,4.491,12.430752710686617,3.7881073667915084,6.213
2012-09-30,11.800888990072185,4.790314652772913,4.504,13.505215796695897,4.1798739083645415,6.291
2012-10-01,11.131746388357403,4.561084647285469,4.569,12.76424884006195,4.1904794003745325,6.578
2012-10-02,10.929704869584857,4.511977233683598,4.509,12.48476148657717,4.4801061166042455,5.958
2012-10-03,10.91351263781588,4.5024010505545835,4.417,12.503092412441925,4.6707253430711635,5.284
2012-10-04,10.908157945938619,4.511635143082315,4.66,12.389969025554997,4.801662921722843,5.795
2012-10-05,11.039935922833946,4.575593694862826,4.785,12.763139908466686,5.155465667665412,5.068
2012-10-06,11.133650722563175,4.6644074724460065,4.371,12.658538463293757,5.176952559800251,5.367
2012-10-07,11.90048375189532,4.905292469468774,4.331,13.554007744966443,5.549751560674157,7.597
2012-10-08,11.894690435108302,4.841045534325742,4.869,13.486690760144546,5.759709115605492,7.093
2012-10-09,11.253222921841175,4.678389959603033,4.423,12.870330923128572,5.670484394132333,5.197
2012-10-10,11.334759027978334,4.65700642200817,4.695,12.784390294940627,5.9195655430711644,5.318
2012-10-11,11.66309837581227,4.831665499182713,5.104,13.357281878368623,6.524999998002493,5.8
2012-10-12,11.388326712725632,4.629255691535314,4.621,12.722715023231773,6.711191010237207,5.956
2012-10-13,11.730918771389877,4.884669001225922,4.551,13.374728964274636,7.288780274032462,7.362
2012-10-14,12.694086643050515,5.057538236077053,4.6690000000000005,14.264564790294253,7.693484394132339,6.866
2012-10-15,11.914455774729234,4.880066550087571,4.4590000000000005,13.642886940320109,7.314052435081155,6.729
2012-10-16,11.453274370036112,4.781804436835955,4.468,13.127490449509512,7.478925092509367,4.618
2012-10-17,11.447727437725613,4.695070635960307,4.364,13.018448113939069,7.569667916229715,3.789
2012-10-18,11.0922842982852,4.660903677758325,4.904,12.77078213582857,7.9633970031211,6.09
2012-10-19,11.548111913898925,4.885446000934046,4.38,13.582985546360357,8.891932586017482,6.819
2012-10-20,11.824572205505426,5.016595446409805,4.535,13.534440888125971,9.278044942571798,6.597
2012-10-21,12.677067690794212,5.318795096380621,4.772,14.3786763019618,9.865086141323339,5.905
2012-10-22,11.866305958574008,4.935166374547576,4.3870000000000005,13.541152815126475,9.389480649313358,4.623
2012-10-23,11.757006317960258,4.914258610916519,4.722,13.26079917310273,9.619091136828972,6.976
2012-10-24,11.151890795306853,4.789341505779334,4.5920000000000005,12.943854930046463,9.637612981897618,6.043
2012-10-25,11.614359204783387,4.901882662288379,4.492,13.214792461641684,10.356288388264671,5.656
2012-10-26,12.369220217418789,5.074399883420912,4.871,14.1425854390811,11.305607991385767,7.758
2012-10-27,13.145798738176891,5.315197898307057,4.638,14.926374805420751,12.20608489538078,8.273
2012-10-28,14.14941245342962,5.61849153467601,4.978,15.907816212854913,13.056116102372037,8.941
2012-10-29,12.943435015884491,5.192993578458845,4.737,14.494229219308176,11.767649185642941,8.147
2012-10-30,12.635559568321305,5.062555166433161,4.615,14.286558597005689,11.602293381023724,8.825
2012-10-31,12.775870938808689,5.0604973723292455,4.635,14.273430561073848,11.567393258177288,9.196
2012-11-01,12.665081225000012,5.04572095761822,5.0360000000000005,14.197023746928243,11.641699125593016,9.019
2012-11-02,13.005899820306876,5.011768242673667,4.24,14.609772327413538,11.951359552309622,7.724
2012-11-03,13.40557129666065,5.290231757209578,4.268,14.981627257305108,12.42426966104869,9.064
2012-11-04,14.853749094404336,5.782030354349093,4.233,16.586378937842014,13.933635459675408,8.714
2012-11-05,13.475079422743676,5.219116169643899,4.601,15.039806919308187,12.310249691760308,7.728
2012-11-06,13.66126263339352,5.237621132691182,5.68,15.215719669695401,12.620920100124852,8.699
2012-11-07,13.550703971028891,5.2119270283128944,4.67,14.668683528859052,12.179581773657933,8.43
2012-11-08,13.013977437364622,5.061260361879744,4.604,14.34144243933917,11.962963795255927,8.363
2012-11-09,12.837698556046943,5.075880326970228,4.623,14.415432110583355,11.957514353807737,7.486
2012-11-10,13.490251806768958,5.30822183420899,4.468,14.96000825885388,12.620362048439462,8.557
2012-11-11,14.166659746931407,5.508147110157621,4.489,15.839486316933424,13.292897622846429,8.622
2012-11-12,13.478766246028897,5.242785171628727,4.934,14.948137841507481,12.68826966179776,8.918
2012-11-13,12.465937724458472,4.900667251021598,4.763,14.137470313887441,11.962162299001243,8.235
2012-11-14,12.576487356317697,5.037373029188552,4.584,13.937842020185858,11.88962921011236,8.665
2012-11-15,12.876898010649832,5.011368943666076,4.601,14.421817755291666,12.103404491260928,8.769
2012-11-16,13.275543322382678,5.0891331000583735,4.752,14.882269486886964,12.606234708988756,8.477
2012-11-17,13.458788811101087,5.269322242323415,4.814,15.11292668988128,12.888362044818965,8.545
2012-11-18,14.40128880902527,5.441805020023355,4.49,15.767154879194626,13.706333330337053,9.621
2012-11-19,13.53337003285199,5.193646818330421,4.696,14.96954878668045,12.732098625593,8.734
2012-11-20,13.281847472472919,5.170924109748982,4.665,14.846380483892608,12.641358301872653,7.314
2012-11-21,13.366002706859238,5.242092235318152,4.816,14.889273102994313,12.486067416729073,8.004
2012-11-22,12.939237365342954,5.0440934036777625,4.906,14.474682500051632,12.230866420724091,8.257
2012-11-23,12.942231950270758,4.968848803327487,4.627,14.45837119349509,12.522541822471927,7.627
2012-11-24,14.210473830595683,5.463770578517223,4.8580000000000005,15.817517811099645,13.87831585692882,8.219
2012-11-25,14.226057766516256,5.512586690542913,4.949,16.062012390087723,13.815813983270894,10.627
2012-11-26,13.556644404873644,5.202453589725621,5.178,15.16251058471865,12.883515601997505,8.902
2012-11-27,13.770257222653436,5.2805265614711105,4.731,15.395557043211149,13.055478152933821,8.437
2012-11-28,14.321730142509017,5.350848803794512,4.668,15.705781103975209,13.36722346891384,8.185
2012-11-29,14.439355596119132,5.331417396263862,4.775,15.836468251626238,13.595639200998743,7.64
2012-11-30,14.802666066155213,5.363644483887927,4.745,16.21540784439854,13.742277155555549,8.553
2012-12-01,15.520758117328532,5.764204903327503,4.995,17.345974188797104,14.828855181273399,10.148
2012-12-02,16.45225000252709,5.973860478400475,5.056,18.05941714186889,15.421207241947574,8.811
2012-12-03,14.63448916931409,5.499373614594281,4.771,16.382706763551884,13.877706618227199,8.168
2012-12-04,14.65359295315886,5.4362183307063505,4.672,16.200847703923603,13.5632496886392,9.521
2012-12-05,15.240259026985568,5.543406887799184,4.915,16.931495093959704,14.001709111860148,8.869
2012-12-06,15.535731050812274,5.688096321599521,4.946,17.150692827155414,14.61327091048689,7.419
2012-12-07,15.30711011010828,5.48792002416814,4.811,17.03468094842541,14.41121972709113,7.456
2012-12-08,15.273802346119123,5.6039486279626365,4.689,16.80320392214766,14.500292133583013,9.084
2012-12-09,15.881337545848385,5.876461179451246,4.907,17.743479092049583,15.157918851935072,10.509
2012-12-10,14.906728334476542,5.503600115820196,4.738,16.638232316675275,13.805986263920088,8.204
2012-12-11,14.812276172292425,5.0508639800934105,4.707,15.644208050232342,12.117672913358295,9.073
2012-12-12,15.760826717148012,5.727036194804447,5.034,17.65690242725866,14.75330087503118,8.785
2012-12-13,15.720683219223844,5.681426152948046,4.945,17.79910221817239,14.987835206616717,8.058
2012-12-14,15.314259926263537,5.595991243666094,4.665,17.51989623500262,14.740595500249686,8.475
2012-12-15,14.63586913222024,5.370120256100413,4.725,16.57805420872487,14.112875157428215,7.987999999999999
2012-12-16,14.892916966335756,5.553205487448925,4.659,16.939079503562176,14.610474407740323,9.33
2012-12-17,14.135719314079434,5.141677758902513,4.918,15.819240576561668,13.579519352184777,8.342
2012-12-18,14.191546028249109,5.17296088744892,4.753,15.865556014145575,13.391333331835213,8.747
2012-12-19,14.707851980054143,5.284738469410383,4.744,16.481204955085172,14.004227215730332,9.312
2012-12-20,14.369007219584827,5.283602451780488,4.572,16.28534176680434,13.859182269413212,8.804
2012-12-21,14.380922378790604,5.030781085755985,4.855,15.930843056220967,13.602342075905101,8.989
2012-12-22,14.48539981696749,5.27824693596031,4.866,16.302075890862145,14.35627840199751,10.586
2012-12-23,13.89404964151628,5.074302393228241,4.84,15.715582859525044,14.064377024594245,8.581
2012-12-24,14.072733752707586,4.878322825335662,4.839,15.938049559783188,14.504866415855197,8.638
2012-12-25,14.31533844521661,4.94414827840048,4.7860000000000005,16.75040681584923,15.228661673907618,9.655
2012-12-26,13.381972023194923,4.732453005720963,4.837,15.4716659765617,14.27539076354556,8.926
2012-12-27,13.717656138267131,4.939328662988909,4.834,15.694962312287046,13.981583019350833,9.413
2012-12-28,13.741771665162421,5.0279206061879735,4.7940000000000005,15.480487351884353,13.788460675156044,8.021
2012-12-29,13.600379962545135,5.131313485055446,4.718,15.315382032627777,13.524569285642942,8.409
2012-12-30,13.76099006750901,5.207684179276122,4.745,15.548002580536913,14.1094407,8.37
2012-12-31,13.848255416516254,5.218063046760065,5.001,15.639120803045952,13.747077402871414,7.814
2013-01-01,13.75467689738269,5.141388791418562,4.788,15.599197726484267,13.719014985143572,8.898
2013-01-02,14.143805054963899,5.2054109745475765,4.747,15.857847702891055,13.630483144694145,8.185
2013-01-03,13.560609203158826,4.955161121074147,4.68,14.959822921992783,12.895887639950063,7.698
2013-01-04,13.30779512500002,5.026415062113254,5.051,15.083515228807427,12.931803994756555,6.549
2013-01-05,13.611414259747313,5.226329829538818,4.602,15.43177542545174,13.251907615106115,9.541
2013-01-06,14.56631137202167,5.487450087682427,4.718,16.316559110480135,14.108077402746567,9.155
2013-01-07,13.682705776353805,5.093977232924699,4.7620000000000005,15.498030458750637,12.917288391136099,8.336
2013-01-08,13.089551441787004,4.944999415936958,5.0,14.983915335931847,12.438951308489385,7.629
2013-01-09,13.248178700270767,5.021831874138936,4.707,15.091163138977835,12.466304619725337,8.333
2013-01-10,14.231208482852002,5.2041138356684105,4.646,16.074557561848216,13.348968789637945,7.795
2013-01-11,14.3340749111011,5.13888091015762,4.928,16.03681208213735,13.674215978277134,7.373
2013-01-12,15.40154332274368,5.5982761235259675,4.781000000000001,17.21159679747033,14.877735331086145,8.451
2013-01-13,15.988399815342966,5.7862930532983,5.0440000000000005,18.18654259246259,15.475815229088653,9.617
2013-01-14,15.542407939079432,5.584183888324581,5.116,17.621671656066074,14.552588014856422,8.333
2013-01-15,15.350520760649797,5.441919439813197,5.394,17.280775943366034,14.293077401373267,9.382
2013-01-16,15.73669133104692,5.563755398890826,4.949,17.511658747857496,14.327837704369538,8.586
2013-01-17,15.796663360830319,5.611552832340906,5.386,17.720424364894182,14.488921343945066,8.569
2013-01-18,16.55992238185923,5.947779918680676,5.196,18.62082240650487,15.824325845068655,8.299
2013-01-19,17.235064981768954,6.379176300175119,5.178,19.61191378105314,16.06793008938828,8.319
2013-01-20,17.475344766877257,6.532940454932863,5.016,20.07627258507998,16.475820229962554,6.995
2013-01-21,16.39562093610108,5.956472854173964,4.991,18.578507484305632,15.122607990137334,7.915
2013-01-22,16.02483844765342,5.708144191943953,5.357,18.032101702219933,14.88578901585519,7.715
2013-01-23,15.786807760649797,5.770022768009351,4.8,17.72608208451215,14.569325836704117,7.019
2013-01-24,15.707970218682314,5.690957385230596,5.016,17.84171089179144,14.62581523770287,9.203
2013-01-25,15.876603787906154,5.64334559176883,5.31,17.844591117965958,14.869383267790246,7.772
2013-01-26,15.088337545216588,5.515289550846469,4.485,16.985503355498196,14.388996250436955,8.081
2013-01-27,15.037461186913374,5.581897256567433,5.013,17.17721579788335,14.398770283520586,7.529
2013-01-28,14.506940433483756,5.2700887319322804,4.896,16.383924109137837,13.72889013420722,8.297
2013-01-29,13.487060468592073,5.013911266258023,4.995,15.37867217315435,13.09509113820227,6.424
2013-01-30,12.921073101353787,4.826953298540579,4.809,14.677408876923067,12.280353308863893,6.265
2013-01-31,13.02726083402527,4.823883829480451,4.788,14.992408361435212,12.689194754182292,6.4030000000000005
2013-02-01,13.440415160379073,4.941839462638637,4.891,15.209198246566851,13.346036207365787,7.152
2013-02-02,14.33437995875452,5.297796847927611,4.72,16.335612804904493,13.974147321598009,6.332
2013-02-03,15.488812270126344,5.599709281903108,4.888,17.65196747547754,15.029362051810246,8.223
2013-02-04,13.419875451444044,5.003790426269697,5.195,15.459185340733073,12.927831463920091,6.694
2013-02-05,13.940137185649826,5.13774314022184,4.904,15.94157563138873,13.406657933208512,7.245
2013-02-06,14.120433211371848,5.210779333800359,4.804,16.318147648941657,13.741509362921358,7.457
2013-02-07,14.178350178068602,5.153410391652077,4.971,16.353834280175512,13.59033957328338,7.668
2013-02-08,14.112060468050556,5.057472855399889,4.917,16.096085180123897,13.632247189263408,7.6
2013-02-09,14.930343865072176,5.431908931757153,4.7620000000000005,16.936594733918437,14.77525218227216,8.853
2013-02-10,15.746476536732832,5.834493287098654,4.764,17.85016572008256,15.639690391136071,9.027
2013-02-11,15.278171482761714,5.522011675890236,5.047,17.286790915074857,14.640755300998737,9.547
2013-02-12,15.193925992148015,5.411163456450678,5.2,17.167591122147645,14.477086147315855,8.048
2013-02-13,14.952146204241897,5.366868067250439,4.969,16.831216831491997,14.107770285268419,9.486
2013-02-14,14.136213902346572,5.1102948046117955,4.883,15.792276713990717,13.26283769862672,7.753
2013-02-15,13.363451268231048,4.96815002971395,4.917,15.238387713371218,13.057167294257157,8.288
2013-02-16,13.422305056678702,5.129300641739633,5.241,15.015340730717591,13.222151063795268,8.414
2013-02-17,13.67810198601082,5.2879200237011,4.9350000000000005,15.82106401533299,13.73537453008739,8.368
2013-02-18,13.326750904151629,5.019335085288969,5.184,15.256508000361396,12.636495630961301,7.806
2013-02-19,13.230507218140792,4.872118505545836,5.049,14.968420752968527,12.813732830212265,7.969
2013-02-20,13.591175093321311,5.0389392882078266,4.744,15.445507487403207,13.081073659051187,7.524
2013-02-21,14.87847382400723,5.319703442848797,5.216,16.956500260402695,14.345339579400752,8.032
2013-02-22,15.059408840342973,5.1748453008756465,4.904,17.062102217346403,14.474515602372039,9.264
2013-02-23,15.232391696119157,5.393881495213075,4.752,17.544451728136323,15.215076154556796,9.337
2013-02-24,16.102564979422347,5.73972737939288,4.741,18.54259989215282,16.087480646067423,8.325
2013-02-25,15.205985559657014,5.353492117980154,4.742,17.37661796613321,14.496951306242197,8.37
2013-02-26,14.589414260108311,5.259639812842954,4.753,16.66733350635001,13.938766544319613,8.657
2013-02-27,14.188669677346576,4.867366024927024,4.779,15.940086731027385,13.585297125343317,7.374
2013-02-28,13.912806860288823,4.891603034792761,4.479,15.72563086871452,13.715803993757776,6.542
2013-03-01,14.039499093953083,4.8364874491535295,4.828,15.765965408569974,13.9117153590512,6.936
2013-03-02,14.186567690433211,4.955823118272041,4.738,16.173266911048028,14.23169911985018,7.851
2013-03-03,14.540277070667882,5.102465849387038,4.72,16.96105007521943,14.439607994007492,7.783
2013-03-04,13.304307761642612,4.667825452422659,4.627,15.122502838203426,12.948856426342076,9.279
2013-03-05,12.36725000207581,4.542918856450678,4.461,14.284560144863171,12.310154807240933,7.691
2013-03-06,12.201128154963914,4.476354932224165,4.894,14.039806399432102,12.011203494007486,7.393
2013-03-07,12.346071300361016,4.542349095213078,4.43,14.38334796143521,12.283304618102362,8.983
2013-03-08,12.37427707472924,4.537337419206065,4.558,14.391930305988671,12.430717849937572,6.175
2013-03-09,12.854858301173289,4.788950379509636,4.549,15.287547752968488,13.340776527215974,9.432
2013-03-10,14.484981945036106,5.1735458251021536,4.827,17.044892620134252,14.607593004619238,8.998
2013-03-11,15.259572202436818,5.1656438991243405,4.712,17.35597521858544,14.724453184519355,9.007
2013-03-12,15.206953967599269,5.081076474956224,4.73,16.846788331492007,14.4526104837703,8.422
2013-03-13,14.252394396841165,4.8106088726795155,5.047,15.954397524006195,13.499308367290894,8.897
2013-03-14,13.747887180415171,4.653661413251598,4.745,15.530125452813618,13.26871910062422,8.484
2013-03-15,13.315162455776164,4.6480764744892,4.676,15.200105833763565,13.370205991635462,8.24
2013-03-16,13.98700992518048,4.9312043198482085,4.62,16.092841508724828,13.69466916042448,8.861
2013-03-17,14.217013536010839,5.022570344775251,4.756,16.700908622405784,14.328031211985008,9.454
2013-03-18,13.716561370487367,4.721276707297139,4.961,15.630011876974717,13.088397006117342,8.043
2013-03-19,13.156748194223846,4.637753648628144,4.718,15.099347443417685,12.436257175655431,7.967
2013-03-20,13.452015334747284,4.693149445475777,4.937,15.45490501037686,12.885770284769038,7.832
2013-03-21,13.04021118772562,4.595747227553995,5.07,15.279032010222014,13.029679152559316,8.886
2013-03-22,14.004121838357413,4.7932358429655695,4.865,15.917651007124435,13.54908613807742,8.203
2013-03-23,15.401653429693138,5.253600116112088,4.831,17.807535878626748,15.182488138701636,7.544
2013-03-24,16.81638899007222,5.593286048161117,4.989,19.13644966437795,16.25413358601747,8.691
2013-03-25,15.356079421750895,5.071387039287794,4.798,17.312614353587993,14.746564291136096,8.651
2013-03-26,15.170817687725638,5.039964973905428,5.027,17.15882240376874,14.06053307528091,9.207
2013-03-27,14.522077613447637,4.858901926094573,4.742,16.631381519204943,13.732504373782762,7.862
2013-03-28,13.961739169945844,4.649664331290138,4.924,16.009120802839448,13.360394510861418,8.761
2013-03-29,13.674284298555962,4.92469060110917,5.17,16.219067115436243,13.88220849013732,7.876
2013-03-30,13.241999095306872,4.68013426748395,4.731,15.720088279349486,13.284479403245939,9.584
2013-03-31,13.49050090523464,4.608360771161709,4.845,15.918860611357768,13.5662022476904,8.217
2013-04-01,13.594859203971115,4.793647985639233,4.997,15.837659267991759,13.483054933583022,7.903
2013-04-02,12.74325180550543,4.428246935318154,4.769,15.082525555498208,12.464808987640456,7.58
2013-04-03,13.581694948555956,4.708655574255686,4.8660000000000005,15.857738253226662,13.24955555430712,8.315
2013-04-04,13.879177798465689,4.778757151021591,5.241,16.177533297676803,13.781917601872665,7.081
2013-04-05,13.432249999729246,4.548248103093985,4.809,15.529129583118202,13.241302117977517,8.353
2013-04-06,12.461729242057755,4.463223583420902,4.854,14.671763550593683,12.545779028714117,9.526
2013-04-07,12.581351983935024,4.4720507881494465,4.868,14.756635001032528,12.557161050936333,7.277
2013-04-08,11.776974733303259,4.252023934676005,4.946,14.136557048322139,11.817865165543076,7.705
2013-04-09,12.098093862725646,4.358622300000009,4.758,14.552873519101723,12.180428218476914,8.015
2013-04-10,11.621240074819497,4.1593175715119655,4.688,13.800200308311812,11.643072407116097,7.647
2013-04-11,11.639161549458478,4.29532340863981,4.606,14.087258647857517,11.755978774781514,7.61
2013-04-12,11.701315881046938,4.202614711033268,4.563,13.62173412622612,11.731747817103617,7.392
2013-04-13,11.603107399007214,4.362852889375373,4.724,13.808615384873535,12.13153058589264,8.366
2013-04-14,11.081530683754517,4.2451412725043784,5.053,13.173397519669601,11.347470660424486,7.164
2013-04-15,10.236566786101072,3.9991115001751347,4.6530000000000005,12.334167784615394,10.19325842434457,7.674
2013-04-16,10.073981046209395,3.9692942205487536,4.72,12.232928754981936,10.093779021972534,6.763
2013-04-17,9.970344765252712,3.9833741969060155,4.635,12.152636551161587,10.066282145817727,7.136
2013-04-18,10.168446747382681,3.9150227671336775,4.671,12.25277439514715,10.151951309488144,6.616
2013-04-19,10.391154333303247,3.9156310568009314,4.604,12.495102736396511,10.523434455680404,6.269
2013-04-20,10.200353792779788,4.005559836602446,4.644,12.621260194630874,10.553699124843956,7.956
2013-04-21,10.923820399368237,4.180195563514301,4.7330000000000005,13.214676303407321,11.221438203745318,7.891
2013-04-22,10.248422378339354,3.9740256856976055,4.76,12.486442436499752,10.385675406117349,8.37
2013-04-23,9.451021661642597,3.726292469293636,4.621,11.443211667217357,9.515359551935084,6.982
2013-04-24,9.372901626624543,3.8009387040863967,4.777,11.430530717088281,9.399539324843936,6.258
2013-04-25,8.88592779512636,3.6992463513134886,4.546,10.99506659855447,8.90412234868915,5.79
2013-04-26,9.435681409296052,3.7857810859311107,4.906,11.62550025565311,9.729575532709113,6.373
2013-04-27,10.313209387815894,3.9915890250437838,4.694,12.729059369488919,10.393966292259668,7.507
2013-04-28,10.790675096750906,4.179171628429659,4.912,13.340302014093954,11.106107366416968,6.806
2013-04-29,9.880627255324912,3.8588704027437215,4.827,12.031804853897803,9.855071160299628,5.8870000000000005
2013-04-30,9.643636281227426,3.7923572680093507,4.697,11.767136294011353,9.481927593008736,6.064
2013-05-01,9.442030685649817,3.7950046697022697,4.642,11.769062984253992,9.412253434207253,5.901
2013-05-02,9.259333934837533,3.655617629655579,4.726,11.378206503820348,9.289822721722846,6.192
2013-05-03,8.901984657852,3.619732048861646,4.479,11.18662158074342,9.172290886017478,6.216
2013-05-04,9.307059566606505,3.807202568534734,4.668,11.85384666628805,9.792649186392014,8.114
2013-05-05,9.272587544404335,3.8067320488616505,4.543,11.741713991739765,9.6473645451935,7.685
2013-05-06,9.103192239350188,3.7631272622883833,4.508,11.498534846308706,9.511478150062414,6.487
2013-05-07,8.741870036371854,3.6533257448336203,4.556,11.042625707279296,9.100327091635464,5.867
2013-05-08,8.966397112093851,3.698181553239925,4.627,11.366921011461033,9.207652931960043,6.103
2013-05-09,9.280964802075806,3.761977816870989,4.55,11.54518792003097,9.52511610337079,6.0680000000000005
2013-05-10,9.086797834566793,3.707784004670168,4.689,11.443149714248804,9.471151061423228,7.169
2013-05-11,9.778314982310475,3.9715528311150057,4.568,12.389461023025277,10.194154808114874,7.292
2013-05-12,10.297408844494578,4.138354348161123,4.65,13.137767167578719,10.864235955181028,7.536
2013-05-13,9.230574006317681,3.7496654986573246,4.769,11.8565611773877,9.581986265792752,5.789
2013-05-14,9.829648016335748,3.9921231760070026,4.635,12.475403716313876,9.955413235830216,6.673
2013-05-15,9.843187726534289,3.8997769999416243,4.663,12.4012441932886,10.085580522097375,5.902
2013-05-16,9.328212996299658,3.772465265791011,4.72,11.89305059261747,9.44793008764045,6.851
2013-05-17,9.805528883032487,3.841796847518977,4.752,12.352414038203403,10.097320847940082,6.1
2013-05-18,9.811539708303242,3.8773327493286587,4.577,12.149229736912735,10.010936330961291,7.628
2013-05-19,9.746667871750896,3.9064781090484546,4.654,12.269367578420217,10.291239701123585,6.432
2013-05-20,9.46963537788808,3.8165755981903104,4.474,12.062915332008254,9.917250939575526,6.987
2013-05-21,9.219401625541531,3.6884442500875614,4.946,11.727668044450198,9.654354558801503,6.729
2013-05-22,9.34171389557762,3.7218803266199676,4.743,11.773963343727406,9.682544319850203,6.659
2013-05-23,9.413470216877245,3.721711616812615,4.845,11.908788848631927,9.736069910736578,7.134
2013-05-24,10.327309567328507,3.9592136598949215,4.98,12.684415589106868,10.501399498252185,7.933
2013-05-25,9.738163358483742,3.840857559778168,4.803,12.016228187041818,9.99889138264669,6.792
2013-05-26,9.13213718212996,3.671572095446583,4.714,11.289134226226157,9.627828962921333,6.514
2013-05-27,8.991527977256323,3.7788429649737276,4.6770000000000005,11.336262777077964,9.29039450649189,6.181
2013-05-28,9.500324007129958,3.839254524109751,4.918,12.068417140887997,9.608802749313353,7.665
2013-05-29,9.565157038447657,3.8884769408639817,4.891,12.170583891997943,9.958158551186022,8.982
2013-05-30,9.444259928790602,3.814988324635142,4.617,12.21365049039751,9.73367290861424,7.727
2013-05-31,8.959488265974734,3.6195423230589663,4.596,11.189122869437265,9.191282148314626,5.148
2013-06-01,8.84248465712997,3.693917688791593,4.503,11.232785750955077,9.368345817478152,5.423
2013-06-02,9.167837545306861,3.6961354351430202,4.563,11.564342799122358,9.829107365917599,4.333
2013-06-03,8.460577615703967,3.509232340572091,4.607,10.782373257459973,8.945069913483133,4.519
2013-06-04,8.423318593321307,3.4466649152948037,4.595,10.68397108926174,8.729589264169789,4.591
2013-06-05,8.377944944765344,3.467064798832461,4.182,10.62885028482189,8.827455679275905,4.751
2013-06-06,8.268706676985568,3.465772329130185,4.126,10.517819306866295,8.935724095380785,5.484
2013-06-07,8.358990973736462,3.4871406893169867,4.212,10.673607121166771,8.977777777652939,5.115
2013-06-08,8.479450359296033,3.585795680268533,4.432,10.980463603768722,9.244479399126092,4.937
2013-06-09,9.46109025324911,3.8552556911266787,4.582,12.14070728043364,10.344680400374545,6.003
2013-06-10,8.941040612364613,3.62278166946877,4.474,11.439124419927722,9.406806490387014,4.615
2013-06-11,8.779348376353779,3.568572679451253,4.567,11.293586473412482,9.324339576903869,4.484
2013-06-12,8.956686822292419,3.6759410392878014,4.627,11.546406298038182,9.572036202372031,5.809
2013-06-13,8.925036100902531,3.560304728312899,4.564,11.43318430650491,9.358893883270909,6.353
2013-06-14,8.573035198194951,3.4660782253940443,4.5,10.8984011368095,9.067157302372046,5.282
2013-06-15,8.951621841155243,3.7015627552831227,4.585,11.434840992307697,9.693596754182261,7.643
2013-06-16,8.912225631859197,3.733551664039695,4.513,11.80444398642231,9.955372033583007,7.091
2013-06-17,8.398232851895301,3.4997945134267385,4.515,11.023654619204972,9.030340822347082,6.586
2013-06-18,8.355446750812293,3.5324325739638085,4.422,10.953576147960783,9.071200996629212,8.211
2013-06-19,8.137015343862815,3.5189264450671356,4.456,10.697660816365508,8.872697877153556,6.72
2013-06-20,8.341833032220213,3.5970922355516715,4.213,10.910227672328359,9.014406991011239,7.336
2013-06-21,8.158750902527085,3.5104938704028097,4.24,10.81300154852865,8.896082394257185,6.355
2013-06-22,8.587947652707589,3.665090484296558,4.546,11.145481672225086,9.383215979900125,5.301
2013-06-23,9.294851984927801,3.8297244604203153,4.51,11.937867836964381,10.070245944319607,6.431
2013-06-24,8.683454873465703,3.542949795504963,4.532,11.262761486938542,9.21997877652935,7.066
2013-06-25,8.460119133574006,3.458792177699938,4.6530000000000005,10.909587504801245,8.879997502496876,6.15
2013-06-26,8.38180685965704,3.3948884994162216,4.524,10.701731543933914,8.78755056267166,6.492
2013-06-27,8.445094765523457,3.4395487449503794,4.663,10.771797625916363,8.899995005493137,6.149
2013-06-28,8.659662452707593,3.463283713193226,4.496,11.06709705761486,9.06629962409489,6.096
2013-06-29,8.269238269404342,3.460265032165788,4.386,10.761452246824996,9.110749064169788,6.523
2013-06-30,8.706720216787023,3.638217162813785,4.522,11.196700568766142,9.449054932584268,6.591
2013-07-01,8.297752706588446,3.510249270110916,4.511,10.785355704439851,8.972307118102368,6.715
2013-07-02,8.46481678691335,3.508834792469357,4.783,11.043352605678878,9.01435954931336,5.599
2013-07-03,8.335372743682312,3.4788704027437305,4.359,10.992641714145583,8.997143569413227,5.467
2013-07-04,8.102285198194936,3.4036993577349772,4.476,10.736558079762514,8.86607989787766,5.551
2013-07-05,8.073619133844756,3.41392819597198,4.444,10.59815178131131,8.846554306866414,5.045
2013-07-06,8.10139891949458,3.501335084354935,4.3100000000000005,10.627333504852889,8.681621723845199,5.187
2013-07-07,8.45786100911552,3.654059544308233,4.589,11.031376869901885,9.145605493882641,6.365
2013-07-08,8.049662455685922,3.4626339753648603,4.314,10.599894165926687,8.699043694881395,5.878
2013-07-09,7.970792418501805,3.3944868652656144,4.463,10.485032523335027,8.51394506729089,6.99
2013-07-10,7.872597472472935,3.445736719322819,4.36,10.410954569540515,8.559970037453185,6.0680000000000005
2013-07-11,7.855850180324911,3.3614185639813203,4.62,10.341080537170905,8.496377028214736,6.947
2013-07-12,7.9836805067689545,3.3504092234675973,4.381,10.331459473619008,8.613066168164789,6.006
2013-07-13,7.8854214814981844,3.4652516058377114,4.229,10.552243675477547,8.817028715480642,5.246
2013-07-14,8.300710288989174,3.605988324927033,4.327,11.012563241507488,9.372006241947568,6.974
2013-07-15,8.000312275541523,3.53860128441331,4.259,10.647880226019632,9.058641697627962,6.143
2013-07-16,8.00473104774368,3.5484658491535366,4.304,10.598564274290153,8.879892635830213,6.596
2013-07-17,8.082384476624554,3.5899702280210173,4.324,10.669054723799695,8.835662921847687,6.409
2013-07-18,7.953987365703968,3.5716584938704052,4.346,10.545406815178081,8.859611734956305,6.035
2013-07-19,7.867193141516244,3.4974856977816624,4.379,10.375599380485276,8.729168538701625,6.039
2013-07-20,7.9331886277978345,3.538582019848214,4.168,10.577471862622598,8.9790474400749,7.498
2013-07-21,8.074481047292416,3.6138219496789206,4.215,10.779275683531235,9.299423219600497,6.65
2013-07-22,8.145369132581232,3.5721144186223,4.2010000000000005,10.793838409602474,9.156792755555545,6.361
2013-07-23,8.130285197021664,3.590843549328664,4.588,10.914796593701583,9.106644193383278,7.158
2013-07-24,7.78521570315885,3.445173379743141,4.309,10.446527102994288,8.72503995118601,6.89
2013-07-25,7.870909746660659,3.495183304261527,4.263,10.576022198244697,8.81683895018727,7.444
2013-07-26,7.809349278068593,3.465260361762991,4.37,10.481087250283961,8.912157303245941,6.502
2013-07-27,7.864722922743687,3.5432988904845306,4.311,10.677045949251413,9.092971287141077,7.102
2013-07-28,8.117919674277978,3.565564506654987,4.18,10.778108416881777,9.230076155181031,6.95
2013-07-29,7.795208483483754,3.4328756569176884,4.292,10.486073826381014,8.777955056804,5.932
2013-07-30,7.931194042418781,3.421179801926442,4.2700000000000005,10.656964377026334,8.796720347565543,6.002
2013-07-31,7.904343864079427,3.434251605078807,4.418,10.57365255632422,8.746841448938834,6.367
2013-08-01,7.807026172833926,3.4177629890251104,4.261,10.502696436809492,8.746716604868917,6.098
2013-08-02,7.89352707644405,3.4783175715703467,4.28,10.457301498193106,9.053531833458178,6.5440000000000005
2013-08-03,7.607089350541513,3.4473601865148886,4.27,10.137344345998958,8.681062420848939,7.393
2013-08-04,7.8599097464801355,3.5315528315236424,4.269,10.667123903407335,9.04187390861423,7.489
2013-08-05,7.8714539691335705,3.4701173380035084,4.23,10.551915331956616,8.990365790886397,6.219
2013-08-06,7.607894404151622,3.3573578517221296,4.375,10.144766132576136,8.640956305617978,7.776
2013-08-07,7.530907039259937,3.315351430764741,4.166,10.068920494475975,8.445719101498115,5.954
2013-08-08,7.527987363537911,3.2839912433742033,4.251,10.127157977852347,8.599896379650437,6.763
2013-08-09,7.69398195027076,3.2935236427904244,4.54,10.092991740526607,8.607891384269651,6.649
2013-08-10,7.762492779151622,3.3270455340338576,4.339,9.986615902065035,8.771977528589249,6.331
2013-08-11,7.894490974638979,3.4559988325160553,4.631,10.55792978951986,9.024222221598004,6.651
2013-08-12,7.691649818050534,3.314716870869818,4.4190000000000005,10.213927724883868,8.838393259550564,6.614
2013-08-13,7.653448556317701,3.290133683829544,4.331,10.218582345482709,8.619993757053678,5.726
2013-08-14,7.651901623736459,3.2613473436660785,4.502,10.172728445998956,8.63842446803996,5.222
2013-08-15,7.68742328438628,3.317876240688851,4.343,10.324706245431083,8.671308365043702,5.856
2013-08-16,7.8444593863718435,3.274696439229423,4.442,10.362781620495605,8.835203494631715,6.749
2013-08-17,8.033510828339358,3.35426970227671,4.393,10.491971606298385,9.015325842946314,6.001
2013-08-18,8.13981769061372,3.440178050321072,4.53,10.709195664945808,9.358255929588005,7.549
2013-08-19,7.735403429512631,3.2213309981319327,4.526,10.276326276974718,8.838644195380768,6.195
2013-08-20,7.601070397111916,3.2228342091068343,4.332,10.08079039638617,8.556865167540577,5.914
2013-08-21,7.6147481935920585,3.2747974314652626,4.648,10.082620547289652,8.561389512109859,6.676
2013-08-22,7.975957580685919,3.346012259311148,4.471,10.602305111048025,9.011223473158545,6.542
2013-08-23,7.728090252256322,3.2772504375948617,4.406,10.264546719772843,8.750915106117352,6.698
2013-08-24,8.129179602888074,3.451268534734383,4.23,10.859012387661355,9.269290885518107,7.106
2013-08-25,7.923347473285196,3.365165790893169,4.206,10.718458441713972,9.125093634332083,7.377
2013-08-26,8.156083034025265,3.4143730297723334,4.292,10.631763033918434,9.050893883770302,6.878
2013-08-27,7.815870035198553,3.2473455927028563,4.339,10.39921011817242,8.805208490137332,6.4510000000000005
2013-08-28,7.770596571389886,3.244725044074721,4.553,10.24281775947341,8.740717852059923,6.004
2013-08-29,7.663629062003604,3.246984238237014,4.44,10.188713473619002,8.603771534082403,6.4
2013-08-30,7.763337545216616,3.3205382370110867,4.718,10.290266391378415,8.765818975655428,6.477
2013-08-31,7.734658844133574,3.345276124168115,4.439,10.429903974754774,8.84905618002497,6.602
2013-09-01,8.3136633563177,3.471990075831866,4.58,11.037092925554967,9.544803992634208,5.994
2013-09-02,7.832889891335737,3.2771646232924714,4.408,10.604712441817249,9.109433207865173,5.835
2013-09-03,7.821646209747302,3.2965055457092878,4.388,10.60608053572534,9.053000000749055,6.28
2013-09-04,7.832884476353786,3.3044985404553406,4.312,10.657223540423322,8.9349450672909,6.679
2013-09-05,7.813870940613714,3.326452422708701,4.195,10.683584923076939,9.108347066916359,6.699
2013-09-06,8.089526173646217,3.3768336252772926,4.291,11.053758388745486,9.180028714232215,6.2780000000000005
2013-09-07,8.08449097617329,3.3030017511383516,4.319,11.121329889158503,9.273169786766552,7.925
2013-09-08,8.629918773555952,3.4677857559252767,4.522,11.730451212803306,10.161334579650445,7.867
2013-09-09,8.693609207129965,3.392496788908346,4.508,11.772600412183785,9.786041198501872,7.652
2013-09-10,8.708446750541516,3.4044827790426164,4.615,11.657913267372239,9.533736579026218,6.963
2013-09-11,8.813818593953059,3.4028832454174047,4.591,11.773461536138354,9.880443196254697,7.135
2013-09-12,8.603637183844764,3.349361354290715,4.301,11.315426432111513,9.56245692921349,6.749
2013-09-13,8.808505415342964,3.4687267954465812,4.564,11.646522970986034,9.947192260299627,6.256
2013-09-14,9.274138989169685,3.5866812609457126,4.531000000000001,12.329051110325253,10.420456929088644,8.093
2013-09-15,9.72544855523467,3.8764997084063078,4.67,13.069017552297368,11.260282146317104,8.741
2013-09-16,8.930677798194948,3.4699824871570355,4.612,11.95593340113578,9.781332085018729,6.736
2013-09-17,9.286341156859198,3.541864565090484,4.482,12.297808467268977,10.196789012234701,6.944
2013-09-18,8.96625722057762,3.4565248099824886,4.471,11.787852865307165,9.692992510861428,6.467
2013-09-19,9.297151623104709,3.5518920022767047,4.47,12.026866802632952,9.917062421722846,6.445
2013-09-20,8.96612364584837,3.406896088616458,4.375,11.588266906969546,9.667032458177278,8.233
2013-09-21,9.060459386732848,3.545002918855803,4.484,11.91192978874545,10.013770285642956,8.781
2013-09-22,9.254315883393508,3.747377700175129,4.761,12.674957150645316,10.499037450811485,7.905
2013-09-23,8.764877255866441,3.4651652073555157,4.713,11.735753225348468,9.523003741323333,7.109
2013-09-24,8.351644405956682,3.40284471722125,4.509,11.284636551626217,9.376292134831456,6.931
2013-09-25,8.345691334205773,3.4226719205487464,4.599,11.351192564894173,9.444285893008747,6.987
2013-09-26,8.391555956588437,3.4393753654991213,3.73,11.47725245028397,9.48308489375781,6.165
2013-09-27,8.348151623285188,3.357262113193225,3.241,11.316826536396482,9.415436953682894,6.555
2013-09-28,8.854213898014459,3.5894121426736754,4.545,11.92474290206505,9.841184770411983,7.185
2013-09-29,9.307177799097477,3.649328663164039,4.751,12.568956116830137,10.399224721473145,6.914
2013-09-30,8.806045123646205,3.43909165207239,4.373,11.73612699896748,9.69435081011236,6.04
2013-10-01,8.859926896209377,3.5116351428488026,4.465,11.825147132627787,9.635746564169786,7.462
2013-10-02,8.79092238158845,3.495903677875066,4.538,11.862719153742917,9.754745314731583,7.086
2013-10-03,8.831760828249099,3.476965557443083,4.557,11.70624832250906,9.77845692871411,6.764
2013-10-04,8.573220217599285,3.4696123764156437,4.441,11.484995352761993,9.529598003245948,6.659
2013-10-05,9.093754510830324,3.5551307649153476,4.574,12.086721217294786,10.08317352933834,6.259
2013-10-06,9.307300541155227,3.687244599474603,4.398,12.335724312803304,10.325364544818976,7.525
2013-10-07,8.82920306642599,3.5002475186223037,4.739,11.792354670624654,9.931808988139828,6.814
2013-10-08,8.58773285216606,3.4342971395213064,4.374,11.592409911151247,9.704805243820218,6.997
2013-10-09,8.83814350270759,3.5203969647985978,4.477,11.749481157821359,9.903475655555555,7.359
2013-10-10,9.455358301444045,3.57960945697607,4.579,12.189544139855427,10.198362044818973,6.344
2013-10-11,10.149893503519838,3.7321669586689996,4.776,12.91762932431594,10.936162295131098,6.89
2013-10-12,9.80863898871842,3.6679416227086996,4.393,12.639569951522999,10.405257180149809,8.293
2013-10-13,11.226891697743671,4.122931698949213,4.539,14.434394420650483,12.014282143945067,7.464
2013-10-14,10.194177798104691,3.7537589030356084,4.529,13.278043882137304,10.92771160848938,8.08
2013-10-15,9.6854557774368,3.61107355545826,4.733,12.771649974445044,10.588438199375782,7.849
2013-10-16,10.132017148465708,3.7096625801517864,4.474,13.219457925296869,10.801340823845203,6.874
2013-10-17,9.624873644945852,3.5945563338587188,4.594,12.433096026329364,10.344717853058677,6.565
2013-10-18,9.536111010379066,3.5569065970811438,4.866,12.295180692823953,10.184640447565542,7.518
2013-10-19,9.688898914079413,3.675488032807944,4.594,12.660648943314419,10.527382021473144,8.414
2013-10-20,10.174036099548728,3.8611844718038535,4.57,13.36965875172947,11.25384394843945,8.026
2013-10-21,9.371620938086652,3.6215551664915333,4.586,12.57247289685081,10.308935078776532,7.847
2013-10-22,9.259789711010821,3.664133100000006,4.628,12.252273102581299,10.1148789011236,7.587
2013-10-23,9.096179601624536,3.574216579217749,4.4270000000000005,12.121813113629317,9.957289637203507,6.713
2013-10-24,9.212835740342955,3.571969644016343,4.5840000000000005,12.059122352090874,10.119652932209746,8.05
2013-10-25,9.16860379043321,3.5517513131932335,4.453,12.044078987506433,10.119364543195998,8.072
2013-10-26,9.446444945216612,3.7781932286631608,4.372,12.70446824956115,10.467905119101129,8.147
2013-10-27,10.249554151624547,4.054326910799767,4.705,13.631100154207527,11.156881399750308,7.828
2013-10-28,9.765009929422371,3.8322948042031513,4.595,13.003075891326814,10.936735334082389,7.734
2013-10-29,9.868050539079409,3.796946876707527,4.514,13.072509550800198,10.887136080399493,7.302
2013-10-30,10.030486460740088,3.7640198479859963,4.415,13.082240577697455,10.801328339700373,7.414
2013-10-31,10.008662455234658,3.7587851723876207,4.4190000000000005,13.109250386938538,11.01539076092384,7.085
2013-11-01,9.97091967319494,3.695080560361941,4.534,12.867358801652038,10.825958801373293,7.214
2013-11-02,9.737851083213002,3.847835960478693,4.529,13.14708260273617,11.162355805867671,9.287
2013-11-03,11.001235561371836,4.206067133274952,4.349,14.470547237170871,12.380289632833966,7.683
2013-11-04,10.37383573808664,3.857451839404549,4.331,13.553169335931843,11.49065543233457,7.894
2013-11-05,10.748657941426002,4.019234676065383,4.705,14.104075375219404,11.784418226966272,7.315
2013-11-06,10.569470214981942,3.951947460186807,4.542,13.764813114868375,11.507199747690384,8.085
2013-11-07,10.296515344584824,3.7959141856392313,4.78,13.221124934383052,11.168173528838947,8.186
2013-11-08,10.668409747292415,3.8983467597781654,4.503,13.85444398425402,11.530676652434463,7.974
2013-11-09,11.472815885018047,4.175120255925282,4.69,14.88394424362419,12.412589263046195,7.762
2013-11-10,11.869449457310457,4.197255107939276,4.651,15.163176048012392,12.75466666666665,8.178
2013-11-11,11.193797833212994,4.002500292235846,4.714,14.535081570108398,12.089103618102376,7.482
2013-11-12,10.406581229873657,3.873564506538236,4.555,13.730019101755316,11.442746566292143,6.88
2013-11-13,10.920773464079417,3.917761237536485,4.717,14.045130611925698,11.615543068539337,7.203
2013-11-14,10.923653427075806,3.850661996730878,4.7780000000000005,13.98018689019103,11.734986270287154,7.178
2013-11-15,11.238804148194962,3.9263514302977263,4.558,14.069348477594227,11.851520594881405,7.42
2013-11-16,11.742185917238277,4.0561996496205515,4.428,14.793645327516804,12.370761544943834,7.524
2013-11-17,12.148873649458485,4.2932802100408605,4.665,15.512274648270513,13.323029962421964,7.755
2013-11-18,11.458182309115516,3.9851739638645705,4.605,14.415163139700587,12.20286641535581,7.876
2013-11-19,11.461566785740084,4.004265031465266,4.844,14.52719204899331,12.090918848938813,6.991
2013-11-20,12.176120032400723,4.212853472854642,4.615,15.563231802581308,12.818742824594263,7.929
2013-11-21,12.043901628249097,4.180209573496794,4.734,15.110378422560647,12.820032457677915,8.463
2013-11-22,12.170887184747295,4.056674255516639,4.605,14.935400623283401,12.5033146022472,7.445
2013-11-23,12.301367327346572,4.211492703852887,4.418,15.1794935466701,13.051514355555542,9.029
2013-11-24,12.790170576895317,4.372884413134856,4.673,16.085329377645817,13.756067419600498,8.045
2013-11-25,12.065134478610108,4.064157617805024,4.58,15.025073308260227,12.469706616729116,7.576
2013-11-26,11.800591152797839,4.074746059486277,4.905,14.929900878729987,12.245815231710345,7.396
2013-11-27,12.058772566064993,4.156276706771743,4.455,14.846945790036138,12.35004369450686,8.016
2013-11-28,11.352703971480157,3.993574431523647,4.481,14.317057825090348,11.912429458052415,7.775
2013-11-29,11.49796570189532,3.954870986690015,4.694,14.15520650320082,11.81993507990012,8.246
2013-11-30,11.783226534296032,4.1442580266783375,4.475,14.939872999225585,12.523664167290894,8.731
2013-12-01,12.448592059115539,4.390892585697603,4.633,15.840144035260709,13.57146442209738,8.706
2013-12-02,11.448833931678704,4.054516637945127,4.475,14.579029943933927,12.159550556928837,8.018
2013-12-03,11.629991876985548,4.050717454991242,4.557,14.89264016174495,12.250223468539328,7.842
2013-12-04,11.630271661823107,4.049266783537652,4.65,14.731453792359284,12.224575527840214,8.449
2013-12-05,12.089610110108305,4.12741272656159,4.712,15.378667009344326,12.871468164794015,7.654
2013-12-06,11.979235554602885,4.066154115469933,4.714,15.07947186453277,12.427948816354547,7.625
2013-12-07,12.02032761218412,4.2187699938704055,4.63,15.557849253381525,12.925379522347045,7.661
2013-12-08,12.021106501263542,4.376600117162881,4.659,15.663452247651009,13.352759053308368,7.624
2013-12-09,11.33160108285199,4.0134413304728564,4.582,14.553371709034561,12.261436951935105,8.109
2013-12-10,11.577192239079425,4.01357618213661,4.535,14.776370676716548,12.29867041473159,8.906
2013-12-11,11.922540613447667,4.119320490718043,4.578,15.210069178265371,12.591017480274644,7.945
2013-12-12,11.95530685649819,4.0207227090484485,4.54,15.032060919772816,12.748355803870167,8.249
2013-12-13,11.775748191335746,4.065662580502045,4.573,14.563081054620525,12.463714103495636,8.063
2013-12-14,12.071726534747292,4.185909515586693,4.607,15.005265872379972,12.949183518726612,9.74
2013-12-15,12.537234656678706,4.397325160712199,4.693,15.665695919617972,13.550232209612995,9.308
2013-12-16,11.337023469314092,3.995474021833046,4.66,14.402159524625699,12.175681648439456,7.809
2013-12-17,11.356446751263539,4.100791593461762,4.566,14.778179660247798,12.290509361548079,7.785
2013-12-18,11.391698558032497,4.064427320081723,4.531,14.53434383107897,12.475084895380762,8.144
2013-12-19,11.361398916696745,4.051870402393469,4.721,14.869846155291683,12.666310864793997,7.043
2013-12-20,11.677424184747307,4.01513660268535,4.625,14.891990706298412,12.53453183258429,9.084
2013-12-21,12.096245490613745,4.283802101576187,4.566,15.754132164274635,13.337922594506873,8.84
2013-12-22,11.839231950992792,4.185089900817284,4.626,15.504250386886955,13.30447066092384,7.707
2013-12-23,12.107598377978343,4.1540507878575665,4.8,15.663016518843564,13.292840198626704,8.807
2013-12-24,11.826014441426002,3.9846047872154156,4.673,15.693477023851335,13.529367045318367,9.602
2013-12-25,12.295790612003616,3.805767075948631,4.635,16.632312851368102,14.520841446816473,10.514
2013-12-26,11.308587545758119,3.713117337828371,4.816,15.473719669437248,13.2348664204744,9.954
2013-12-27,11.517358306949456,3.87501167501459,4.679,15.348410943159495,12.958785263545574,9.072
2013-12-28,11.555385381046941,3.996802101167552,4.709,15.109200824728955,12.922900124469397,8.078
2013-12-29,12.125805051534302,4.162176298482197,4.562,15.406735672586487,13.326397004744068,8.239
2013-12-30,12.022215702797828,4.183863981903095,4.726,15.233473928291177,12.829835205493136,8.616999999999999
2013-12-31,12.062092058032478,4.144401634617628,4.627,15.352383069127502,13.151181024469393,8.617
2014-01-01,12.314370939981963,4.3378283714535915,4.772,15.916522455188442,13.498325848189756,8.63
2014-01-02,11.409362816696753,4.021288383304146,4.722,14.451995353484788,12.127545563670413,7.852
2014-01-03,11.741602889440442,4.133260361295965,4.654,14.817216829788327,12.238018727590513,7.397
2014-01-04,12.182994581046923,4.290252772679506,4.615,15.427691791584927,13.00754806367041,7.935
2014-01-05,12.966010830234664,4.473820781844718,4.562,16.133820342127,13.777335829088633,8.696
2014-01-06,11.572557761101097,4.061897256217159,4.806,14.776542589777996,12.208047442946324,8.802999999999999
2014-01-07,11.380606498555936,4.0567250438412135,4.875,14.621247285234878,11.967500622097372,8.179
2014-01-08,11.025207580776183,4.021004086806776,4.712,14.215733092617437,11.817297125842709,8.084
2014-01-09,11.311044222653447,3.9533555167542263,4.932,14.23129478833249,12.01803246004996,7.534
2014-01-10,11.481839351714793,3.9811330994746146,4.438,14.390392359266908,12.145734078651685,8.289
2014-01-11,11.827113720397131,4.126478692586111,4.647,14.628542592256093,12.602086147815236,9.139
2014-01-12,13.115835741335726,4.514492702918856,4.683,16.247242641868873,13.820554305742835,8.602
2014-01-13,11.57071931389892,4.036664915294807,4.773,14.529616932214777,12.313269661797747,7.928
2014-01-14,11.555119130866409,3.9899830701692904,4.751,14.616906552813655,12.01407865131085,7.143
2014-01-15,11.352995489169674,4.009230590017515,4.776,14.321122870211635,12.022556801498105,8.43
2014-01-16,11.10333484305055,3.9414249858727413,4.664,13.997005680175523,11.782583023220978,7.743
2014-01-17,11.276388990252714,3.924608289433738,4.447,14.312221991068656,11.983933833333333,7.918
2014-01-18,11.40457761534298,4.177328663339182,4.501,14.870816726639111,12.51284394332085,9.387
2014-01-19,11.726009027256326,3.6380753063047284,4.682,12.941751161228725,11.990363295131084,9.33
2014-01-20,11.377151624277985,4.034692935960299,4.611,14.722554980227153,12.26925343233457,7.375
2014-01-21,11.56817599503612,3.9787308816112086,4.797,14.604135262467732,12.135911358302126,9.555
2014-01-22,11.420883573736463,3.899031523525985,4.456,14.238322147754268,11.818595507116125,7.966
2014-01-23,11.405963901444043,3.984018679918275,4.771,14.597184823799715,11.970724094506881,7.8
2014-01-24,11.57631317851984,3.9976415645067194,4.6850000000000005,14.689883324470834,12.084614230461934,7.916
2014-01-25,11.845438629963905,4.110576765849383,4.454,14.865358801445524,12.386322101498116,7.842
2014-01-26,12.90631498240073,4.416051955808528,4.644,16.367782651884355,13.662702870037439,8.882
2014-01-27,11.867284297382644,4.089004670052529,4.784,15.172870935054213,12.500239704119846,7.875
2014-01-28,11.924398016696749,4.022699941447743,4.829,14.872546721941148,12.068711615355822,8.261
2014-01-29,12.097542424097474,4.1607898413893745,4.363,15.102864222250895,12.448546814981276,9.526
2014-01-30,11.837412454151625,4.096394629889086,4.903,15.032438306349997,12.35766541635456,7.807
2014-01-31,12.143805056498195,4.1169912430823095,4.631,15.167093443933934,12.622756546691633,8.526
2014-02-01,11.585336643050537,4.186483362230009,4.464,15.103270004130112,12.44407490461923,8.633000000000001
2014-02-02,12.184115526444051,4.282084646701692,4.698,15.451727410067111,12.754242197003752,8.677
2014-02-03,11.470783391877266,3.9656561598949183,4.71,14.392024265926675,11.963114852184775,8.025
2014-02-04,11.17252436299638,3.9659748979568,4.719,14.170414042849783,11.74836453932585,7.674
2014-02-05,11.533967509927802,4.035468184763578,4.838,14.48033763536398,12.213931332334571,8.169
2014-02-06,11.56292058005416,4.107489784413309,4.68,14.55496334517294,12.062632961423228,7.588
2014-02-07,11.19209566669675,3.909000584004672,4.5920000000000005,13.77903768812597,11.85927590799002,6.2700000000000005
2014-02-08,11.55041064990974,4.124400467425567,4.723,14.638561693649972,12.570585514856432,6.096
2014-02-09,12.365037908754505,4.317365440747219,4.822,15.357726901342264,13.214662925842699,8.148
2014-02-10,11.329164260920573,4.006990659369527,5.153,14.276065564119753,12.026982522846458,6.928
2014-02-11,11.49056227554151,4.088256858785759,4.722,14.622255032318025,11.947197252808976,8.722
2014-02-12,11.854849273104694,4.167786922825455,4.758,14.722653070986084,12.420700372784033,8.431000000000001
2014-02-13,11.469444045216612,3.976178050788085,4.817,14.285164170779552,11.922057425842684,8.278
2014-02-14,12.10811010866426,4.251446001284296,4.95,14.781165722405795,12.613780274032464,7.906
2014-02-15,11.427948554422379,4.152617046468176,4.599,14.400132163397013,12.45651560461923,9.022
2014-02-16,11.44042148050542,4.129156450087569,4.791,14.630819822560657,12.506657928339566,7.52
2014-02-17,10.927187727075802,3.937497372504376,4.57,13.834405780898306,11.750786514981272,7.0520000000000005
2014-02-18,10.560988264891682,3.9243222419731465,4.626,13.593639643520898,11.533660427091139,8.62
2014-02-19,10.608155231137184,3.8565119674839385,4.6450000000000005,13.416643265462065,11.359113606741571,7.141
2014-02-20,10.44296209142599,3.8621511964390014,4.607,13.268998968146644,11.275649186392021,7.5
2014-02-21,10.464897110740056,3.8192387625218887,4.582,13.079369643624153,11.420937576029958,7.751
2014-02-22,10.633139891425996,3.893981902977235,4.62,13.506572535673712,11.627097377902626,9.164
