day,avg_energy,maxtempC,mintempC,totalSnow_cm,sunHour,uvIndex,moon_illumination,WindGustKmph,cloudcover,humidity,precipMM,pressure,visibility,winddirDegree,IsBankHoliday
2011-11-23,6.952692315384615,10.0,5.0,0.0,8.7,2.0,16.0,18.0,25.0,90.0,0.0,1027,7.0,257,0
2011-11-24,8.536479996,13.0,8.0,0.0,8.7,3.0,9.0,30.0,45.0,92.0,0.0,1028,10.0,205,0
2011-11-25,9.499781246875,12.0,7.0,0.0,8.7,2.0,2.0,31.0,44.0,87.0,0.2,1024,9.0,240,0
2011-11-26,10.267707309756098,12.0,6.0,0.0,8.2,3.0,5.0,35.0,30.0,90.0,0.0,1026,10.0,229,1
2011-11-27,10.850804892682929,12.0,6.0,0.0,6.8,3.0,11.0,36.0,38.0,85.0,0.3,1021,10.0,258,1
2011-11-28,9.103381814545454,10.0,5.0,0.0,8.2,3.0,18.0,20.0,36.0,87.0,0.1,1023,10.0,197,0
2011-11-29,9.274873023809524,13.0,7.0,0.0,3.1,3.0,25.0,40.0,80.0,90.0,0.5,1010,9.0,205,0
2011-11-30,8.813513157894738,11.0,5.0,0.0,6.8,2.0,32.0,32.0,33.0,85.0,0.0,1019,10.0,205,0
2011-12-01,9.227706527173911,11.0,5.0,0.0,4.9,2.0,39.0,25.0,78.0,90.0,7.25,1007,9.0,143,0
2011-12-02,10.145910005,7.0,3.0,0.0,8.1,2.0,45.0,21.0,35.0,91.0,7.25,1012,9.0,254,0
2011-12-03,10.78027272909091,10.0,6.0,0.0,4.9,2.0,52.0,36.0,60.0,91.0,7.25,1004,9.0,240,1
2011-12-04,12.163127274545456,9.0,4.0,0.0,4.9,2.0,59.0,30.0,67.0,92.0,0.6,1001,10.0,246,1
2011-12-05,10.609714288888888,6.0,2.0,0.0,8.0,2.0,66.0,36.0,25.0,86.0,0.1,1005,10.0,255,0
2011-12-06,11.673416666666668,6.0,1.0,0.0,8.0,1.0,72.0,34.0,48.0,88.0,0.0,1007,10.0,245,0
2011-12-07,10.889361845394737,7.0,3.0,0.0,8.0,3.0,79.0,45.0,23.0,84.0,0.1,1008,10.0,253,0
2011-12-08,11.525149698802396,11.0,3.0,0.0,3.0,2.0,86.0,47.0,71.0,90.0,1.3,1011,8.0,223,0
2011-12-09,11.759836954891304,7.0,2.0,0.0,8.0,2.0,93.0,34.0,15.0,84.0,0.2,1010,10.0,250,0
2011-12-10,12.633800992537314,5.0,0.0,0.0,8.0,2.0,99.0,26.0,14.0,90.0,0.0,1015,10.0,255,1
2011-12-11,13.749174137313434,8.0,2.0,0.0,3.0,2.0,94.0,31.0,76.0,94.0,4.6,1008,8.0,194,1
2011-12-12,11.951958332407408,7.0,2.0,0.0,7.9,2.0,87.0,37.0,43.0,90.0,1.3,1003,10.0,232,0
2011-12-13,11.957446429464284,9.0,4.0,0.0,7.9,2.0,80.0,47.0,53.0,82.0,1.1,990,10.0,222,0
2011-12-14,12.392775862931034,6.0,3.0,0.0,7.9,2.0,73.0,31.0,28.0,83.0,0.1,994,10.0,220,0
2011-12-15,12.534904767460317,7.0,3.0,0.0,7.9,1.0,67.0,37.0,35.0,87.0,0.6,997,9.0,218,0
2011-12-16,13.376080141603056,2.0,1.0,3.7,6.7,1.0,60.0,37.0,71.0,96.0,7.25,987,7.0,239,0
2011-12-17,13.511967853928573,5.0,0.0,0.0,5.8,2.0,53.0,30.0,38.0,92.0,0.0,1007,10.0,289,1
2011-12-18,14.7322714275,4.0,-1.0,0.0,3.8,1.0,46.0,30.0,31.0,92.0,0.4,1016,10.0,298,1
2011-12-19,13.774470971612905,5.0,-1.0,0.0,1.9,1.0,40.0,25.0,72.0,97.0,3.1,1014,9.0,241,0
2011-12-20,12.709106376291793,6.0,4.0,0.0,3.8,1.0,33.0,31.0,60.0,93.0,0.1,1015,10.0,278,0
2011-12-21,12.148570198567334,11.0,5.0,0.0,1.9,2.0,26.0,25.0,84.0,96.0,0.3,1018,7.0,263,0
2011-12-22,11.839403265940057,11.0,8.0,0.0,5.8,3.0,19.0,30.0,47.0,94.0,0.1,1024,10.0,262,0
2011-12-23,12.254989421428572,11.0,4.0,0.0,1.9,2.0,12.0,38.0,65.0,93.0,4.9,1018,10.0,237,0
2011-12-24,13.06531745899471,7.0,2.0,0.0,5.8,1.0,6.0,34.0,36.0,89.0,0.1,1028,10.0,252,1
2011-12-25,12.949428567460318,11.0,7.0,0.0,3.8,2.0,1.0,38.0,62.0,94.0,0.3,1028,10.0,227,1
2011-12-26,11.065576721957672,12.0,9.0,0.0,1.9,3.0,8.0,30.0,73.0,91.0,0.3,1033,10.0,232,0
2011-12-27,11.494944444444444,10.0,6.0,0.0,5.8,2.0,15.0,21.0,33.0,91.0,0.0,1033,9.0,214,0
2011-12-28,11.790656326614988,10.0,4.0,0.0,3.8,2.0,21.0,38.0,48.0,89.0,0.4,1022,9.0,224,0
2011-12-29,12.144920396268656,8.0,3.0,0.0,3.8,2.0,28.0,43.0,53.0,89.0,1.0,1020,9.0,250,0
2011-12-30,12.40420924890511,6.0,3.0,0.0,2.0,1.0,35.0,31.0,57.0,92.0,1.8,1017,9.0,250,0
2011-12-31,12.43602189513382,12.0,9.0,0.0,2.0,3.0,42.0,35.0,79.0,94.0,0.4,1010,9.0,242,1
2012-01-01,12.46626520510949,11.0,9.0,0.0,3.9,3.0,48.0,34.0,80.0,94.0,1.3,1005,9.0,221,1
2012-01-02,12.7547445243309,7.0,4.0,0.0,5.8,2.0,55.0,32.0,20.0,87.0,0.0,1008,10.0,234,0
2012-01-03,12.74404545382775,11.0,4.0,0.0,3.9,2.0,62.0,48.5,59.0,89.0,4.4,1003,9.0,225,0
2012-01-04,12.741140477142856,7.0,3.0,0.0,3.9,2.0,69.0,48.0,49.0,87.0,0.7,1014,8.0,246,0
2012-01-05,12.848078384560573,9.0,5.0,0.0,5.8,2.0,76.0,48.5,44.0,88.0,1.8,1004,10.0,275,0
2012-01-06,12.719621752245862,6.0,2.0,0.0,5.8,2.0,82.0,31.0,29.0,91.0,0.0,1023,10.0,275,0
2012-01-07,12.76545991226415,7.0,3.0,0.0,3.9,1.0,89.0,34.0,65.0,89.0,0.3,1015,9.0,219,1
2012-01-08,13.395569735933806,8.0,4.0,0.0,2.0,2.0,96.0,26.0,68.0,92.0,0.0,1026,10.0,274,1
2012-01-09,12.449049410117649,6.0,4.0,0.0,5.8,1.0,97.0,31.0,59.0,91.0,0.6,1015,9.0,173,0
2012-01-10,11.976153838694636,10.0,7.0,0.0,2.0,2.0,91.0,24.0,67.0,93.0,0.2,1033,9.0,246,0
2012-01-11,11.98120746060606,10.0,6.0,0.0,3.9,2.0,84.0,26.0,53.0,94.0,0.0,1033,10.0,248,0
2012-01-12,12.056824884331796,11.0,5.0,0.0,2.0,2.0,77.0,35.0,45.0,92.0,0.1,1028,10.0,271,0
2012-01-13,12.52275687591743,6.0,2.0,0.0,5.8,1.0,70.0,17.0,11.0,90.0,0.0,1032,9.0,219,0
2012-01-14,13.496298406833713,6.0,1.0,0.0,5.8,2.0,63.0,13.0,11.0,89.0,0.0,1030,10.0,85,1
2012-01-15,14.27115944715262,5.0,0.0,0.0,8.2,2.0,57.0,25.0,9.0,85.0,0.0,1025,10.0,110,1
2012-01-16,13.04780760738255,7.0,0.0,0.0,8.6,2.0,50.0,21.0,4.0,83.0,0.0,1025,10.0,108,0
2012-01-17,13.2670712688196,6.0,0.0,0.0,8.7,2.0,43.0,19.0,26.0,86.0,0.0,1028,10.0,187,0
2012-01-18,12.789209252863436,10.0,2.0,0.0,3.3,2.0,36.0,31.0,79.0,97.0,1.2,1024,7.0,215,0
2012-01-19,12.274760772413794,11.0,6.0,0.0,5.1,2.0,30.0,36.0,75.0,91.0,4.5,1019,8.0,256,0
2012-01-20,12.783027081041666,8.0,3.0,0.0,5.1,2.0,23.0,39.0,61.0,90.0,0.7,1019,8.0,262,0
2012-01-21,12.735594320283976,11.0,6.0,0.0,5.1,2.0,16.0,43.0,62.0,88.0,0.2,1013,10.0,262,1
2012-01-22,13.720799185598375,10.0,4.0,0.0,6.9,2.0,9.0,40.0,38.0,87.0,0.0,1014,10.0,269,1
2012-01-23,12.614123767583497,8.0,2.0,0.0,8.7,2.0,3.0,30.0,34.0,90.0,0.1,1018,10.0,278,0
2012-01-24,12.8722519374031,7.0,2.0,0.0,3.3,1.0,4.0,20.0,75.0,96.0,6.3,1019,7.0,249,0
2012-01-25,12.553495261290324,10.0,7.0,0.0,5.1,2.0,11.0,22.0,82.0,94.0,0.2,1016,5.0,220,0
2012-01-26,12.372054406191369,8.0,4.0,0.0,8.7,2.0,18.0,30.0,48.0,90.0,2.8,1009,9.0,202,0
2012-01-27,12.471985347435895,8.0,2.0,0.0,8.7,1.0,25.0,26.0,34.0,89.0,0.7,1018,9.0,243,0
2012-01-28,13.36795668068592,6.0,1.0,0.0,6.9,1.0,31.0,22.0,69.0,93.0,0.4,1027,8.0,127,1
2012-01-29,14.127586637184116,5.0,0.0,0.0,6.9,1.0,38.0,14.0,60.0,92.0,0.0,1031,6.0,83,1
2012-01-30,13.451978834391536,4.0,0.0,0.2,6.9,1.0,45.0,16.0,50.0,85.0,0.2,1027,7.0,78,0
2012-01-31,13.890518073666094,3.0,-2.0,0.8,5.2,1.0,52.0,20.0,56.0,89.0,0.9,1026,4.0,38,0
2012-02-01,13.81496440322034,3.0,-2.0,0.0,8.7,2.0,58.0,32.0,4.0,70.0,0.0,1033,10.0,42,1
2012-02-02,14.368799337335526,1.0,-3.0,0.0,8.7,2.0,65.0,29.0,4.0,64.0,0.0,1035,10.0,37,0
2012-02-03,14.521274318660286,1.0,-4.0,0.0,8.7,2.0,72.0,18.0,8.0,72.0,0.0,1039,10.0,211,0
2012-02-04,15.154135638643533,2.0,-5.0,1.4,3.4,1.0,79.0,20.0,60.0,79.0,1.7,1036,9.0,103,1
2012-02-05,15.940238171924287,2.0,-1.0,1.6,3.5,1.0,86.0,13.0,81.0,95.0,7.25,1027,6.0,235,1
2012-02-06,14.046691603053436,3.0,-1.0,0.0,3.5,1.0,92.0,7.0,83.0,98.0,0.4,1033,2.5,124,0
2012-02-07,13.882766122638682,1.0,-5.0,0.0,9.7,1.0,99.0,17.0,42.0,92.0,0.0,1039,8.0,66,0
2012-02-08,15.197053412611275,1.0,-6.0,0.1,8.2,1.0,94.0,25.0,53.0,91.0,0.1,1041,9.0,24,0
2012-02-09,14.402453743465491,1.0,-5.0,0.0,6.6,1.0,87.0,9.0,65.0,92.0,1.4,1039,6.0,191,0
2012-02-10,14.607209765229886,1.0,-2.0,1.7,9.8,2.0,81.0,16.0,40.0,90.0,2.0,1038,8.0,115,0
2012-02-11,14.873677149571428,1.0,-7.0,0.0,9.8,1.0,74.0,9.0,15.0,91.0,0.0,1036,7.0,48,1
2012-02-12,15.878634287142855,3.0,-6.0,0.0,4.9,1.0,67.0,17.0,76.0,93.0,1.9,1034,6.0,329,1
2012-02-13,14.305450566525424,4.0,1.0,0.0,5.0,1.0,60.0,26.0,88.0,97.0,1.1,1028,7.0,313,0
2012-02-14,13.653157079102384,6.0,0.0,0.0,10.0,2.0,54.0,31.0,50.0,93.0,0.0,1024,10.0,319,0
2012-02-15,13.27677654924138,9.0,3.0,0.0,9.9,2.0,47.0,35.0,53.0,92.0,0.0,1025,10.0,312,0
2012-02-16,12.593323327012278,10.0,4.0,0.0,8.3,2.0,40.0,23.0,66.0,90.0,0.0,1028,10.0,295,0
2012-02-17,12.441717391983696,11.0,4.0,0.0,5.0,2.0,33.0,24.0,80.0,94.0,0.2,1023,10.0,254,0
2012-02-18,12.954642279674797,11.0,2.0,0.0,8.3,2.0,26.0,37.0,61.0,89.0,1.5,1013,10.0,244,1
2012-02-19,13.755036585230352,6.0,0.0,0.0,10.1,2.0,20.0,27.0,3.0,74.0,0.0,1024,10.0,308,1
2012-02-20,13.306266581830238,8.0,0.0,0.0,8.3,1.0,13.0,23.0,37.0,76.0,0.0,1032,10.0,232,0
2012-02-21,12.639691506274511,11.0,2.0,0.0,10.2,3.0,6.0,30.0,43.0,87.0,0.0,1029,10.0,230,0
2012-02-22,12.883607693717948,9.0,4.0,0.0,6.7,2.0,1.0,38.0,70.0,91.0,5.6,1024,9.0,214,0
2012-02-23,11.622128953223768,14.0,8.0,0.0,8.4,3.0,7.0,28.0,69.0,93.0,0.1,1023,10.0,256,0
2012-02-24,11.533195762219451,13.0,8.0,0.0,6.9,3.0,14.0,25.0,75.0,90.0,0.1,1027,9.0,259,0
2012-02-25,11.80607701590062,11.0,6.0,0.0,10.8,3.0,21.0,14.0,29.0,81.0,0.1,1027,9.0,282,1
2012-02-26,12.444221116024844,12.0,2.0,0.0,10.8,2.0,28.0,13.0,30.0,85.0,0.0,1028,9.0,296,1
2012-02-27,12.19642246092796,10.0,4.0,0.0,5.4,2.0,35.0,22.0,76.0,91.0,0.3,1025,9.0,244,0
2012-02-28,11.568446860144928,15.0,8.0,0.0,8.5,3.0,41.0,13.0,76.0,91.0,0.1,1024,9.0,256,0
2012-02-29,11.516667847805456,12.0,7.0,0.0,5.5,3.0,48.0,13.0,76.0,92.0,0.2,1024,6.0,222,0
2012-03-01,11.219012910093896,16.0,6.0,0.0,11.0,3.0,55.0,13.0,22.0,87.0,0.0,1026,7.0,268,0
2012-03-02,11.84731170359212,12.0,5.0,0.0,5.5,2.0,62.0,14.0,67.0,89.0,0.4,1026,7.0,80,0
2012-03-03,12.207922542774568,13.0,6.0,0.0,8.6,2.0,68.0,23.0,59.0,88.0,0.7,1019,8.0,189,1
2012-03-04,13.463506358034683,8.0,2.0,0.0,5.5,1.0,75.0,31.0,73.0,97.0,7.25,1016,7.0,226,1
2012-03-05,12.7162520024055,8.0,1.0,0.0,8.6,2.0,82.0,46.0,42.0,78.0,0.1,1020,10.0,311,0
2012-03-06,13.029193692004505,8.0,1.0,0.0,7.1,2.0,89.0,24.0,44.0,82.0,0.2,1025,9.0,255,0
2012-03-07,12.757729392538977,10.0,3.0,0.0,8.6,2.0,95.0,36.0,60.0,86.0,1.5,1018,9.0,241,0
2012-03-08,12.044930611453744,11.0,1.0,0.0,11.2,3.0,98.0,23.0,27.0,81.0,0.0,1030,10.0,273,0
2012-03-09,12.156989109803922,12.0,4.0,0.0,5.6,2.0,91.0,24.0,70.0,86.0,0.0,1034,10.0,237,0
2012-03-10,11.925032435891891,16.0,7.0,0.0,10.1,3.0,84.0,19.0,61.0,88.0,0.0,1036,9.0,284,1
2012-03-11,12.048960003351352,15.0,6.0,0.0,11.4,3.0,77.0,13.0,44.0,88.0,0.0,1037,7.0,288,1
2012-03-12,10.987727466383882,16.0,6.0,0.0,11.6,3.0,71.0,11.0,15.0,87.0,0.0,1034,7.0,227,0
2012-03-13,10.996885656860709,13.0,4.0,0.0,11.6,2.0,64.0,6.0,18.0,83.0,0.0,1034,8.0,103,0
2012-03-14,10.992513263877552,12.0,2.0,0.0,10.2,2.0,57.0,9.0,27.0,85.0,0.0,1031,7.0,120,0
2012-03-15,10.969932336616916,17.0,5.0,0.0,11.6,3.0,50.0,13.0,11.0,84.0,0.0,1025,7.0,180,0
2012-03-16,11.309622457792836,12.0,3.0,0.0,8.8,2.0,44.0,20.0,63.0,85.0,0.1,1019,8.0,227,0
2012-03-17,12.043345192884615,10.0,6.0,0.0,6.0,2.0,37.0,24.0,86.0,94.0,4.1,1013,7.0,198,1
2012-03-18,12.155441346442307,10.0,3.0,0.0,8.8,2.0,30.0,16.0,59.0,88.0,1.6,1017,7.0,261,1
2012-03-19,11.055944908683474,12.0,0.0,0.0,10.2,2.0,23.0,19.0,32.0,79.0,0.0,1032,9.0,284,0
2012-03-20,10.730913087191215,11.0,2.0,0.0,7.4,2.0,16.0,17.0,57.0,87.0,0.2,1035,8.0,265,0
2012-03-21,10.380301870080142,17.0,5.0,0.0,11.6,3.0,10.0,14.0,32.0,81.0,0.0,1034,9.0,146,0
2012-03-22,10.204812933129372,16.0,5.0,0.0,11.6,4.0,3.0,26.0,26.0,79.0,0.0,1029,10.0,82,0
2012-03-23,10.123756981371718,20.0,6.0,0.0,11.6,3.0,4.0,13.0,11.0,83.0,0.4,1027,7.0,97,0
2012-03-24,10.227772918923463,18.0,7.0,0.0,11.6,4.0,11.0,14.0,5.0,81.0,0.1,1028,9.0,79,1
2012-03-25,10.69785786568545,15.0,5.0,0.0,11.6,3.0,17.0,15.0,12.0,84.0,0.0,1033,6.0,61,1
2012-03-26,9.984955945303408,17.0,4.0,0.0,11.6,3.0,24.0,19.0,8.0,78.0,0.0,1036,7.0,75,0
2012-03-27,9.567693507313065,19.0,5.0,0.0,11.6,4.0,31.0,15.0,3.0,68.0,0.0,1036,10.0,76,0
2012-03-28,9.530815149185669,21.0,6.0,0.0,11.6,5.0,38.0,9.0,2.0,67.0,0.0,1033,10.0,160,0
2012-03-29,9.341878049024391,19.0,7.0,0.0,11.6,4.0,44.0,14.0,11.0,76.0,0.0,1028,10.0,256,0
2012-03-30,9.343317887073171,17.0,6.0,0.0,11.6,3.0,51.0,13.0,31.0,84.0,0.0,1024,6.0,320,0
2012-03-31,10.42335332204214,11.0,4.0,0.0,7.8,2.0,58.0,22.0,56.0,83.0,0.7,1020,7.0,139,1
2012-04-01,10.746523076842104,14.0,1.0,0.0,11.6,2.0,65.0,9.0,5.0,76.0,0.0,1021,8.0,201,1
2012-04-02,9.926288639905362,14.0,4.0,0.0,9.1,3.0,72.0,8.0,34.0,75.0,0.0,1011,10.0,267,0
2012-04-03,10.16470255693261,13.0,6.0,0.0,9.1,3.0,78.0,13.0,64.0,82.0,6.4,1003,10.0,288,0
2012-04-04,10.25039711602126,11.0,3.0,0.0,11.6,2.0,85.0,11.0,55.0,83.0,3.6,1007,7.0,161,0
2012-04-05,10.64523340671141,8.0,4.0,0.0,7.8,2.0,92.0,25.0,70.0,86.0,0.3,1019,10.0,38,0
2012-04-06,10.556476904694486,12.0,1.0,0.0,9.1,2.0,99.0,15.0,28.0,77.0,0.1,1016,9.0,243,1
2012-04-07,10.313023116480238,11.0,3.0,0.0,7.9,2.0,95.0,15.0,77.0,85.0,0.5,1013,6.0,130,1
2012-04-08,10.616332834850748,12.0,2.0,0.0,6.6,2.0,88.0,17.0,82.0,91.0,1.6,1012,8.0,240,1
2012-04-09,10.632938106860552,11.0,6.0,0.0,6.7,2.0,81.0,32.0,99.0,94.0,5.6,998,9.0,215,0
2012-04-10,9.91865182430657,12.0,4.0,0.0,11.6,2.0,74.0,26.0,42.0,83.0,2.9,990,10.0,235,0
2012-04-11,10.063980040199572,12.0,2.0,0.0,10.4,2.0,67.0,15.0,68.0,85.0,7.25,997,5.0,264,0
2012-04-12,10.115361746569643,11.0,2.0,0.0,9.2,2.0,61.0,10.0,43.0,86.0,3.7,1003,7.0,295,0
2012-04-13,10.0172454382691,14.0,2.0,0.0,11.6,2.0,54.0,9.0,23.0,84.0,4.9,1005,8.0,153,0
2012-04-14,10.255278372029371,11.0,3.0,0.0,10.4,2.0,47.0,21.0,66.0,82.0,2.7,1008,10.0,35,1
2012-04-15,11.12634646328438,9.0,1.0,0.0,11.6,2.0,40.0,25.0,26.0,79.0,0.6,1019,10.0,135,1
2012-04-16,10.444852068346254,11.0,-1.0,0.0,10.4,2.0,34.0,16.0,19.0,70.0,0.0,1025,8.0,296,0
2012-04-17,10.763113194996873,12.0,1.0,0.0,12.2,2.0,27.0,31.0,53.0,81.0,5.8,1002,9.0,201,0
2012-04-18,10.793320802425711,10.0,3.0,0.0,9.0,2.0,20.0,29.0,85.0,93.0,7.25,982,8.0,168,0
2012-04-19,10.692765469770183,9.0,6.0,0.0,9.1,2.0,13.0,18.0,97.0,94.0,3.3,984,4.0,259,0
2012-04-20,10.28497244523536,13.0,3.0,0.0,11.2,2.0,7.0,17.0,80.0,88.0,5.5,993,5.0,245,0
2012-04-21,10.237361109977323,12.0,3.0,0.0,12.3,2.0,0.0,17.0,58.0,85.0,3.1,997,8.0,270,1
2012-04-22,10.675958023936472,13.0,3.0,0.0,12.3,2.0,7.0,24.0,57.0,87.0,7.2,1002,8.0,236,1
2012-04-23,10.233298951351353,9.0,3.0,0.0,9.1,2.0,14.0,24.0,95.0,95.0,7.25,995,6.0,133,0
2012-04-24,10.032602790821256,12.0,5.0,0.0,10.2,2.0,21.0,21.0,76.0,90.0,7.25,997,8.0,307,0
2012-04-25,10.497288633368257,12.0,3.0,0.0,9.2,2.0,27.0,32.0,86.0,96.0,7.25,988,9.0,149,0
2012-04-26,9.912728388900256,13.0,7.0,0.0,12.4,3.0,34.0,34.0,57.0,84.0,1.5,994,10.0,192,0
2012-04-27,9.659546580079288,14.0,7.0,0.0,14.5,3.0,41.0,20.0,38.0,84.0,2.5,1010,9.0,196,0
2012-04-28,10.718921831415928,9.0,5.0,0.0,9.3,2.0,48.0,26.0,92.0,97.0,7.25,1015,8.0,34,1
2012-04-29,11.558543488452088,14.0,5.0,0.0,10.3,3.0,54.0,37.0,78.0,93.0,7.25,1005,9.0,77,1
2012-04-30,9.337549976409283,16.0,8.0,0.0,14.5,3.0,61.0,28.0,38.0,84.0,1.4,1013,10.0,110,0
2012-05-01,9.206823692561985,16.0,9.0,0.0,10.4,3.0,68.0,21.0,72.0,91.0,7.25,1016,7.0,146,0
2012-05-02,9.285732143080358,12.0,9.0,0.0,10.4,3.0,75.0,16.0,86.0,92.0,1.3,1020,3.0,173,0
2012-05-03,10.01893591717524,10.0,7.0,0.0,9.4,2.0,82.0,15.0,99.0,96.0,6.4,1012,6.0,137,0
2012-05-04,9.99838708130881,10.0,6.0,0.0,9.4,2.0,88.0,12.0,93.0,91.0,2.2,1007,3.0,182,0
2012-05-05,10.231546034917269,9.0,4.0,0.0,9.4,2.0,95.0,19.0,84.0,88.0,3.1,1009,7.0,28,1
2012-05-06,10.6318134,9.0,3.0,0.0,9.4,2.0,98.0,15.0,80.0,89.0,4.2,1014,6.0,49,1
2012-05-07,10.51264646036456,13.0,3.0,0.0,10.5,3.0,91.0,19.0,70.0,89.0,0.9,1014,7.0,145,0
2012-05-08,9.218983752558897,17.0,9.0,0.0,11.5,3.0,85.0,17.0,76.0,91.0,2.8,1008,8.0,192,0
2012-05-09,9.481354993185422,15.0,10.0,0.0,9.5,3.0,78.0,17.0,99.0,96.0,7.25,1008,7.0,181,0
2012-05-10,9.198219257463265,17.0,13.0,0.0,9.5,4.0,71.0,34.0,93.0,95.0,5.9,1010,6.0,199,0
2012-05-11,8.729915572532834,13.0,9.0,0.0,12.5,3.0,64.0,26.0,52.0,81.0,0.3,1021,10.0,273,0
2012-05-12,9.152305027858471,14.0,4.0,0.0,14.5,3.0,58.0,17.0,16.0,77.0,0.3,1036,10.0,222,1
2012-05-13,9.497021229385474,15.0,4.0,0.0,12.5,3.0,51.0,15.0,28.0,80.0,0.1,1031,8.0,235,1
2012-05-14,9.188819624603171,12.0,5.0,0.0,11.6,3.0,44.0,25.0,46.0,89.0,2.6,1017,9.0,232,0
2012-05-15,9.454046632538567,9.0,4.0,0.0,11.6,2.0,37.0,25.0,64.0,91.0,2.1,1015,9.0,259,0
2012-05-16,8.096790305431421,13.0,2.0,0.0,11.6,3.0,30.0,15.0,68.0,80.0,0.4,1025,8.0,280,0
2012-05-17,8.816307178731218,14.0,6.0,0.0,11.6,3.0,24.0,15.0,68.0,81.0,0.2,1018,7.0,147,0
2012-05-18,9.053861083706588,14.0,8.0,0.0,9.7,3.0,17.0,18.0,91.0,92.0,3.5,1005,8.0,111,0
2012-05-19,9.00107697252818,17.0,10.0,0.0,11.6,3.0,10.0,14.0,81.0,87.0,2.5,1010,9.0,146,1
2012-05-20,9.790544752285898,15.0,6.0,0.0,9.7,3.0,3.0,19.0,84.0,88.0,0.6,1010,8.0,58,1
2012-05-21,8.813533917849329,14.0,8.0,0.0,9.7,3.0,3.0,22.0,81.0,92.0,1.2,1009,8.0,347,0
2012-05-22,8.227850837229832,22.0,10.0,0.0,13.6,4.0,10.0,22.0,37.0,87.0,1.0,1014,10.0,298,0
2012-05-23,8.031598925634139,24.0,12.0,0.0,12.7,4.0,17.0,14.0,44.0,91.0,7.25,1023,7.0,189,0
2012-05-24,7.960995596418086,24.0,14.0,0.0,12.7,5.0,24.0,11.0,46.0,91.0,6.8,1026,7.0,38,0
2012-05-25,7.963798959792028,21.0,13.0,0.0,16.5,5.0,31.0,25.0,23.0,84.0,1.4,1023,9.0,60,0
2012-05-26,8.124223725107976,21.0,12.0,0.0,16.5,5.0,37.0,28.0,17.0,82.0,0.0,1020,10.0,72,1
2012-05-27,8.439693148503167,24.0,12.0,0.0,16.5,6.0,44.0,17.0,5.0,81.0,0.0,1019,9.0,82,1
2012-05-28,8.101152928538943,24.0,12.0,0.0,16.5,5.0,51.0,13.0,7.0,84.0,7.25,1018,6.0,185,0
2012-05-29,8.005065527779333,20.0,13.0,0.0,13.2,4.0,58.0,16.0,70.0,93.0,2.3,1018,7.0,196,0
2012-05-30,7.968315075103734,22.0,13.0,0.0,16.6,4.0,64.0,13.0,44.0,87.0,7.25,1018,9.0,210,0
2012-05-31,8.069431024700108,19.0,12.0,0.0,13.3,4.0,71.0,17.0,79.0,93.0,3.4,1019,7.0,272,0
2012-06-01,8.146023406160882,21.0,11.0,0.0,14.1,4.0,78.0,10.0,81.0,89.0,3.1,1019,5.0,206,0
2012-06-02,8.446874364073777,17.0,10.0,0.0,13.3,3.0,85.0,20.0,83.0,90.0,2.8,1015,8.0,94,1
2012-06-03,9.30320213946524,12.0,9.0,0.0,12.5,3.0,92.0,21.0,100.0,97.0,7.25,1008,9.0,80,1
2012-06-04,8.837111734937181,14.0,6.0,0.0,14.9,3.0,98.0,17.0,65.0,86.0,7.25,1014,9.0,111,1
2012-06-05,9.226317830553327,15.0,7.0,0.0,13.3,3.0,95.0,20.0,70.0,88.0,7.25,1015,8.0,159,0
2012-06-06,8.425714512664907,17.0,12.0,0.0,14.1,4.0,88.0,23.0,75.0,89.0,7.25,1003,8.0,210,0
2012-06-07,8.751595465616045,19.0,10.0,0.0,14.2,4.0,81.0,25.0,76.0,93.0,7.25,998,5.0,167,0
2012-06-08,8.807170831821695,15.0,9.0,0.0,14.2,3.0,75.0,44.0,79.0,88.0,4.4,998,10.0,212,0
2012-06-09,8.55402558917605,16.0,8.0,0.0,15.8,3.0,68.0,29.0,54.0,78.0,1.7,1010,7.0,246,1
2012-06-10,9.117167904171998,16.0,7.0,0.0,14.2,3.0,61.0,12.0,75.0,87.0,4.0,1009,5.0,169,1
2012-06-11,9.444557274556514,14.0,10.0,0.0,12.6,3.0,54.0,24.0,100.0,98.0,7.25,1003,7.0,111,0
2012-06-12,9.158374310085298,13.0,9.0,0.0,12.6,3.0,48.0,21.0,94.0,92.0,7.25,1008,8.0,228,0
2012-06-13,6.989766382566283,17.0,5.0,0.0,16.8,3.0,41.0,10.0,27.0,81.0,3.2,1016,7.0,88,0
2012-06-14,8.145492644103227,16.0,7.0,0.0,15.8,3.0,34.0,23.0,42.0,85.0,2.4,1017,8.0,115,0
2012-06-15,7.227600562026613,17.0,12.0,0.0,15.0,4.0,27.0,27.0,65.0,87.0,7.25,1008,9.0,186,0
2012-06-16,7.797470794808004,17.0,10.0,0.0,15.8,3.0,20.0,34.0,60.0,85.0,1.2,1009,10.0,203,1
2012-06-17,8.905750001175319,18.0,10.0,0.0,14.2,4.0,14.0,21.0,69.0,85.0,2.1,1017,9.0,221,1
2012-06-18,8.453043995964997,18.0,11.0,0.0,16.6,4.0,7.0,13.0,45.0,86.0,6.4,1017,8.0,262,0
2012-06-19,8.120382864932235,19.0,8.0,0.0,16.6,4.0,0.0,11.0,48.0,85.0,1.8,1019,6.0,222,0
2012-06-20,8.035481051991312,20.0,9.0,0.0,16.8,4.0,7.0,12.0,19.0,81.0,2.4,1017,9.0,110,0
2012-06-21,8.405077312524085,20.0,11.0,0.0,12.6,4.0,13.0,25.0,89.0,90.0,7.25,1006,8.0,149,0
2012-06-22,8.449993268165425,16.0,10.0,0.0,14.2,3.0,20.0,34.0,76.0,88.0,3.6,1011,9.0,219,0
2012-06-23,8.609543842381408,18.0,9.0,0.0,16.8,3.0,27.0,27.0,47.0,86.0,0.9,1019,9.0,223,1
2012-06-24,8.993217296741735,17.0,12.0,0.0,14.2,4.0,34.0,27.0,67.0,91.0,7.25,1012,8.0,241,1
2012-06-25,8.268517101769913,20.0,10.0,0.0,16.6,4.0,41.0,14.0,43.0,87.0,3.4,1018,7.0,269,0
2012-06-26,8.229371565137395,21.0,12.0,0.0,15.0,4.0,47.0,13.0,58.0,87.0,0.8,1020,8.0,203,0
2012-06-27,8.256146300692125,24.0,16.0,0.0,15.8,4.0,54.0,14.0,69.0,92.0,0.7,1017,6.0,217,0
2012-06-28,8.13416237460658,25.0,14.0,0.0,14.2,5.0,61.0,22.0,64.0,90.0,2.0,1006,9.0,170,0
2012-06-29,8.20298928261491,19.0,11.0,0.0,15.0,4.0,68.0,31.0,53.0,87.0,1.4,1005,9.0,202,0
2012-06-30,8.17816464775481,19.0,12.0,0.0,15.8,4.0,74.0,26.0,48.0,83.0,1.3,1008,10.0,203,1
2012-07-01,8.68717965860266,17.0,8.0,0.0,15.8,3.0,81.0,23.0,47.0,84.0,3.0,1014,10.0,229,1
2012-07-02,8.57434107323481,16.0,10.0,0.0,13.4,3.0,88.0,25.0,76.0,90.0,3.7,1015,7.0,183,0
2012-07-03,8.326741596148459,19.0,14.0,0.0,12.5,4.0,95.0,19.0,94.0,92.0,3.2,1014,5.0,186,0
2012-07-04,8.226530034935218,21.0,15.0,0.0,14.2,4.0,100.0,17.0,86.0,92.0,4.4,1009,8.0,169,0
2012-07-05,8.08792295271389,20.0,13.0,0.0,12.5,4.0,92.0,11.0,64.0,84.0,4.0,1010,10.0,205,1
2012-07-06,8.197726801216216,17.0,13.0,0.0,15.0,4.0,85.0,12.0,72.0,90.0,7.25,1007,7.0,193,0
2012-07-07,8.445385061270903,17.0,10.0,0.0,12.5,4.0,78.0,20.0,96.0,91.0,7.0,1008,5.0,146,1
2012-07-08,9.079390858283167,19.0,13.0,0.0,13.3,4.0,71.0,14.0,89.0,93.0,5.9,1005,6.0,215,1
2012-07-09,8.496319241633643,19.0,12.0,0.0,14.1,4.0,65.0,17.0,74.0,91.0,6.2,1011,7.0,239,0
2012-07-10,8.334662526928104,17.0,12.0,0.0,12.5,4.0,58.0,17.0,91.0,91.0,6.1,1011,6.0,239,0
2012-07-11,8.212896268816046,18.0,10.0,0.0,14.9,4.0,51.0,20.0,63.0,88.0,7.25,1011,8.0,253,0
2012-07-12,8.240253632115383,18.0,9.0,0.0,14.9,3.0,44.0,18.0,70.0,87.0,7.25,1012,7.0,225,0
2012-07-13,8.228490772873807,19.0,13.0,0.0,16.5,4.0,38.0,20.0,63.0,88.0,7.25,1002,8.0,226,0
2012-07-14,8.595460663003585,17.0,13.0,0.0,13.0,4.0,31.0,13.0,92.0,92.0,7.25,1005,9.0,209,1
2012-07-15,8.63847563729171,18.0,10.0,0.0,16.1,4.0,24.0,17.0,42.0,82.0,1.0,1015,8.0,282,1
2012-07-16,8.57282552721519,16.0,10.0,0.0,12.1,3.0,17.0,26.0,95.0,96.0,5.6,1020,7.0,227,0
2012-07-17,8.14688248964135,20.0,13.0,0.0,12.0,4.0,10.0,22.0,79.0,90.0,2.3,1022,9.0,250,0
2012-07-18,8.26354165777262,17.0,13.0,0.0,12.0,4.0,4.0,26.0,87.0,94.0,2.6,1013,9.0,223,0
2012-07-19,8.25297889343605,19.0,12.0,0.0,14.7,4.0,3.0,20.0,62.0,86.0,4.4,1010,10.0,270,0
2012-07-20,8.234110854120127,18.0,10.0,0.0,16.0,4.0,10.0,12.0,50.0,86.0,7.25,1016,7.0,241,0
2012-07-21,8.138008219915701,20.0,10.0,0.0,16.0,4.0,17.0,8.0,39.0,80.0,1.9,1024,9.0,91,1
2012-07-22,8.242208850790306,21.0,11.0,0.0,15.9,5.0,23.0,16.0,27.0,78.0,0.0,1027,9.0,193,1
2012-07-23,7.992941226353487,25.0,12.0,0.0,15.9,6.0,30.0,16.0,5.0,77.0,0.0,1023,10.0,202,0
2012-07-24,7.914892729315069,30.0,17.0,0.0,15.9,7.0,37.0,8.0,1.0,71.0,0.0,1018,10.0,189,0
2012-07-25,7.999864095575221,28.0,18.0,0.0,13.5,6.0,44.0,9.0,32.0,74.0,0.3,1017,10.0,90,0
2012-07-26,7.914685985900948,28.0,16.0,0.0,14.5,6.0,50.0,13.0,25.0,75.0,0.1,1018,10.0,79,0
2012-07-27,8.224382898062343,25.0,14.0,0.0,14.5,5.0,57.0,11.0,36.0,80.0,5.6,1012,10.0,196,0
2012-07-28,8.094585421276596,20.0,13.0,0.0,14.5,4.0,64.0,16.0,41.0,76.0,1.3,1011,9.0,307,1
2012-07-29,8.566786014427127,11.0,9.0,0.0,14.5,4.0,71.0,20.0,45.0,95.0,0.0,1012,8.0,242,1
2012-07-30,8.081812342754844,18.0,8.0,0.0,14.5,4.0,78.0,21.0,37.0,80.0,1.9,1016,8.0,249,0
2012-07-31,8.20502271745898,20.0,12.0,0.0,9.5,4.0,84.0,18.0,80.0,91.0,7.1,1015,8.0,202,0
2012-08-01,8.06490363972228,23.0,13.0,0.0,12.5,4.0,91.0,21.0,60.0,84.0,0.1,1010,7.0,180,0
2012-08-02,7.965542814496108,20.0,14.0,0.0,13.5,4.0,98.0,22.0,55.0,83.0,1.9,1010,6.0,213,0
2012-08-03,7.995904221865155,20.0,12.0,0.0,12.5,4.0,95.0,22.0,49.0,82.0,2.7,1012,6.0,199,0
2012-08-04,8.15483637878597,20.0,13.0,0.0,12.5,4.0,89.0,20.0,54.0,83.0,3.0,1010,6.0,188,1
2012-08-05,8.666727731680673,21.0,12.0,0.0,12.5,4.0,82.0,13.0,48.0,81.0,3.5,1007,8.0,184,1
2012-08-06,8.267403905377021,20.0,11.0,0.0,13.5,4.0,75.0,17.0,45.0,83.0,7.25,1009,7.0,251,0
2012-08-07,8.213259609808864,18.0,10.0,0.0,9.4,4.0,68.0,20.0,77.0,83.0,1.3,1018,5.0,245,0
2012-08-08,8.003545264083177,24.0,14.0,0.0,12.4,4.0,61.0,15.0,48.0,76.0,0.7,1018,9.0,221,0
2012-08-09,7.971071203759714,25.0,15.0,0.0,11.4,5.0,55.0,7.0,43.0,76.0,0.9,1026,10.0,54,0
2012-08-10,7.967111764516806,25.0,14.0,0.0,13.5,5.0,48.0,7.0,41.0,77.0,0.2,1026,8.0,144,0
2012-08-11,8.029549159831934,22.0,14.0,0.0,14.5,5.0,41.0,19.0,27.0,74.0,0.0,1021,10.0,99,1
2012-08-12,8.401441806596639,24.0,14.0,0.0,13.5,5.0,34.0,18.0,42.0,82.0,3.8,1012,8.0,133,1
2012-08-13,8.083907162297837,20.0,13.0,0.0,11.4,4.0,28.0,17.0,73.0,87.0,0.6,1011,7.0,174,0
2012-08-14,7.888000421088006,24.0,15.0,0.0,13.4,5.0,21.0,13.0,48.0,80.0,0.3,1011,5.0,173,0
2012-08-15,8.094527200294056,23.0,16.0,0.0,13.4,4.0,14.0,26.0,29.0,84.0,7.25,1007,8.0,140,0
2012-08-16,7.958180881743697,21.0,14.0,0.0,12.4,4.0,7.0,21.0,52.0,80.0,0.9,1014,10.0,183,0
2012-08-17,7.773145378445379,26.0,16.0,0.0,12.4,5.0,1.0,24.0,52.0,75.0,0.2,1014,10.0,164,0
2012-08-18,8.014850178566926,29.0,19.0,0.0,14.5,7.0,6.0,14.0,14.0,74.0,0.0,1014,10.0,211,1
2012-08-19,8.555516914582896,28.0,19.0,0.0,14.5,5.0,13.0,14.0,24.0,82.0,0.5,1016,7.0,208,1
2012-08-20,8.143004834552332,24.0,17.0,0.0,12.3,5.0,20.0,13.0,42.0,82.0,0.7,1019,7.0,242,0
2012-08-21,7.942754463116992,23.0,15.0,0.0,12.3,5.0,27.0,12.0,58.0,79.0,0.6,1018,8.0,250,0
2012-08-22,7.845714045643502,21.0,12.0,0.0,12.3,4.0,33.0,20.0,52.0,80.0,0.4,1017,9.0,246,0
2012-08-23,7.823503463405417,20.0,12.0,0.0,12.3,4.0,40.0,12.0,54.0,79.0,0.1,1014,7.0,230,0
2012-08-24,7.899372664077262,21.0,12.0,0.0,10.5,4.0,47.0,15.0,69.0,81.0,1.4,1005,6.0,193,0
2012-08-25,8.124167996367072,21.0,14.0,0.0,9.3,4.0,54.0,22.0,64.0,86.0,7.25,1001,8.0,214,1
2012-08-26,8.100649444402437,21.0,11.0,0.0,9.2,4.0,60.0,21.0,56.0,79.0,1.1,1014,10.0,265,1
2012-08-27,8.3152787226423,21.0,12.0,0.0,10.4,4.0,67.0,22.0,54.0,81.0,0.0,1014,7.0,184,1
2012-08-28,8.048102687631246,21.0,14.0,0.0,10.4,4.0,74.0,19.0,55.0,81.0,0.5,1013,10.0,221,0
2012-08-29,8.294930911822762,19.0,13.0,0.0,9.2,4.0,81.0,23.0,63.0,89.0,2.9,1013,7.0,189,0
2012-08-30,8.337312538479312,17.0,12.0,0.0,9.2,4.0,88.0,24.0,51.0,82.0,1.7,1016,9.0,275,0
2012-08-31,8.098455901343973,17.0,7.0,0.0,10.4,4.0,94.0,17.0,21.0,68.0,0.0,1029,10.0,324,0
2012-09-01,8.300149548414199,19.0,12.0,0.0,6.7,4.0,100.0,12.0,83.0,86.0,0.3,1026,8.0,240,1
2012-09-02,9.001514699307014,21.0,11.0,0.0,7.9,4.0,92.0,15.0,89.0,88.0,0.2,1024,5.0,255,1
2012-09-03,8.364258978554926,25.0,13.0,0.0,11.6,5.0,85.0,9.0,39.0,80.0,0.0,1026,6.0,267,0
2012-09-04,8.338471971341592,24.0,14.0,0.0,11.6,4.0,79.0,14.0,32.0,78.0,0.0,1024,8.0,295,1
2012-09-05,8.157019517418679,18.0,10.0,0.0,11.6,5.0,72.0,18.0,5.0,72.0,0.0,1026,10.0,327,0
2012-09-06,8.07335405306594,22.0,9.0,0.0,11.6,5.0,65.0,12.0,17.0,73.0,0.0,1028,10.0,200,0
2012-09-07,8.03635264479429,26.0,11.0,0.0,11.6,5.0,58.0,15.0,15.0,69.0,0.0,1025,7.0,261,0
2012-09-08,8.235763433291353,26.0,13.0,0.0,9.1,5.0,52.0,10.0,24.0,65.0,0.0,1020,10.0,231,1
2012-09-09,8.592375105100755,27.0,15.0,0.0,11.6,6.0,45.0,19.0,13.0,62.0,0.0,1012,10.0,185,1
2012-09-10,8.511590050356844,20.0,14.0,0.0,7.8,4.0,38.0,26.0,63.0,82.0,0.6,1010,10.0,207,0
2012-09-11,8.237315004302204,18.0,11.0,0.0,11.6,4.0,31.0,23.0,41.0,68.0,0.1,1012,10.0,257,0
2012-09-12,8.27887156851037,18.0,7.0,0.0,7.7,3.0,24.0,20.0,47.0,78.0,4.4,1015,9.0,261,0
2012-09-13,8.232557366812957,20.0,7.0,0.0,11.6,3.0,18.0,20.0,20.0,76.0,2.6,1019,8.0,286,0
2012-09-14,8.292168297979588,18.0,11.0,0.0,9.0,4.0,11.0,27.0,49.0,81.0,0.0,1014,10.0,264,0
2012-09-15,8.40120266625703,21.0,9.0,0.0,11.6,4.0,4.0,15.0,35.0,79.0,0.0,1018,6.0,251,1
2012-09-16,9.01801874275302,18.0,10.0,0.0,9.0,3.0,3.0,18.0,66.0,83.0,0.1,1013,6.0,227,1
2012-09-17,8.565412008550725,19.0,11.0,0.0,10.3,4.0,9.0,19.0,55.0,76.0,0.0,1012,8.0,245,0
2012-09-18,8.485856671396164,17.0,9.0,0.0,11.6,3.0,16.0,22.0,47.0,73.0,0.2,1013,9.0,275,0
2012-09-19,8.668820165514402,16.0,5.0,0.0,11.6,3.0,23.0,21.0,33.0,71.0,0.1,1022,9.0,283,0
2012-09-20,8.636601231651282,17.0,7.0,0.0,10.3,3.0,30.0,19.0,52.0,74.0,0.0,1021,9.0,229,0
2012-09-21,8.806403232344516,18.0,9.0,0.0,7.6,3.0,37.0,12.0,82.0,77.0,0.4,1015,9.0,270,0
2012-09-22,8.992761456301146,16.0,5.0,0.0,11.6,3.0,43.0,16.0,30.0,74.0,0.4,1019,8.0,122,1
2012-09-23,10.485012890710047,11.0,10.0,0.0,6.0,3.0,50.0,24.0,90.0,87.0,7.25,1010,7.0,85,1
2012-09-24,9.620135633969545,14.0,10.0,0.0,8.8,3.0,57.0,28.0,76.0,93.0,7.25,989,7.0,162,0
2012-09-25,9.220817832644377,16.0,9.0,0.0,11.6,3.0,64.0,28.0,18.0,80.0,0.6,989,10.0,195,0
2012-09-26,9.344980835364131,14.0,8.0,0.0,7.4,3.0,70.0,19.0,78.0,90.0,4.5,992,6.0,180,0
2012-09-27,9.254598394176709,17.0,9.0,0.0,8.8,3.0,77.0,17.0,66.0,85.0,0.0,1006,6.0,263,0
2012-09-28,9.254501698001995,16.0,7.0,0.0,8.8,3.0,84.0,24.0,70.0,88.0,0.9,1013,8.0,231,0
2012-09-29,9.38299500593288,15.0,7.0,0.0,11.6,3.0,91.0,20.0,42.0,78.0,0.0,1018,6.0,276,1
2012-09-30,10.149784415584415,16.0,6.0,0.0,10.1,3.0,97.0,26.0,42.0,83.0,0.0,1019,10.0,219,1
2012-10-01,9.590295030218687,17.0,12.0,0.0,8.6,3.0,96.0,24.0,76.0,91.0,7.25,1012,8.0,208,0
2012-10-02,9.403859596307267,17.0,10.0,0.0,7.1,3.0,89.0,27.0,76.0,87.0,0.5,1010,8.0,208,0
2012-10-03,9.395128221238938,16.0,10.0,0.0,11.3,4.0,82.0,25.0,33.0,83.0,0.7,1006,10.0,223,0
2012-10-04,9.343517641513133,15.0,6.0,0.0,10.1,4.0,75.0,22.0,51.0,80.0,0.1,1008,8.0,237,0
2012-10-05,9.562599961754934,15.0,10.0,0.0,7.1,3.0,69.0,21.0,89.0,90.0,7.25,1007,8.0,212,0
2012-10-06,9.570758008730468,15.0,7.0,0.0,11.2,3.0,62.0,12.0,33.0,83.0,7.25,1012,9.0,108,1
2012-10-07,10.212828353719978,15.0,8.0,0.0,11.1,3.0,55.0,9.0,20.0,82.0,0.0,1021,9.0,219,1
2012-10-08,10.128246122265322,12.0,10.0,0.0,5.5,3.0,48.0,17.0,77.0,93.0,4.0,1015,7.0,84,0
2012-10-09,9.641868389810885,14.0,7.0,0.0,8.6,3.0,42.0,16.0,71.0,87.0,0.2,1016,7.0,51,0
2012-10-10,9.636371583596455,14.0,7.0,0.0,10.1,3.0,35.0,15.0,26.0,83.0,0.0,1015,9.0,95,0
2012-10-11,10.005707727104054,15.0,8.0,0.0,5.5,3.0,28.0,23.0,77.0,93.0,0.4,1004,8.0,122,0
2012-10-12,9.611995628373242,13.0,7.0,0.0,10.9,3.0,21.0,27.0,47.0,82.0,0.5,1005,10.0,243,0
2012-10-13,10.097390610359248,13.0,6.0,0.0,8.5,2.0,14.0,15.0,62.0,86.0,1.7,1005,8.0,250,1
2012-10-14,10.74569264348983,12.0,4.0,0.0,10.8,2.0,8.0,18.0,45.0,82.0,0.0,1003,7.0,310,1
2012-10-15,10.20208126588369,12.0,4.0,0.0,7.0,2.0,1.0,21.0,52.0,87.0,1.8,1003,6.0,221,0
2012-10-16,9.875233717594863,14.0,8.0,0.0,10.8,3.0,6.0,32.0,37.0,81.0,4.2,1001,10.0,215,0
2012-10-17,9.77540481074986,15.0,9.0,0.0,8.5,3.0,13.0,30.0,61.0,84.0,7.25,999,9.0,169,0
2012-10-18,9.611267576495887,15.0,11.0,0.0,8.5,3.0,19.0,27.0,73.0,89.0,3.5,1002,8.0,175,0
2012-10-19,10.15502473129416,13.0,12.0,0.0,3.8,3.0,26.0,12.0,92.0,96.0,7.25,1007,7.0,131,0
2012-10-20,10.286956328321873,14.0,8.0,0.0,5.5,3.0,33.0,10.0,65.0,91.0,3.5,1016,6.0,189,1
2012-10-21,10.951931969814126,11.0,10.0,0.0,3.8,3.0,40.0,20.0,91.0,96.0,7.25,1018,6.0,39,1
2012-10-22,10.223638782031394,16.0,12.0,0.0,3.8,3.0,46.0,14.0,86.0,96.0,2.5,1020,5.0,50,0
2012-10-23,10.080434846480426,16.0,12.0,0.0,7.1,3.0,53.0,11.0,67.0,95.0,0.8,1024,4.0,59,0
2012-10-24,9.784203703447012,15.0,11.0,0.0,3.8,3.0,60.0,21.0,89.0,95.0,1.3,1020,5.0,50,0
2012-10-25,10.06168575535291,13.0,9.0,0.0,3.8,3.0,67.0,27.0,81.0,91.0,1.2,1017,8.0,56,0
2012-10-26,10.663071014094204,8.0,3.0,0.0,3.8,2.0,74.0,30.0,77.0,89.0,4.4,1013,6.0,70,0
2012-10-27,11.299429710326088,8.0,0.0,0.0,7.0,1.0,80.0,37.0,24.0,79.0,0.2,1015,10.0,340,1
2012-10-28,12.064597826014491,9.0,0.0,0.0,3.7,2.0,87.0,22.0,77.0,90.0,0.9,1015,8.0,250,1
2012-10-29,11.005619020471014,12.0,6.0,0.0,5.4,2.0,94.0,20.0,84.0,93.0,2.9,1009,7.0,238,0
2012-10-30,10.808533792788548,10.0,6.0,0.0,8.7,2.0,100.0,15.0,50.0,87.0,0.1,1005,7.0,273,0
2012-10-31,10.826462220619677,11.0,6.0,0.0,3.7,2.0,93.0,31.0,84.0,89.0,0.4,991,6.0,184,0
2012-11-01,10.78168858606884,10.0,4.0,0.0,8.7,2.0,86.0,24.0,60.0,89.0,7.25,979,9.0,222,0
2012-11-02,11.026956710777034,10.0,4.0,0.0,8.7,2.0,79.0,27.0,22.0,83.0,0.2,991,10.0,228,0
2012-11-03,11.39288607004166,9.0,4.0,0.0,8.7,2.0,72.0,22.0,39.0,82.0,0.0,997,10.0,217,1
2012-11-04,12.618036044086216,5.0,3.0,0.0,3.5,1.0,65.0,26.0,83.0,96.0,7.25,995,5.0,199,1
2012-11-05,11.39052155884058,8.0,3.0,0.0,8.7,2.0,59.0,18.0,39.0,90.0,0.0,1005,6.0,215,0
2012-11-06,11.532459992487327,8.0,2.0,0.0,5.2,2.0,52.0,23.0,47.0,90.0,1.1,1020,6.0,280,0
2012-11-07,11.246270093320058,10.0,4.0,0.0,6.9,2.0,45.0,25.0,68.0,92.0,0.0,1024,8.0,254,0
2012-11-08,10.945955830104996,11.0,6.0,0.0,6.9,2.0,38.0,23.0,52.0,89.0,0.0,1019,10.0,247,0
2012-11-09,10.933946624895963,10.0,6.0,0.0,5.2,2.0,32.0,20.0,61.0,91.0,0.2,1010,9.0,197,0
2012-11-10,11.421789797774965,10.0,6.0,0.0,5.2,2.0,25.0,15.0,63.0,95.0,2.9,998,5.0,230,1
2012-11-11,12.024949708954413,9.0,3.0,0.0,8.7,2.0,18.0,15.0,22.0,91.0,0.0,1011,6.0,271,1
2012-11-12,11.402977572381984,10.0,4.0,0.0,3.4,2.0,11.0,23.0,69.0,95.0,3.1,1021,6.0,211,0
2012-11-13,10.704661240586,14.0,9.0,0.0,3.4,3.0,5.0,22.0,82.0,95.0,0.2,1026,9.0,203,0
2012-11-14,10.686837247775768,13.0,7.0,0.0,8.7,3.0,2.0,13.0,70.0,94.0,0.0,1026,4.0,121,0
2012-11-15,10.939482095081374,13.0,5.0,0.0,8.7,2.0,9.0,8.0,60.0,91.0,0.0,1023,6.0,118,0
2012-11-16,11.27753453880651,9.0,4.0,0.0,5.1,2.0,16.0,12.0,68.0,92.0,0.0,1015,9.0,157,0
2012-11-17,11.489669679985536,11.0,8.0,0.0,5.1,3.0,23.0,21.0,71.0,93.0,0.2,1007,9.0,251,1
2012-11-18,12.082729885789188,8.0,4.0,0.0,8.7,3.0,29.0,12.0,18.0,86.0,0.0,1014,9.0,259,1
2012-11-19,11.406281271710052,10.0,3.0,0.0,5.1,2.0,36.0,32.0,50.0,89.0,0.2,1011,9.0,174,0
2012-11-20,11.292340201843816,13.0,10.0,0.0,3.3,3.0,43.0,39.0,98.0,94.0,6.4,1009,8.0,176,0
2012-11-21,11.323918474258855,12.0,5.0,0.0,3.3,2.0,50.0,34.0,64.0,92.0,5.6,1008,10.0,189,0
2012-11-22,10.999051357486438,11.0,7.0,0.0,6.9,3.0,56.0,43.0,52.0,89.0,0.1,1011,10.0,185,0
2012-11-23,11.014705372146862,10.0,6.0,0.0,8.7,2.0,63.0,18.0,37.0,94.0,4.5,1011,7.0,207,0
2012-11-24,12.094914814035086,8.0,5.0,0.0,3.2,2.0,70.0,24.0,69.0,97.0,7.25,1011,5.0,122,1
2012-11-25,12.185806184487433,10.0,5.0,0.0,6.8,2.0,77.0,43.0,55.0,88.0,6.0,1001,8.0,208,1
2012-11-26,11.508233272983723,10.0,6.0,0.0,6.8,2.0,84.0,19.0,76.0,93.0,7.25,998,5.0,224,0
2012-11-27,11.6814518979566,7.0,5.0,0.0,3.1,2.0,90.0,30.0,92.0,97.0,7.25,1003,8.0,333,0
2012-11-28,11.96466787123486,6.0,2.0,0.0,3.1,1.0,97.0,34.0,71.0,93.0,0.1,1012,10.0,339,0
2012-11-29,12.060980835960947,4.0,0.0,0.0,8.2,1.0,96.0,25.0,46.0,93.0,0.0,1012,8.0,328,0
2012-11-30,12.300572694104885,4.0,0.0,0.0,8.1,2.0,89.0,13.0,19.0,88.0,0.0,1012,9.0,313,0
2012-12-01,13.121752440741412,5.0,-1.0,0.0,4.9,1.0,83.0,21.0,38.0,90.0,0.5,1014,9.0,293,1
2012-12-02,13.715528944808248,4.0,-2.0,0.0,8.1,2.0,76.0,21.0,17.0,87.0,0.0,1016,10.0,277,1
2012-12-03,12.393292202569205,8.0,2.0,0.0,6.8,2.0,69.0,30.0,71.0,95.0,6.1,1008,8.0,235,0
2012-12-04,12.268467703220557,6.0,1.0,0.0,6.8,1.0,62.0,33.0,28.0,92.0,0.0,1003,10.0,271,0
2012-12-05,12.736527133918234,3.0,-1.0,1.7,6.8,1.0,56.0,25.0,23.0,90.0,2.0,1007,6.0,315,0
2012-12-06,13.005750001573809,3.0,-2.0,0.0,4.9,1.0,49.0,27.0,55.0,83.0,0.6,1014,9.0,238,0
2012-12-07,12.827951519880608,4.0,1.0,0.0,6.8,1.0,42.0,42.0,57.0,91.0,4.8,1001,9.0,289,0
2012-12-08,12.786986796057151,4.0,0.0,0.0,6.8,1.0,35.0,23.0,46.0,95.0,0.0,1023,8.0,310,1
2012-12-09,13.41899077643335,8.0,1.0,0.0,4.9,2.0,28.0,37.0,61.0,94.0,0.1,1019,10.0,265,1
2012-12-10,12.528336346625656,4.0,0.0,0.0,8.0,2.0,22.0,33.0,16.0,90.0,0.0,1021,10.0,326,0
2012-12-11,11.774059152261216,5.0,0.0,0.0,8.0,2.0,15.0,15.0,8.0,89.0,0.0,1029,10.0,173,0
2012-12-12,13.263260721331644,4.0,-2.0,0.0,6.8,1.0,8.0,13.0,50.0,85.0,0.0,1021,10.0,193,0
2012-12-13,13.322344429088275,2.0,-2.0,0.0,7.9,2.0,1.0,17.0,43.0,88.0,0.0,1006,9.0,101,0
2012-12-14,13.083142573113806,10.0,2.0,0.0,3.0,2.0,5.0,42.0,84.0,96.0,7.25,987,7.0,152,0
2012-12-15,12.453758321382054,10.0,6.0,0.0,6.7,2.0,12.0,36.0,40.0,92.0,0.0,991,10.0,208,1
2012-12-16,12.760848226790882,9.0,4.0,0.0,5.8,3.0,19.0,29.0,24.0,93.0,0.0,1000,10.0,213,1
2012-12-17,11.94202134953863,8.0,5.0,0.0,5.8,2.0,26.0,31.0,53.0,91.0,0.0,1001,10.0,231,0
2012-12-18,11.958192432603187,6.0,1.0,0.0,5.8,1.0,33.0,21.0,60.0,96.0,0.1,1014,7.0,280,0
2012-12-19,12.401265928638669,6.0,3.0,0.0,1.9,2.0,39.0,30.0,72.0,94.0,2.2,1017,7.0,124,0
2012-12-20,12.243113504580014,9.0,6.0,0.0,1.9,2.0,46.0,35.0,100.0,97.0,7.25,1003,8.0,147,0
2012-12-21,12.018693910529176,9.0,6.0,0.0,5.8,2.0,53.0,25.0,69.0,95.0,0.1,1009,10.0,249,0
2012-12-22,12.358784121642197,12.0,6.0,0.0,1.9,2.0,60.0,34.0,100.0,97.0,7.25,1006,6.0,192,1
2012-12-23,11.934522669205656,12.0,9.0,0.0,3.8,3.0,66.0,35.0,78.0,93.0,1.8,1003,9.0,229,1
2012-12-24,12.053878649410484,12.0,7.0,0.0,1.9,2.0,73.0,34.0,90.0,94.0,7.25,1000,8.0,190,0
2012-12-25,12.50931242090662,10.0,7.0,0.0,3.8,2.0,80.0,34.0,75.0,92.0,2.1,995,10.0,219,1
2012-12-26,11.672571195120623,9.0,4.0,0.0,1.9,2.0,87.0,37.0,63.0,95.0,5.0,1004,10.0,228,1
2012-12-27,11.842862118704645,8.0,4.0,0.0,1.9,2.0,93.0,38.0,57.0,94.0,3.9,1005,9.0,252,0
2012-12-28,11.768871214366044,11.0,3.0,0.0,1.9,2.0,100.0,35.0,89.0,96.0,1.3,1017,7.0,201,0
2012-12-29,11.67416811632209,10.0,6.0,0.0,1.9,2.0,93.0,47.0,83.0,92.0,2.4,1004,9.0,198,1
2012-12-30,11.900980408670415,8.0,4.0,0.0,3.9,2.0,86.0,43.0,39.0,86.0,0.1,1009,10.0,223,1
2012-12-31,11.901235485449927,11.0,9.0,0.0,2.0,2.0,79.0,44.0,97.0,95.0,4.8,1004,7.0,212,0
2013-01-01,11.839174315490656,6.0,3.0,0.0,5.8,2.0,73.0,30.0,29.0,91.0,0.3,1007,10.0,270,1
2013-01-02,12.01665547890058,8.0,3.0,0.0,2.0,2.0,66.0,29.0,62.0,96.0,1.2,1022,10.0,256,0
2013-01-03,11.399221153301886,12.0,8.0,0.0,3.9,3.0,59.0,30.0,61.0,95.0,0.0,1032,10.0,263,0
2013-01-04,11.417019771068384,10.0,6.0,0.0,5.8,2.0,52.0,24.0,56.0,94.0,0.0,1037,8.0,263,1
2013-01-05,11.709835508995283,10.0,5.0,0.0,3.9,2.0,46.0,18.0,80.0,96.0,0.1,1035,4.0,251,1
2013-01-06,12.422263291054255,9.0,5.0,0.0,5.8,2.0,39.0,16.0,46.0,94.0,0.1,1032,6.0,244,1
2013-01-07,11.657582985688371,9.0,6.0,0.0,3.9,2.0,32.0,19.0,86.0,94.0,0.1,1027,7.0,202,0
2013-01-08,11.23940515067102,10.0,6.0,0.0,5.8,2.0,25.0,24.0,71.0,95.0,0.3,1024,9.0,215,0
2013-01-09,11.3348165006165,8.0,3.0,0.0,5.8,2.0,18.0,15.0,53.0,94.0,3.7,1021,8.0,108,0
2013-01-10,12.066789224977326,5.0,1.0,0.0,5.8,1.0,12.0,11.0,41.0,87.0,0.0,1016,9.0,312,0
2013-01-11,12.109949356017426,4.0,0.0,0.0,5.8,2.0,5.0,12.0,29.0,88.0,0.0,1017,10.0,259,0
2013-01-12,13.060453604158344,3.0,1.0,0.0,2.0,1.0,2.0,31.0,86.0,89.0,3.2,1013,6.0,92,1
2013-01-13,13.662229805009984,3.0,-1.0,0.2,3.9,1.0,9.0,24.0,66.0,86.0,0.2,1019,10.0,65,1
2013-01-14,13.182834058623818,2.0,-1.0,0.3,3.1,1.0,15.0,20.0,83.0,91.0,4.3,1012,9.0,249,0
2013-01-15,12.94372035660069,1.0,-4.0,0.0,5.1,1.0,22.0,26.0,74.0,96.0,0.8,1008,5.0,329,0
2013-01-16,13.147535511153498,1.0,-4.0,0.0,8.7,1.0,29.0,12.0,31.0,94.0,0.0,1013,6.0,39,0
2013-01-17,13.278687022337332,0.0,-6.0,0.0,8.7,1.0,36.0,13.0,33.0,88.0,0.0,1017,8.0,92,0
2013-01-18,14.045839360912227,-2.0,-3.0,5.6,3.3,1.0,42.0,30.0,92.0,92.0,6.6,1005,3.0,118,0
2013-01-19,14.703919119865503,1.0,-2.0,2.0,3.3,1.0,49.0,25.0,94.0,96.0,2.3,997,5.0,53,1
2013-01-20,15.021899673300618,0.0,-3.0,5.6,3.3,1.0,56.0,22.0,98.0,96.0,6.6,995,5.0,98,1
2013-01-21,13.903375748700237,0.0,-4.0,0.2,6.9,1.0,63.0,7.0,64.0,96.0,0.2,994,4.0,232,0
2013-01-22,13.526971272672728,2.0,-3.0,1.4,3.3,1.0,70.0,25.0,60.0,95.0,1.7,1001,7.0,95,0
2013-01-23,13.344442645573531,1.0,-1.0,3.5,3.3,1.0,76.0,26.0,93.0,95.0,4.1,1007,5.0,73,0
2013-01-24,13.36720356667273,1.0,-3.0,0.5,8.7,1.0,83.0,18.0,56.0,95.0,0.7,1016,6.0,45,0
2013-01-25,13.420702272738854,1.0,-4.0,0.0,6.9,1.0,90.0,22.0,54.0,94.0,0.1,1015,7.0,161,0
2013-01-26,12.848888261492265,3.0,1.0,0.0,8.7,1.0,97.0,35.0,56.0,98.0,4.3,1006,9.0,215,1
2013-01-27,12.928393265368516,8.0,4.0,0.0,8.7,2.0,97.0,48.0,48.0,88.0,2.0,998,8.0,217,1
2013-01-28,12.347051318471337,8.0,1.0,0.0,6.9,2.0,90.0,43.0,51.0,89.0,0.6,1006,9.0,218,0
2013-01-29,11.618708902129985,13.0,8.0,0.0,3.4,3.0,83.0,44.0,84.0,95.0,1.5,1003,6.0,219,0
2013-01-30,11.080083377334793,10.0,5.0,0.0,8.7,2.0,76.0,47.0,44.0,85.0,7.25,1006,9.0,241,0
2013-01-31,11.2815322518586,10.0,5.0,0.0,8.7,2.0,69.0,46.0,32.0,86.0,0.8,1013,10.0,237,0
2013-02-01,11.580635552032817,6.0,2.0,0.0,3.4,1.0,63.0,23.0,79.0,97.0,7.25,1003,7.0,275,0
2013-02-02,12.359468647921984,4.0,0.0,0.0,6.9,1.0,56.0,34.0,38.0,87.0,0.0,1014,10.0,328,1
2013-02-03,13.30508292301804,8.0,0.0,0.0,3.4,1.0,49.0,32.0,66.0,89.0,0.3,1019,9.0,251,1
2013-02-04,11.623015315952598,9.0,4.0,0.0,8.7,2.0,42.0,41.0,36.0,85.0,0.1,1013,10.0,259,0
2013-02-05,12.010271650574293,5.0,1.0,0.0,8.7,1.0,36.0,41.0,59.0,77.0,0.8,1000,9.0,249,0
2013-02-06,12.253640954175784,5.0,1.0,0.1,3.5,1.0,29.0,39.0,71.0,85.0,0.7,1005,9.0,325,0
2013-02-07,12.238016410849744,5.0,-1.0,0.2,8.2,1.0,22.0,25.0,43.0,78.0,0.2,1017,9.0,308,0
2013-02-08,12.112737733430604,5.0,-1.0,0.0,9.8,1.0,15.0,24.0,62.0,80.0,0.0,1019,10.0,327,0
2013-02-09,12.858372606273935,4.0,0.0,0.0,8.3,1.0,9.0,14.0,63.0,89.0,0.2,1019,7.0,252,1
2013-02-10,13.598128215684843,4.0,1.0,2.3,4.9,1.0,2.0,30.0,100.0,98.0,7.25,1001,6.0,139,1
2013-02-11,13.058674872775349,3.0,0.0,5.2,4.9,1.0,5.0,23.0,97.0,95.0,7.0,999,4.0,51,0
2013-02-12,12.940775165536104,2.0,-2.0,0.3,5.0,1.0,12.0,18.0,85.0,92.0,0.3,1015,9.0,39,0
2013-02-13,12.717150756451908,1.0,-3.0,0.0,6.6,1.0,19.0,23.0,73.0,91.0,0.2,1021,9.0,133,0
2013-02-14,11.98077550569447,9.0,2.0,0.0,8.3,2.0,25.0,34.0,68.0,96.0,3.3,1012,9.0,243,0
2013-02-15,11.552171169635036,9.0,1.0,0.0,10.0,2.0,32.0,20.0,34.0,87.0,0.1,1019,10.0,295,0
2013-02-16,11.562667457492244,9.0,4.0,0.0,6.7,2.0,39.0,11.0,68.0,80.0,0.0,1023,10.0,207,1
2013-02-17,12.029635317275384,8.0,2.0,0.0,10.1,2.0,46.0,20.0,23.0,87.0,0.0,1022,9.0,126,1
2013-02-18,11.510227820372398,8.0,1.0,0.0,10.1,1.0,52.0,21.0,15.0,86.0,0.0,1020,9.0,110,0
2013-02-19,11.385007311371115,10.0,0.0,0.0,10.2,3.0,59.0,9.0,20.0,81.0,0.0,1019,10.0,171,0
2013-02-20,11.72789590342115,4.0,-1.0,0.0,8.4,1.0,66.0,27.0,45.0,87.0,0.3,1023,7.0,75,0
2013-02-21,12.791991039155086,3.0,-2.0,0.0,10.0,2.0,73.0,27.0,26.0,72.0,0.0,1024,10.0,73,0
2013-02-22,12.856231823475552,3.0,-2.0,0.3,8.4,1.0,80.0,27.0,47.0,70.0,0.3,1021,10.0,36,0
2013-02-23,13.245570067374976,2.0,-2.0,0.2,5.4,1.0,86.0,24.0,83.0,73.0,0.2,1021,10.0,109,1
2013-02-24,14.01428160254672,3.0,-3.0,0.2,6.9,1.0,93.0,29.0,64.0,77.0,0.2,1023,9.0,177,1
2013-02-25,13.05905549357143,5.0,-2.0,0.2,5.4,1.0,100.0,29.0,86.0,86.0,0.4,1026,8.0,182,0
2013-02-26,12.573332295915002,6.0,2.0,0.0,5.4,1.0,93.0,26.0,86.0,92.0,1.8,1031,4.0,30,0
2013-02-27,12.05875947950174,7.0,2.0,0.0,10.1,1.0,87.0,24.0,62.0,86.0,0.4,1034,9.0,28,0
2013-02-28,11.9905610054208,8.0,1.0,0.0,8.5,1.0,80.0,25.0,60.0,87.0,1.8,1030,10.0,36,0
2013-03-01,12.048498896231616,8.0,1.0,0.0,5.5,2.0,73.0,21.0,73.0,85.0,0.6,1029,8.0,32,0
2013-03-02,12.30885089249862,7.0,0.0,0.0,11.0,1.0,66.0,12.0,24.0,82.0,0.0,1027,7.0,22,1
2013-03-03,12.735906984044115,7.0,1.0,0.0,10.1,1.0,60.0,14.0,35.0,85.0,0.0,1024,10.0,94,1
2013-03-04,11.48185908664459,9.0,0.0,0.0,11.1,2.0,53.0,24.0,34.0,86.0,0.0,1015,9.0,95,0
2013-03-05,10.860480589622815,15.0,3.0,0.0,11.1,2.0,46.0,16.0,25.0,86.0,0.0,1005,8.0,139,0
2013-03-06,10.675248342347311,15.0,6.0,0.0,10.1,3.0,39.0,18.0,60.0,83.0,0.8,1001,10.0,98,0
2013-03-07,10.889469267813766,9.0,7.0,0.0,5.6,2.0,32.0,17.0,99.0,93.0,7.25,997,8.0,85,0
2013-03-08,10.930170228150333,10.0,7.0,0.0,5.6,2.0,26.0,13.0,98.0,96.0,7.25,997,5.0,101,0
2013-03-09,11.55987806107939,9.0,3.0,0.0,7.1,2.0,19.0,13.0,78.0,92.0,4.1,1002,7.0,252,1
2013-03-10,12.823072729773523,4.0,-1.0,0.5,5.7,1.0,12.0,27.0,87.0,87.0,0.8,1006,7.0,75,1
2013-03-11,13.106772969747745,1.0,-2.0,0.2,5.7,1.0,5.0,41.0,86.0,71.0,1.4,1008,3.0,42,0
2013-03-12,12.852295264929085,4.0,-2.0,0.0,8.7,1.0,1.0,37.0,60.0,63.0,0.0,1009,10.0,66,0
2013-03-13,12.119938075340952,5.0,-2.0,0.0,8.8,1.0,8.0,25.0,55.0,83.0,0.4,1010,10.0,338,0
2013-03-14,11.786081673764748,7.0,-3.0,0.0,11.6,1.0,15.0,16.0,32.0,74.0,0.0,1015,7.0,310,0
2013-03-15,11.590859170709678,8.0,0.0,0.0,6.0,2.0,22.0,34.0,89.0,87.0,2.0,1008,6.0,206,0
2013-03-16,12.186486909457964,5.0,4.0,0.0,6.0,1.0,29.0,40.0,93.0,97.0,7.25,996,7.0,170,1
2013-03-17,12.57778255272962,6.0,1.0,0.0,6.0,1.0,35.0,24.0,82.0,96.0,5.9,991,7.0,208,1
2013-03-18,11.816572589134848,8.0,0.0,0.0,6.0,2.0,42.0,10.0,68.0,91.0,1.8,991,5.0,125,0
2013-03-19,11.387626705071929,8.0,0.0,0.0,7.4,2.0,49.0,12.0,76.0,86.0,1.8,997,5.0,84,0
2013-03-20,11.663214021070113,7.0,1.0,0.0,7.4,1.0,56.0,14.0,79.0,87.0,1.1,1006,5.0,32,0
2013-03-21,11.504756133886737,7.0,-1.0,0.0,7.5,1.0,62.0,23.0,65.0,80.0,0.2,1016,9.0,99,0
2013-03-22,12.071172692490777,6.0,1.0,0.0,7.6,1.0,69.0,39.0,84.0,88.0,7.25,1010,8.0,87,0
2013-03-23,13.429270813162267,2.0,1.0,8.3,6.3,1.0,76.0,32.0,100.0,97.0,7.25,1010,5.0,67,1
2013-03-24,14.45982311739291,1.0,-1.0,2.2,6.3,1.0,83.0,29.0,89.0,89.0,2.8,1013,3.0,52,1
2013-03-25,13.118294812202326,3.0,-1.0,0.1,9.0,1.0,89.0,31.0,73.0,72.0,0.4,1014,7.0,46,0
2013-03-26,12.916559451200149,3.0,-1.0,0.6,9.0,1.0,96.0,27.0,69.0,72.0,0.7,1013,9.0,44,0
2013-03-27,12.496044153186771,4.0,-3.0,0.4,9.0,1.0,97.0,23.0,67.0,72.0,0.6,1012,8.0,43,0
2013-03-28,12.050954318124653,5.0,-3.0,0.2,7.7,1.0,90.0,22.0,56.0,73.0,0.7,1012,9.0,31,0
2013-03-29,12.23157573621232,6.0,-3.0,0.0,9.0,1.0,83.0,20.0,35.0,75.0,0.3,1011,9.0,44,1
2013-03-30,11.791903696284658,6.0,-3.0,0.3,7.7,1.0,77.0,21.0,58.0,80.0,0.8,1011,7.0,31,1
2013-03-31,11.932720888835489,6.0,-3.0,0.1,7.8,1.0,70.0,18.0,40.0,76.0,0.2,1014,5.0,59,1
2013-04-01,11.982422941961149,5.0,-2.0,0.8,9.0,1.0,63.0,29.0,53.0,78.0,1.4,1011,7.0,61,0
2013-04-02,11.266251710893286,7.0,-2.0,0.0,11.6,2.0,56.0,30.0,4.0,70.0,0.0,1015,10.0,45,0
2013-04-03,11.92322585963744,5.0,-2.0,0.2,7.8,1.0,50.0,32.0,51.0,73.0,0.4,1018,8.0,33,0
2013-04-04,12.201972247382052,4.0,-2.0,1.2,6.6,1.0,43.0,33.0,76.0,78.0,2.9,1014,5.0,28,0
2013-04-05,11.73147926680859,7.0,-1.0,0.3,6.6,1.0,36.0,33.0,78.0,75.0,1.1,1015,7.0,20,0
2013-04-06,11.097177003906683,10.0,-1.0,0.0,11.6,3.0,29.0,19.0,29.0,76.0,0.0,1023,10.0,82,1
2013-04-07,11.158295184648148,10.0,-1.0,0.0,11.6,3.0,22.0,14.0,24.0,72.0,0.0,1020,10.0,156,1
2013-04-08,10.593420449120208,10.0,2.0,0.0,10.4,2.0,16.0,25.0,67.0,72.0,0.1,1006,10.0,80,0
2013-04-09,10.90038792317525,8.0,1.0,0.0,6.7,2.0,9.0,22.0,89.0,93.0,4.8,998,6.0,72,0
2013-04-10,10.391371941845811,11.0,2.0,0.0,9.1,2.0,2.0,16.0,78.0,87.0,2.7,1004,5.0,186,0
2013-04-11,10.559750694216866,11.0,5.0,0.0,7.9,2.0,5.0,19.0,75.0,92.0,7.25,997,8.0,103,0
2013-04-12,10.372293049156626,11.0,5.0,0.0,6.7,2.0,11.0,24.0,78.0,93.0,2.3,998,9.0,215,0
2013-04-13,10.531617352131995,13.0,3.0,0.0,7.9,2.0,18.0,27.0,75.0,90.0,5.9,1011,7.0,195,1
2013-04-14,10.044256442054516,19.0,9.0,0.0,11.6,4.0,25.0,34.0,51.0,82.0,0.1,1013,10.0,196,1
2013-04-15,9.319674391896903,15.0,8.0,0.0,9.2,3.0,32.0,27.0,50.0,84.0,0.1,1017,10.0,210,0
2013-04-16,9.229876645149323,15.0,8.0,0.0,9.2,3.0,38.0,31.0,50.0,80.0,0.1,1016,10.0,207,0
2013-04-17,9.179271748766462,18.0,7.0,0.0,12.2,3.0,45.0,30.0,59.0,82.0,0.2,1014,9.0,192,0
2013-04-18,9.250268509649286,13.0,6.0,0.0,14.4,3.0,52.0,38.0,28.0,76.0,0.8,1013,10.0,230,0
2013-04-19,9.449012261006876,12.0,4.0,0.0,12.3,2.0,59.0,23.0,44.0,81.0,2.4,1025,9.0,186,0
2013-04-20,9.48570009257196,14.0,4.0,0.0,14.5,4.0,66.0,11.0,0.0,73.0,0.2,1032,9.0,77,1
2013-04-21,9.996676318429843,14.0,2.0,0.0,13.4,3.0,72.0,12.0,23.0,73.0,0.1,1022,10.0,209,1
2013-04-22,9.411523304475397,15.0,4.0,0.0,10.2,3.0,79.0,20.0,86.0,81.0,0.2,1016,6.0,226,0
2013-04-23,8.665263373235513,19.0,9.0,0.0,14.5,5.0,86.0,17.0,38.0,80.0,0.2,1019,10.0,260,0
2013-04-24,8.647825287894541,20.0,9.0,0.0,11.3,4.0,93.0,15.0,60.0,82.0,0.0,1024,7.0,254,0
2013-04-25,8.282066815051968,21.0,11.0,0.0,12.4,4.0,99.0,17.0,59.0,82.0,0.3,1021,8.0,234,0
2013-04-26,8.778425148328381,12.0,6.0,0.0,13.4,2.0,94.0,19.0,49.0,80.0,3.2,1015,9.0,331,0
2013-04-27,9.525847240364245,10.0,1.0,0.0,10.3,2.0,87.0,19.0,57.0,80.0,1.0,1015,8.0,222,1
2013-04-28,10.009824197825685,12.0,-1.0,0.0,13.5,2.0,80.0,18.0,38.0,73.0,0.2,1017,8.0,222,1
2013-04-29,9.063038840401411,13.0,5.0,0.0,12.4,3.0,73.0,21.0,49.0,76.0,0.6,1017,9.0,272,0
2013-04-30,8.84434200802974,14.0,4.0,0.0,14.5,4.0,67.0,18.0,19.0,73.0,0.0,1024,8.0,117,0
2013-05-01,8.79350297401487,15.0,1.0,0.0,14.5,4.0,60.0,16.0,30.0,74.0,0.0,1024,8.0,37,0
2013-05-02,8.557386460368235,16.0,4.0,0.0,14.5,4.0,53.0,16.0,6.0,63.0,0.0,1023,10.0,52,0
2013-05-03,8.392220837618604,19.0,2.0,0.0,14.5,5.0,46.0,13.0,11.0,70.0,0.0,1020,10.0,245,0
2013-05-04,8.868705563111856,14.0,6.0,0.0,10.4,3.0,40.0,26.0,45.0,80.0,1.6,1018,10.0,243,1
2013-05-05,8.802536958033885,18.0,4.0,0.0,12.5,3.0,33.0,10.0,67.0,79.0,0.1,1022,8.0,245,1
2013-05-06,8.645489666170173,19.0,11.0,0.0,10.4,4.0,26.0,9.0,71.0,77.0,0.7,1020,10.0,153,0
2013-05-07,8.306996090936163,21.0,8.0,0.0,14.5,5.0,19.0,12.0,11.0,72.0,0.0,1017,10.0,128,0
2013-05-08,8.503730962316142,15.0,9.0,0.0,9.5,3.0,13.0,24.0,67.0,84.0,1.3,1008,9.0,188,0
2013-05-09,8.702205214320298,14.0,5.0,0.0,13.5,3.0,6.0,34.0,44.0,76.0,1.1,1009,8.0,211,0
2013-05-10,8.600230353333334,14.0,9.0,0.0,10.5,3.0,1.0,30.0,73.0,83.0,1.6,1010,9.0,229,0
2013-05-11,9.276239665363128,14.0,6.0,0.0,11.5,3.0,8.0,26.0,63.0,88.0,6.3,1011,9.0,238,1
2013-05-12,9.808348296107283,14.0,3.0,0.0,12.5,3.0,15.0,26.0,64.0,85.0,0.8,1015,8.0,249,1
2013-05-13,8.813590646115149,13.0,7.0,0.0,12.5,3.0,21.0,29.0,61.0,78.0,1.0,1012,10.0,245,0
2013-05-14,9.29040938778171,12.0,4.0,0.0,10.6,2.0,28.0,24.0,79.0,88.0,7.25,1003,9.0,195,0
2013-05-15,9.256266530545728,12.0,6.0,0.0,12.5,2.0,35.0,27.0,54.0,81.0,7.25,994,10.0,211,0
2013-05-16,8.838438955880708,15.0,1.0,0.0,14.5,3.0,42.0,10.0,28.0,79.0,3.6,1000,6.0,155,0
2013-05-17,9.226213351995524,12.0,4.0,0.0,10.6,3.0,48.0,14.0,72.0,84.0,1.4,1006,7.0,79,0
2013-05-18,9.151049785176207,15.0,5.0,0.0,13.5,3.0,55.0,13.0,46.0,78.0,0.1,1008,8.0,246,1
2013-05-19,9.233726035565088,18.0,7.0,0.0,13.5,4.0,62.0,14.0,31.0,76.0,0.0,1011,8.0,120,1
2013-05-20,9.019062861238574,17.0,9.0,0.0,9.7,3.0,69.0,20.0,88.0,90.0,2.5,1012,7.0,333,0
2013-05-21,8.764399105781425,15.0,9.0,0.0,10.7,3.0,76.0,19.0,77.0,85.0,0.9,1016,8.0,180,0
2013-05-22,8.824531155373133,14.0,8.0,0.0,10.0,3.0,82.0,17.0,77.0,79.0,0.7,1018,7.0,274,0
2013-05-23,8.90278416695295,11.0,4.0,0.0,11.8,2.0,89.0,24.0,52.0,71.0,1.4,1013,10.0,313,0
2013-05-24,9.557573986601977,8.0,3.0,0.0,10.0,2.0,96.0,27.0,84.0,94.0,7.25,1010,6.0,182,0
2013-05-25,9.081062697686136,15.0,3.0,0.0,15.7,3.0,97.0,18.0,52.0,78.0,0.5,1020,10.0,264,1
2013-05-26,8.584916572004479,19.0,5.0,0.0,16.5,4.0,91.0,18.0,33.0,67.0,0.0,1018,9.0,301,1
2013-05-27,8.556658454031355,16.0,7.0,0.0,16.5,4.0,84.0,21.0,7.0,70.0,0.0,1009,8.0,207,1
2013-05-28,8.995475080044802,13.0,9.0,0.0,12.4,3.0,77.0,13.0,93.0,96.0,7.25,1001,7.0,131,0
2013-05-29,9.112343037812616,12.0,7.0,0.0,12.4,3.0,70.0,13.0,94.0,92.0,3.0,1004,4.0,295,0
2013-05-30,9.05063902911298,13.0,8.0,0.0,12.4,3.0,64.0,20.0,96.0,96.0,5.4,1011,5.0,258,0
2013-05-31,8.432458651670713,21.0,10.0,0.0,16.6,4.0,57.0,17.0,53.0,85.0,0.5,1018,7.0,343,0
2013-06-01,8.475920649813293,17.0,8.0,0.0,15.8,3.0,50.0,18.0,35.0,74.0,0.2,1023,10.0,294,1
2013-06-02,8.737453204296656,17.0,7.0,0.0,16.6,4.0,43.0,17.0,32.0,73.0,0.1,1028,9.0,267,1
2013-06-03,8.11301942072829,18.0,6.0,0.0,16.6,4.0,36.0,16.0,13.0,73.0,0.0,1031,9.0,52,0
2013-06-04,8.018978894620844,18.0,5.0,0.0,16.7,4.0,30.0,21.0,17.0,74.0,0.0,1027,8.0,36,0
2013-06-05,8.012264711376798,20.0,7.0,0.0,16.6,4.0,23.0,16.0,35.0,79.0,0.0,1022,7.0,44,1
2013-06-06,7.966878922963378,20.0,7.0,0.0,16.6,4.0,16.0,18.0,37.0,77.0,0.0,1021,8.0,45,0
2013-06-07,8.05955094284913,21.0,8.0,0.0,16.7,4.0,9.0,23.0,20.0,73.0,1.0,1023,10.0,45,0
2013-06-08,8.269646783395661,18.0,6.0,0.0,16.6,4.0,3.0,23.0,26.0,76.0,0.0,1021,10.0,36,1
2013-06-09,9.147056678338943,15.0,8.0,0.0,13.4,3.0,4.0,19.0,68.0,80.0,0.4,1016,8.0,37,1
2013-06-10,8.576192998596031,14.0,9.0,0.0,13.4,3.0,11.0,7.0,78.0,76.0,0.7,1016,9.0,85,0
2013-06-11,8.458819577203817,16.0,5.0,0.0,12.6,3.0,18.0,20.0,78.0,90.0,1.2,1014,5.0,159,0
2013-06-12,8.666901835294118,18.0,13.0,0.0,12.6,4.0,25.0,29.0,95.0,91.0,1.1,1011,8.0,197,0
2013-06-13,8.54384331740921,17.0,12.0,0.0,13.4,3.0,31.0,31.0,80.0,84.0,2.1,1011,9.0,228,0
2013-06-14,8.204286276146789,18.0,7.0,0.0,15.8,4.0,38.0,22.0,51.0,74.0,0.0,1016,9.0,202,0
2013-06-15,8.652165605470215,17.0,11.0,0.0,15.8,3.0,45.0,30.0,60.0,79.0,5.7,1009,9.0,218,1
2013-06-16,8.825882187900355,17.0,10.0,0.0,16.6,4.0,52.0,16.0,51.0,75.0,0.9,1014,8.0,200,1
2013-06-17,8.224522854533532,19.0,10.0,0.0,16.8,5.0,58.0,22.0,34.0,75.0,0.4,1014,9.0,71,0
2013-06-18,8.20618845934807,22.0,11.0,0.0,14.2,4.0,65.0,13.0,65.0,89.0,4.8,1014,9.0,131,0
2013-06-19,8.032086533489418,27.0,14.0,0.0,16.6,5.0,72.0,9.0,54.0,83.0,0.2,1015,7.0,218,0
2013-06-20,8.1996571750281,20.0,14.0,0.0,12.6,4.0,79.0,12.0,92.0,94.0,4.8,1012,8.0,130,0
2013-06-21,8.08216469876335,21.0,12.0,0.0,13.4,4.0,85.0,17.0,68.0,87.0,6.6,1010,7.0,232,0
2013-06-22,8.413209815998501,16.0,11.0,0.0,12.6,3.0,92.0,31.0,81.0,90.0,1.3,1007,8.0,208,1
2013-06-23,9.00841087190253,16.0,12.0,0.0,13.4,3.0,99.0,30.0,82.0,85.0,1.9,1009,10.0,252,1
2013-06-24,8.419859553665855,17.0,8.0,0.0,15.0,3.0,94.0,19.0,58.0,78.0,1.1,1022,10.0,295,0
2013-06-25,8.163875350834115,19.0,8.0,0.0,16.8,5.0,87.0,13.0,25.0,70.0,0.1,1029,9.0,291,0
2013-06-26,8.036278860813344,20.0,9.0,0.0,15.0,4.0,81.0,11.0,56.0,75.0,1.4,1030,10.0,307,0
2013-06-27,8.103375796384414,20.0,11.0,0.0,14.2,4.0,74.0,13.0,71.0,78.0,1.4,1026,7.0,264,0
2013-06-28,8.29101761577961,20.0,11.0,0.0,12.6,4.0,67.0,15.0,97.0,92.0,5.6,1020,5.0,283,0
2013-06-29,8.108062805605549,21.0,12.0,0.0,15.8,4.0,60.0,15.0,56.0,72.0,0.6,1022,9.0,313,1
2013-06-30,8.462441799962512,25.0,12.0,0.0,16.7,6.0,54.0,20.0,34.0,75.0,0.0,1022,9.0,260,1
2013-07-01,8.115509840618557,19.0,11.0,0.0,13.4,4.0,47.0,16.0,65.0,75.0,0.1,1017,8.0,265,0
2013-07-02,8.248033919715143,21.0,10.0,0.0,14.2,4.0,40.0,16.0,68.0,77.0,0.1,1011,9.0,201,0
2013-07-03,8.195046502775174,21.0,13.0,0.0,14.2,4.0,33.0,18.0,70.0,81.0,2.7,1009,9.0,256,0
2013-07-04,8.014322513714822,22.0,10.0,0.0,15.0,4.0,26.0,19.0,52.0,81.0,0.7,1019,7.0,241,0
2013-07-05,7.970279594175123,25.0,11.0,0.0,16.6,6.0,20.0,12.0,41.0,77.0,0.0,1028,7.0,144,0
2013-07-06,7.997509498213279,28.0,12.0,0.0,16.7,6.0,13.0,9.0,17.0,73.0,0.0,1029,8.0,128,1
2013-07-07,8.339931338431152,28.0,16.0,0.0,16.7,7.0,6.0,12.0,4.0,72.0,0.0,1031,8.0,104,1
2013-07-08,7.968517494300226,25.0,13.0,0.0,16.6,6.0,1.0,19.0,33.0,75.0,0.0,1032,8.0,42,0
2013-07-09,7.865052700263504,26.0,11.0,0.0,16.6,6.0,7.0,16.0,27.0,66.0,0.0,1028,8.0,41,0
2013-07-10,7.847244306568793,24.0,12.0,0.0,16.6,5.0,14.0,18.0,12.0,72.0,0.2,1025,9.0,30,0
2013-07-11,7.770923626787058,22.0,8.0,0.0,16.6,5.0,21.0,14.0,39.0,75.0,0.0,1025,8.0,37,0
2013-07-12,7.815935417510826,25.0,9.0,0.0,16.6,6.0,28.0,9.0,41.0,74.0,0.0,1025,8.0,48,0
2013-07-13,7.942879684202598,30.0,14.0,0.0,16.5,6.0,34.0,10.0,10.0,70.0,1.1,1024,10.0,140,1
2013-07-14,8.329978903635336,29.0,17.0,0.0,16.1,6.0,41.0,11.0,17.0,70.0,3.3,1024,10.0,210,1
2013-07-15,8.066557648662396,31.0,18.0,0.0,16.1,7.0,48.0,9.0,23.0,62.0,0.0,1023,10.0,211,0
2013-07-16,8.023428248794728,32.0,18.0,0.0,16.1,7.0,55.0,8.0,17.0,62.0,0.0,1023,10.0,139,0
2013-07-17,8.072887361292146,30.0,17.0,0.0,16.1,6.0,62.0,9.0,19.0,62.0,0.9,1024,10.0,131,0
2013-07-18,8.00012283381688,27.0,16.0,0.0,16.0,6.0,68.0,15.0,4.0,67.0,0.0,1026,10.0,50,0
2013-07-19,7.876776794236203,26.0,13.0,0.0,16.0,6.0,75.0,18.0,15.0,69.0,0.0,1025,9.0,59,0
2013-07-20,8.01356375908834,21.0,14.0,0.0,12.9,4.0,82.0,20.0,81.0,82.0,0.3,1023,8.0,52,1
2013-07-21,8.193773463644929,27.0,13.0,0.0,16.0,5.0,89.0,15.0,43.0,76.0,0.4,1019,8.0,61,1
2013-07-22,8.178838860648321,31.0,16.0,0.0,15.9,6.0,95.0,15.0,11.0,70.0,2.6,1016,9.0,125,0
2013-07-23,8.221957390497739,29.0,18.0,0.0,15.9,5.0,98.0,14.0,45.0,74.0,7.25,1014,9.0,151,0
2013-07-24,7.879713207169812,26.0,15.0,0.0,15.9,6.0,91.0,15.0,19.0,70.0,0.0,1014,10.0,228,0
2013-07-25,7.973942085757405,25.0,15.0,0.0,13.5,5.0,84.0,17.0,30.0,73.0,0.4,1013,8.0,190,0
2013-07-26,7.936591656314896,26.0,13.0,0.0,11.6,5.0,77.0,7.0,47.0,70.0,0.5,1012,10.0,192,0
2013-07-27,8.07355880734378,27.0,14.0,0.0,12.5,5.0,71.0,8.0,51.0,72.0,3.9,1007,10.0,150,1
2013-07-28,8.191858761858006,23.0,13.0,0.0,14.5,6.0,64.0,27.0,50.0,74.0,2.2,1007,10.0,205,1
2013-07-29,7.9075539192068,23.0,15.0,0.0,13.5,5.0,57.0,26.0,43.0,76.0,6.5,1011,9.0,207,0
2013-07-30,7.99981715081224,20.0,14.0,0.0,10.6,4.0,50.0,21.0,74.0,92.0,5.1,1014,9.0,215,0
2013-07-31,7.959776351171137,25.0,14.0,0.0,12.5,5.0,44.0,20.0,50.0,84.0,0.9,1015,8.0,216,0
2013-08-01,7.913224153902854,31.0,15.0,0.0,14.5,7.0,37.0,20.0,33.0,71.0,0.0,1010,8.0,163,0
2013-08-02,7.983150312232937,26.0,17.0,0.0,14.5,5.0,30.0,17.0,18.0,74.0,0.3,1009,10.0,210,0
2013-08-03,7.741152230937972,23.0,14.0,0.0,14.5,5.0,23.0,22.0,20.0,68.0,0.5,1015,10.0,212,1
2013-08-04,8.073183503821415,23.0,13.0,0.0,12.5,5.0,17.0,21.0,58.0,71.0,0.0,1019,9.0,199,1
2013-08-05,8.000883719852524,25.0,16.0,0.0,12.5,5.0,10.0,19.0,64.0,73.0,2.7,1012,8.0,186,0
2013-08-06,7.714011163557238,23.0,12.0,0.0,12.5,4.0,3.0,10.0,47.0,70.0,0.1,1015,9.0,244,0
2013-08-07,7.633053588051505,22.0,13.0,0.0,11.4,4.0,4.0,16.0,48.0,67.0,0.0,1014,9.0,49,0
2013-08-08,7.667106629147726,25.0,12.0,0.0,14.5,6.0,11.0,11.0,16.0,64.0,0.1,1019,10.0,119,0
2013-08-09,7.693744886590909,23.0,13.0,0.0,11.4,4.0,17.0,19.0,60.0,71.0,0.9,1019,10.0,255,0
2013-08-10,7.703308085930694,20.0,12.0,0.0,13.5,4.0,24.0,13.0,45.0,63.0,0.2,1022,10.0,283,1
2013-08-11,8.01772023505584,22.0,13.0,0.0,13.5,4.0,31.0,17.0,49.0,68.0,0.2,1018,9.0,261,1
2013-08-12,7.782435392610837,20.0,12.0,0.0,11.4,4.0,38.0,17.0,49.0,65.0,0.3,1017,10.0,285,0
2013-08-13,7.736230055599773,21.0,10.0,0.0,13.5,4.0,44.0,17.0,29.0,71.0,0.2,1021,9.0,294,0
2013-08-14,7.710560522371662,23.0,12.0,0.0,11.3,4.0,51.0,12.0,52.0,73.0,0.3,1023,9.0,245,0
2013-08-15,7.800674369615458,25.0,16.0,0.0,10.3,5.0,58.0,21.0,64.0,76.0,1.1,1019,8.0,220,0
2013-08-16,7.855648540848807,21.0,15.0,0.0,11.3,4.0,65.0,19.0,67.0,88.0,6.5,1015,8.0,208,0
2013-08-17,8.007896204819735,23.0,13.0,0.0,12.4,4.0,72.0,24.0,38.0,79.0,0.5,1013,7.0,218,1
2013-08-18,8.20290707031547,23.0,15.0,0.0,12.4,4.0,78.0,19.0,55.0,74.0,0.7,1010,10.0,235,1
2013-08-19,7.80935943712222,22.0,12.0,0.0,14.5,5.0,85.0,16.0,21.0,66.0,0.0,1019,9.0,297,0
2013-08-20,7.660681291016145,23.0,12.0,0.0,14.5,6.0,92.0,10.0,29.0,65.0,0.0,1027,10.0,255,0
2013-08-21,7.680573869711356,26.0,13.0,0.0,14.5,6.0,99.0,11.0,19.0,68.0,0.0,1024,10.0,227,0
2013-08-22,8.043843435626068,24.0,16.0,0.0,12.3,5.0,95.0,9.0,62.0,82.0,7.25,1020,7.0,165,0
2013-08-23,7.820229962935465,26.0,15.0,0.0,13.4,5.0,88.0,16.0,61.0,75.0,0.0,1015,6.0,111,0
2013-08-24,8.263016376728242,18.0,15.0,0.0,9.9,4.0,81.0,18.0,86.0,92.0,7.25,1010,8.0,277,1
2013-08-25,8.117698534164921,22.0,13.0,0.0,9.3,4.0,74.0,21.0,67.0,85.0,7.25,1013,8.0,147,1
2013-08-26,8.141032761771429,24.0,14.0,0.0,10.4,5.0,68.0,15.0,49.0,78.0,0.3,1018,7.0,82,1
2013-08-27,7.889872214587698,25.0,13.0,0.0,11.6,5.0,61.0,11.0,2.0,70.0,0.0,1018,8.0,103,0
2013-08-28,7.810404607996953,26.0,15.0,0.0,11.6,6.0,54.0,8.0,8.0,70.0,0.0,1022,10.0,125,0
2013-08-29,7.747788270753998,24.0,14.0,0.0,10.4,5.0,47.0,13.0,33.0,71.0,0.0,1022,9.0,264,0
2013-08-30,7.855049885700685,23.0,15.0,0.0,10.4,5.0,40.0,16.0,47.0,78.0,0.1,1020,9.0,245,0
2013-08-31,7.924299237961905,21.0,14.0,0.0,11.6,5.0,34.0,18.0,34.0,67.0,0.0,1025,8.0,331,1
2013-09-01,8.419483519451324,21.0,10.0,0.0,11.6,5.0,27.0,17.0,33.0,63.0,0.0,1029,10.0,287,1
2013-09-02,8.025300323481241,24.0,10.0,0.0,11.6,4.0,20.0,17.0,13.0,77.0,0.0,1027,8.0,286,0
2013-09-03,8.021214435059989,25.0,15.0,0.0,9.1,5.0,13.0,9.0,35.0,80.0,0.1,1027,7.0,187,0
2013-09-04,8.030170698475901,28.0,15.0,0.0,11.6,5.0,7.0,11.0,9.0,79.0,0.0,1021,7.0,137,0
2013-09-05,8.071030106497714,29.0,17.0,0.0,11.6,5.0,0.0,8.0,9.0,73.0,3.4,1012,7.0,170,0
2013-09-06,8.301362960061034,18.0,13.0,0.0,10.3,4.0,7.0,14.0,44.0,82.0,7.25,1009,8.0,247,0
2013-09-07,8.313834667391305,18.0,10.0,0.0,10.3,4.0,14.0,18.0,30.0,76.0,1.4,1014,10.0,187,1
2013-09-08,8.840215211303851,17.0,9.0,0.0,9.1,3.0,21.0,14.0,33.0,80.0,1.0,1018,6.0,208,1
2013-09-09,8.788974642383222,14.0,9.0,0.0,7.8,3.0,27.0,13.0,47.0,94.0,6.7,1016,4.0,178,0
2013-09-10,8.718351516078581,16.0,8.0,0.0,9.0,3.0,34.0,23.0,69.0,84.0,0.9,1020,7.0,310,0
2013-09-11,8.839153977714178,15.0,9.0,0.0,6.5,3.0,41.0,20.0,72.0,85.0,1.3,1021,7.0,318,0
2013-09-12,8.56575233891541,19.0,10.0,0.0,7.7,4.0,48.0,8.0,80.0,85.0,0.4,1019,7.0,240,0
2013-09-13,8.829404047374451,21.0,15.0,0.0,6.4,4.0,54.0,9.0,92.0,90.0,7.25,1017,8.0,232,0
2013-09-14,9.29198262381134,16.0,8.0,0.0,9.0,3.0,61.0,18.0,67.0,87.0,7.25,1015,8.0,251,1
2013-09-15,9.889957584581582,14.0,7.0,0.0,7.7,3.0,68.0,27.0,49.0,85.0,0.8,1010,7.0,241,1
2013-09-16,8.952600993502772,14.0,7.0,0.0,11.6,3.0,75.0,27.0,19.0,76.0,0.5,1003,10.0,260,0
2013-09-17,9.242429090538993,14.0,7.0,0.0,7.7,3.0,81.0,20.0,61.0,84.0,1.9,1000,8.0,238,0
2013-09-18,8.878986432486146,15.0,9.0,0.0,11.6,3.0,88.0,17.0,45.0,80.0,0.6,1003,8.0,311,0
2013-09-19,9.116968037282296,17.0,7.0,0.0,7.6,3.0,95.0,23.0,65.0,87.0,1.3,1010,5.0,245,0
2013-09-20,8.800316232235835,22.0,8.0,0.0,11.6,3.0,98.0,14.0,34.0,83.0,0.0,1018,8.0,279,0
2013-09-21,9.04583946362069,18.0,9.0,0.0,6.3,3.0,91.0,16.0,71.0,90.0,0.7,1024,7.0,229,1
2013-09-22,9.5127087561027,22.0,13.0,0.0,11.6,4.0,85.0,11.0,53.0,89.0,0.1,1027,5.0,250,1
2013-09-23,8.81850565127419,23.0,11.0,0.0,8.8,4.0,78.0,9.0,47.0,87.0,0.0,1024,6.0,158,0
2013-09-24,8.517794253429118,23.0,10.0,0.0,11.6,4.0,71.0,9.0,35.0,85.0,0.0,1016,6.0,120,0
2013-09-25,8.55819578480843,22.0,9.0,0.0,11.6,4.0,64.0,6.0,55.0,84.0,0.0,1012,7.0,110,0
2013-09-26,8.628415899827585,19.0,12.0,0.0,11.6,4.0,58.0,16.0,48.0,81.0,0.0,1016,7.0,64,0
2013-09-27,8.526264570437117,18.0,10.0,0.0,11.6,3.0,51.0,18.0,19.0,80.0,0.0,1016,8.0,82,0
2013-09-28,8.996351025445486,20.0,11.0,0.0,10.2,4.0,44.0,25.0,45.0,75.0,0.0,1010,10.0,78,1
2013-09-29,9.4408526540525,18.0,12.0,0.0,11.6,5.0,37.0,24.0,32.0,74.0,0.0,1007,10.0,60,1
2013-09-30,8.845674203315447,20.0,12.0,0.0,11.4,4.0,30.0,19.0,59.0,81.0,0.4,1007,7.0,80,0
2013-10-01,8.918944336756239,18.0,11.0,0.0,7.2,4.0,24.0,21.0,65.0,79.0,0.0,1009,9.0,95,0
2013-10-02,8.92958875396277,20.0,14.0,0.0,8.6,4.0,17.0,19.0,82.0,84.0,0.9,1011,9.0,130,0
2013-10-03,8.880879439086197,18.0,14.0,0.0,7.1,4.0,10.0,24.0,81.0,91.0,1.3,1009,7.0,135,0
2013-10-04,8.70288308711845,19.0,15.0,0.0,5.6,4.0,3.0,25.0,77.0,89.0,0.7,1009,9.0,193,0
2013-10-05,9.15231432281106,19.0,13.0,0.0,11.2,4.0,3.0,10.0,55.0,84.0,0.3,1019,7.0,300,1
2013-10-06,9.376811946388782,19.0,11.0,0.0,11.2,5.0,10.0,11.0,18.0,77.0,0.0,1025,10.0,259,1
2013-10-07,8.94882155080676,20.0,10.0,0.0,10.1,4.0,17.0,13.0,41.0,83.0,0.0,1025,7.0,236,0
2013-10-08,8.768964841191163,21.0,13.0,0.0,10.1,4.0,24.0,16.0,62.0,86.0,0.0,1024,6.0,252,0
2013-10-09,8.94084204544581,15.0,9.0,0.0,8.6,3.0,30.0,21.0,70.0,83.0,0.2,1020,6.0,288,0
2013-10-10,9.295057805761475,12.0,6.0,0.0,8.6,2.0,37.0,34.0,43.0,70.0,0.0,1018,10.0,321,0
2013-10-11,9.8737308507775,13.0,7.0,0.0,7.0,3.0,44.0,37.0,77.0,86.0,7.25,1017,9.0,134,0
2013-10-12,9.597023808870969,13.0,9.0,0.0,10.1,3.0,51.0,19.0,66.0,83.0,6.5,1018,9.0,114,1
2013-10-13,10.967507297637342,12.0,8.0,0.0,7.0,2.0,58.0,23.0,83.0,95.0,7.25,1010,7.0,280,1
2013-10-14,10.03085782887608,11.0,7.0,0.0,5.4,2.0,64.0,18.0,96.0,94.0,2.7,1007,7.0,238,0
2013-10-15,9.642349740453758,13.0,7.0,0.0,10.8,3.0,71.0,16.0,59.0,89.0,0.5,1010,7.0,260,0
2013-10-16,9.973117715233698,14.0,6.0,0.0,6.9,3.0,78.0,25.0,62.0,96.0,7.25,1010,6.0,149,0
2013-10-17,9.471033686583256,17.0,10.0,0.0,10.0,3.0,85.0,26.0,38.0,88.0,0.7,1013,9.0,244,0
2013-10-18,9.360215124263998,17.0,10.0,0.0,10.0,3.0,91.0,18.0,66.0,91.0,0.2,1014,7.0,155,0
2013-10-19,9.621036944275543,18.0,12.0,0.0,7.1,4.0,98.0,25.0,51.0,90.0,0.2,1006,9.0,178,1
2013-10-20,10.165735323060636,17.0,11.0,0.0,7.1,3.0,95.0,28.0,42.0,88.0,1.2,1006,10.0,187,1
2013-10-21,9.47261790161694,16.0,12.0,0.0,5.4,3.0,88.0,31.0,59.0,93.0,0.7,1006,8.0,184,0
2013-10-22,9.311661470284834,18.0,14.0,0.0,5.4,4.0,81.0,32.0,43.0,90.0,1.3,998,10.0,171,0
2013-10-23,9.17752810922218,16.0,11.0,0.0,7.1,3.0,75.0,31.0,38.0,84.0,0.3,999,9.0,219,0
2013-10-24,9.201848314764195,17.0,9.0,0.0,8.7,3.0,68.0,17.0,28.0,88.0,0.1,1013,7.0,170,0
2013-10-25,9.181840584751637,18.0,12.0,0.0,7.1,4.0,61.0,32.0,51.0,88.0,2.9,1005,8.0,169,0
2013-10-26,9.615820562148633,16.0,13.0,0.0,3.8,3.0,54.0,32.0,71.0,91.0,0.8,1005,9.0,198,1
2013-10-27,10.330035425125144,15.0,11.0,0.0,7.0,3.0,48.0,37.0,57.0,83.0,2.4,997,9.0,213,1
2013-10-28,9.8814403397806,14.0,8.0,0.0,5.4,3.0,41.0,40.0,61.0,85.0,7.25,992,9.0,219,0
2013-10-29,9.914410665652676,12.0,7.0,0.0,8.7,3.0,34.0,29.0,22.0,83.0,0.4,1010,10.0,253,0
2013-10-30,9.929816675755823,13.0,5.0,0.0,8.7,2.0,27.0,23.0,23.0,86.0,1.0,1020,9.0,222,0
2013-10-31,9.970303794972066,14.0,10.0,0.0,5.4,3.0,21.0,25.0,84.0,91.0,2.9,1017,10.0,213,0
2013-11-01,9.821781351666344,15.0,11.0,0.0,3.7,3.0,14.0,19.0,89.0,94.0,1.8,1009,5.0,193,0
2013-11-02,9.977709802137491,14.0,8.0,0.0,5.3,3.0,7.0,25.0,66.0,89.0,0.7,999,6.0,187,1
2013-11-03,11.044185633660698,11.0,6.0,0.0,8.7,2.0,0.0,35.0,27.0,81.0,2.4,999,10.0,221,1
2013-11-04,10.321917919788056,9.0,5.0,0.0,8.7,3.0,7.0,25.0,39.0,87.0,7.25,992,9.0,290,0
2013-11-05,10.710369121202776,12.0,4.0,0.0,5.2,2.0,13.0,28.0,55.0,91.0,3.6,994,7.0,231,0
2013-11-06,10.4785114663519,14.0,7.0,0.0,3.5,3.0,20.0,27.0,72.0,96.0,2.2,999,7.0,223,0
2013-11-07,10.119346701947553,12.0,8.0,0.0,8.7,3.0,27.0,19.0,46.0,87.0,0.2,1006,8.0,251,0
2013-11-08,10.53117364375844,12.0,6.0,0.0,5.2,2.0,34.0,19.0,66.0,91.0,1.0,1006,6.0,215,0
2013-11-09,11.306920570387508,10.0,4.0,0.0,6.9,2.0,40.0,18.0,60.0,92.0,0.7,1006,7.0,234,1
2013-11-10,11.553900733153432,8.0,3.0,0.0,8.7,2.0,47.0,20.0,36.0,91.0,3.9,1014,9.0,289,1
2013-11-11,11.00790902066307,12.0,3.0,0.0,3.4,2.0,54.0,28.0,78.0,94.0,4.8,1022,8.0,180,0
2013-11-12,10.404712577565586,11.0,8.0,0.0,6.9,3.0,61.0,18.0,57.0,93.0,3.7,1025,6.0,307,0
2013-11-13,10.66963555559198,9.0,4.0,0.0,8.7,3.0,68.0,14.0,12.0,87.0,0.0,1032,8.0,266,0
2013-11-14,10.644338284744457,9.0,4.0,0.0,8.7,3.0,74.0,34.0,34.0,86.0,0.3,1023,10.0,285,0
2013-11-15,10.788005591880424,8.0,2.0,0.0,8.7,3.0,81.0,22.0,9.0,86.0,0.0,1032,10.0,221,0
2013-11-16,11.295799882863758,9.0,3.0,0.0,8.7,2.0,88.0,11.0,22.0,87.0,0.0,1031,9.0,298,1
2013-11-17,11.881618532239385,9.0,4.0,0.0,3.3,2.0,95.0,11.0,80.0,95.0,0.2,1024,3.0,68,1
2013-11-18,11.04427190252798,9.0,6.0,0.0,5.1,2.0,100.0,10.0,88.0,95.0,0.5,1011,3.0,254,0
2013-11-19,11.095023002976996,5.0,1.0,0.0,8.7,2.0,92.0,25.0,19.0,87.0,0.0,1013,10.0,319,0
2013-11-20,11.833861621637316,5.0,-1.0,0.0,5.1,1.0,85.0,29.0,56.0,93.0,6.0,1004,9.0,261,0
2013-11-21,11.63428671185587,6.0,2.0,0.0,8.7,1.0,78.0,32.0,52.0,92.0,2.9,1003,10.0,174,0
2013-11-22,11.509981008546513,7.0,2.0,0.0,8.7,1.0,72.0,32.0,39.0,88.0,0.1,1017,10.0,310,0
2013-11-23,11.770955990519582,6.0,2.0,0.0,6.9,1.0,65.0,25.0,63.0,93.0,0.2,1023,10.0,309,1
2013-11-24,12.427183924970803,7.0,1.0,0.0,5.1,2.0,58.0,26.0,48.0,93.0,0.1,1029,10.0,260,1
2013-11-25,11.567541650389256,6.0,1.0,0.0,8.2,2.0,51.0,24.0,36.0,92.0,0.0,1037,10.0,344,0
2013-11-26,11.44326819772285,6.0,0.0,0.0,8.2,1.0,44.0,18.0,41.0,92.0,0.0,1038,7.0,328,0
2013-11-27,11.525598206644585,9.0,2.0,0.0,3.1,2.0,38.0,11.0,94.0,97.0,0.3,1034,2.5,239,0
2013-11-28,11.05348450686026,8.0,4.0,0.0,6.8,2.0,31.0,13.0,75.0,96.0,0.0,1034,2.5,210,0
2013-11-29,10.996838790175438,10.0,5.0,0.0,3.1,2.0,24.0,28.0,77.0,91.0,0.0,1027,8.0,269,0
2013-11-30,11.530147006667963,7.0,2.0,0.0,8.1,2.0,17.0,27.0,32.0,91.0,0.0,1026,9.0,329,1
2013-12-01,12.262636115288611,7.0,1.0,0.0,6.8,1.0,11.0,16.0,34.0,94.0,0.0,1032,6.0,246,1
2013-12-02,11.23904212884728,9.0,3.0,0.0,8.1,2.0,4.0,17.0,54.0,94.0,0.0,1034,5.0,45,0
2013-12-03,11.414006242282928,6.0,2.0,0.0,3.0,1.0,3.0,10.0,54.0,88.0,0.0,1029,7.0,159,0
2013-12-04,11.356104389268292,8.0,4.0,0.0,4.9,2.0,10.0,22.0,50.0,89.0,0.0,1028,10.0,282,0
2013-12-05,11.815181587614587,8.0,0.0,0.0,6.8,2.0,17.0,42.0,22.0,88.0,0.0,1024,10.0,254,0
2013-12-06,11.605175194882811,6.0,2.0,0.0,8.0,1.0,23.0,28.0,43.0,88.0,0.1,1027,9.0,270,0
2013-12-07,11.92426191308594,9.0,5.0,0.0,8.0,3.0,30.0,24.0,56.0,94.0,0.0,1026,10.0,253,1
2013-12-08,12.080541302382349,10.0,4.0,0.0,6.8,2.0,37.0,31.0,44.0,93.0,0.0,1025,10.0,238,1
2013-12-09,11.223678124609377,10.0,5.0,0.0,8.0,2.0,44.0,25.0,33.0,94.0,0.0,1028,9.0,220,0
2013-12-10,11.37842999685178,9.0,4.0,0.0,8.0,2.0,50.0,19.0,31.0,93.0,0.0,1031,6.0,181,0
2013-12-11,11.70771095896282,8.0,3.0,0.0,8.0,3.0,57.0,20.0,12.0,88.0,0.0,1029,9.0,161,0
2013-12-12,11.641280485045998,9.0,4.0,0.0,6.8,2.0,64.0,26.0,40.0,92.0,0.0,1025,10.0,187,0
2013-12-13,11.392124632381138,10.0,7.0,0.0,3.0,2.0,71.0,29.0,73.0,95.0,2.4,1020,8.0,197,0
2013-12-14,11.736654732785604,10.0,4.0,0.0,6.8,2.0,77.0,37.0,43.0,87.0,0.2,1022,9.0,217,1
2013-12-15,12.257546770273972,12.0,9.0,0.0,4.8,3.0,84.0,39.0,78.0,94.0,2.3,1019,7.0,198,1
2013-12-16,11.170061069289488,12.0,9.0,0.0,1.9,3.0,91.0,36.0,99.0,94.0,3.7,1016,8.0,225,0
2013-12-17,11.370127618027013,6.0,5.0,0.0,3.8,2.0,98.0,10.0,82.0,94.0,7.25,1022,8.0,207,0
2013-12-18,11.299923288375734,10.0,4.0,0.0,5.8,2.0,95.0,37.0,68.0,93.0,5.6,1009,7.0,199,0
2013-12-19,11.444299355214245,7.0,4.0,0.0,5.8,3.0,89.0,27.0,41.0,88.0,7.25,1002,9.0,222,0
2013-12-20,11.489317353375071,7.0,3.0,0.0,5.8,2.0,82.0,36.0,28.0,89.0,0.1,1018,10.0,215,0
2013-12-21,12.1239978481409,11.0,9.0,0.0,1.9,2.0,75.0,48.5,89.0,94.0,7.25,1013,8.0,197,1
2013-12-22,11.942015860700998,9.0,4.0,0.0,5.8,2.0,68.0,38.0,23.0,88.0,1.7,1010,10.0,223,1
2013-12-23,12.046325175900549,10.0,3.0,0.0,1.9,2.0,62.0,48.0,79.0,92.0,7.25,1000,8.0,190,0
2013-12-24,11.9816715628868,10.0,5.0,0.0,5.8,2.0,55.0,43.0,56.0,88.0,7.25,979,9.0,199,0
2013-12-25,12.542846951048404,8.0,3.0,0.0,5.8,3.0,48.0,25.0,34.0,90.0,0.1,984,8.0,190,1
2013-12-26,11.655858515167548,6.0,1.0,0.0,5.8,1.0,41.0,20.0,34.0,93.0,0.0,994,8.0,224,1
2013-12-27,11.661978447570531,10.0,6.0,0.0,5.8,2.0,34.0,48.5,42.0,87.0,1.6,987,10.0,201,0
2013-12-28,11.61678248063884,7.0,4.0,0.0,5.8,3.0,28.0,25.0,21.0,86.0,0.0,997,10.0,229,1
2013-12-29,11.973592787575935,6.0,1.0,0.0,5.8,2.0,21.0,29.0,22.0,91.0,0.0,1014,10.0,243,1
2013-12-30,11.813610424926514,9.0,6.0,0.0,3.9,2.0,14.0,48.0,68.0,91.0,6.5,1011,7.0,193,0
2013-12-31,11.91391723983134,10.0,5.0,0.0,2.0,2.0,7.0,34.0,72.0,95.0,4.4,1005,9.0,182,0
2014-01-01,12.302586389860757,9.0,6.0,0.0,2.0,2.0,1.0,47.0,75.0,93.0,7.25,994,8.0,176,1
2014-01-02,11.22334718637522,9.0,5.0,0.0,5.8,2.0,6.0,34.0,41.0,91.0,0.1,993,10.0,205,0
2014-01-03,11.489046069496178,9.0,6.0,0.0,5.8,2.0,13.0,46.0,52.0,86.0,0.0,994,10.0,203,0
2014-01-04,11.995096292351445,8.0,4.0,0.0,2.0,2.0,20.0,34.0,81.0,94.0,4.5,994,10.0,206,1
2014-01-05,12.611274064105077,8.0,2.0,0.0,2.0,2.0,26.0,35.0,47.0,93.0,0.8,1000,8.0,204,1
2014-01-06,11.40851636882964,11.0,8.0,0.0,5.8,3.0,33.0,48.0,62.0,90.0,1.0,995,10.0,202,0
2014-01-07,11.268233677769064,11.0,8.0,0.0,5.8,2.0,40.0,45.0,48.0,90.0,0.4,1003,10.0,204,0
2014-01-08,11.00615098007843,10.0,6.0,0.0,5.8,2.0,47.0,32.0,53.0,93.0,0.1,1012,10.0,199,0
2014-01-09,11.119571626210153,9.0,4.0,0.0,3.9,2.0,54.0,38.0,61.0,91.0,2.8,1006,9.0,237,0
2014-01-10,11.246991144824872,9.0,3.0,0.0,3.9,2.0,60.0,28.0,43.0,93.0,0.4,1014,9.0,217,0
2014-01-11,11.53897795437008,7.0,1.0,0.0,5.8,2.0,67.0,22.0,48.0,92.0,1.5,1018,10.0,260,1
2014-01-12,12.752337201987016,6.0,2.0,0.0,3.9,1.0,74.0,28.0,45.0,91.0,1.4,1017,10.0,143,1
2014-01-13,11.36455371831956,9.0,4.0,0.0,5.8,2.0,81.0,31.0,46.0,91.0,0.7,1005,9.0,200,0
2014-01-14,11.3336020446172,5.0,1.0,0.0,8.2,2.0,87.0,21.0,51.0,91.0,0.2,1004,9.0,246,0
2014-01-15,11.184849439145838,10.0,5.0,0.0,3.1,2.0,94.0,32.0,97.0,96.0,5.9,999,8.0,189,0
2014-01-16,10.95030754302028,10.0,6.0,0.0,6.9,2.0,100.0,32.0,59.0,90.0,0.6,991,9.0,182,0
2014-01-17,11.13873606425054,9.0,5.0,0.0,6.9,2.0,92.0,34.0,59.0,89.0,0.8,991,8.0,191,0
2014-01-18,11.546570302520676,9.0,6.0,0.0,3.3,2.0,85.0,32.0,70.0,92.0,1.4,992,8.0,151,1
2014-01-19,10.635412507516277,7.0,3.0,0.0,6.9,2.0,79.0,19.0,45.0,90.0,0.2,995,9.0,199,1
2014-01-20,11.4308828747778,7.0,1.0,0.0,8.7,1.0,72.0,10.0,32.0,93.0,0.0,1007,6.0,188,0
2014-01-21,11.370601341502365,6.0,0.0,0.0,6.9,1.0,65.0,18.0,50.0,92.0,0.0,1010,5.0,192,0
2014-01-22,11.109560086859732,9.0,4.0,0.0,6.9,2.0,58.0,23.0,72.0,93.0,4.8,1007,8.0,208,0
2014-01-23,11.300413875620812,7.0,2.0,0.0,6.9,1.0,52.0,30.0,53.0,92.0,0.0,1012,8.0,266,0
2014-01-24,11.409880228867404,7.0,1.0,0.0,3.3,1.0,45.0,21.0,83.0,94.0,2.7,1014,5.0,192,0
2014-01-25,11.620778216969216,10.0,4.0,0.0,6.9,2.0,38.0,30.0,65.0,91.0,0.1,1012,6.0,228,1
2014-01-26,12.729658709094496,8.0,2.0,0.0,5.1,2.0,31.0,36.0,46.0,92.0,0.0,1003,10.0,226,1
2014-01-27,11.75387095609708,7.0,1.0,0.0,6.9,1.0,25.0,37.0,51.0,87.0,0.0,990,10.0,223,0
2014-01-28,11.57017555420616,8.0,3.0,0.0,6.9,2.0,18.0,33.0,65.0,92.0,2.0,985,8.0,173,0
2014-01-29,11.800776505725567,4.0,3.0,0.0,3.4,1.0,11.0,25.0,99.0,98.0,7.25,993,7.0,88,0
2014-01-30,11.68516887183488,6.0,2.0,0.0,3.4,1.0,4.0,13.0,92.0,97.0,3.8,1002,5.0,94,0
2014-01-31,11.857956924876506,7.0,1.0,0.0,5.2,1.0,3.0,32.0,84.0,95.0,2.2,999,6.0,182,0
2014-02-01,11.710581932516307,8.0,4.0,0.0,8.7,2.0,9.0,40.0,53.0,85.0,6.6,990,10.0,207,1
2014-02-02,12.07816435568317,9.0,4.0,0.0,8.7,3.0,16.0,36.0,25.0,85.0,0.1,1004,10.0,212,1
2014-02-03,11.280011482835082,8.0,4.0,0.0,8.7,3.0,23.0,37.0,28.0,86.0,0.0,1004,10.0,143,0
2014-02-04,11.09558443702237,8.0,3.0,0.0,8.7,2.0,30.0,36.0,52.0,84.0,0.4,998,9.0,170,0
2014-02-05,11.415104542432058,8.0,4.0,0.0,7.0,2.0,36.0,48.5,56.0,90.0,7.25,982,9.0,172,0
2014-02-06,11.445403332361687,8.0,5.0,0.0,3.5,2.0,43.0,39.0,67.0,92.0,7.25,990,9.0,188,0
2014-02-07,10.972318254623016,8.0,4.0,0.0,9.7,2.0,50.0,35.0,73.0,89.0,5.3,988,9.0,222,0
2014-02-08,11.569300456201628,9.0,6.0,0.0,9.8,2.0,57.0,47.0,58.0,84.0,7.1,979,9.0,192,1
2014-02-09,12.202967430863952,7.0,3.0,0.0,9.8,2.0,64.0,46.0,51.0,81.0,0.8,984,9.0,217,1
2014-02-10,11.264175173604768,8.0,2.0,0.0,8.3,2.0,70.0,18.0,66.0,93.0,2.5,992,8.0,198,0
2014-02-11,11.452649314027418,5.0,1.0,0.0,8.3,1.0,77.0,35.0,50.0,93.0,3.1,997,10.0,214,0
2014-02-12,11.67909938193202,7.0,1.0,0.0,6.6,2.0,84.0,47.0,58.0,91.0,5.8,995,8.0,200,0
2014-02-13,11.285736726983496,7.0,3.0,0.0,9.9,1.0,91.0,37.0,28.0,80.0,0.1,992,10.0,227,0
2014-02-14,11.816914332021469,10.0,2.0,0.0,6.6,2.0,97.0,45.0,59.0,91.0,7.25,991,9.0,177,0
2014-02-15,11.490469615202231,10.0,4.0,0.0,10.0,2.0,96.0,48.5,36.0,83.0,0.3,987,10.0,223,1
2014-02-16,11.58215902676365,9.0,1.0,0.0,10.1,3.0,89.0,25.0,19.0,86.0,0.0,1006,9.0,228,1
2014-02-17,10.979565988197768,10.0,4.0,0.0,5.0,2.0,82.0,30.0,70.0,90.0,1.4,1008,9.0,171,0
2014-02-18,10.781897981553204,10.0,5.0,0.0,6.7,2.0,76.0,25.0,81.0,94.0,4.3,1008,7.0,201,0
2014-02-19,10.67462360235623,10.0,3.0,0.0,5.1,2.0,69.0,23.0,70.0,93.0,0.3,1011,10.0,230,0
2014-02-20,10.573835396803837,11.0,5.0,0.0,8.3,2.0,62.0,34.0,75.0,93.0,1.0,1002,7.0,203,0
2014-02-21,10.51812649820144,9.0,3.0,0.0,10.2,2.0,55.0,32.0,33.0,85.0,0.2,1003,9.0,228,0
2014-02-22,10.776242109628448,10.0,3.0,0.0,10.3,3.0,48.0,32.0,27.0,84.0,0.0,1009,10.0,223,1
2014-02-23,11.480410763265306,12.0,6.0,0.0,6.9,2.0,42.0,44.0,66.0,91.0,0.3,1011,9.0,186,1
2014-02-24,10.411403084521426,13.0,6.0,0.0,8.5,2.0,35.0,35.0,44.0,85.0,0.1,1006,10.0,175,0
2014-02-25,10.294996596876876,10.0,5.0,0.0,10.0,2.0,28.0,34.0,54.0,87.0,1.1,1001,9.0,186,0
2014-02-26,10.20294532237132,10.0,3.0,0.0,10.8,3.0,21.0,24.0,14.0,85.0,0.5,1012,9.0,224,0
