day,avg_energy,maxtempC,mintempC,totalSnow_cm,sunHour,uvIndex,moon_illumination,DewPointC,FeelsLikeC,HeatIndexC,WindChillC,WindGustKmph,cloudcover,humidity,precipMM,pressure,tempC,visibility,winddirDegree,windspeedKmph,IsBankHoliday
2011-11-23,6.952692315384615,10,5,0.0,8.7,2,16,6,5,7,5,18,25,90,0.0,1027,10,7,257,10,0
2011-11-24,8.536479996,13,8,0.0,8.7,3,9,8,7,9,7,30,45,92,0.0,1028,13,10,205,16,0
2011-11-25,9.499781246875001,12,7,0.0,8.7,2,2,8,7,10,7,31,44,87,0.2,1024,12,9,240,19,0
2011-11-26,10.267707309756098,12,6,0.0,8.2,3,5,7,6,9,6,35,30,90,0.0,1026,12,10,229,20,1
2011-11-27,10.850804892682927,12,6,0.0,6.8,3,11,8,8,10,8,36,38,85,0.3,1021,12,10,258,22,1
2011-11-28,9.103381814545454,10,5,0.0,8.2,3,18,5,5,7,5,20,36,87,0.1,1023,10,10,197,11,0
2011-11-29,9.274873023809524,13,7,0.0,3.1,3,25,9,8,11,8,40,80,90,0.5,1010,13,9,205,25,0
2011-11-30,8.813513157894738,11,5,0.0,6.8,2,32,5,4,8,4,32,33,85,0.0,1019,11,10,205,18,0
2011-12-01,9.227706527173913,11,5,0.0,4.9,2,39,7,7,9,7,25,78,90,8.7,1007,11,9,143,15,0
2011-12-02,10.145910005,7,3,0.0,8.1,2,45,4,2,5,2,21,35,91,7.3,1012,7,9,254,12,0
2011-12-03,10.78027272909091,10,6,0.0,4.9,2,52,7,5,9,5,36,60,91,7.5,1004,10,9,240,21,1
2011-12-04,12.163127274545456,9,4,0.0,4.9,2,59,5,3,6,3,30,67,92,0.6,1001,9,10,246,17,1
2011-12-05,10.609714288888888,6,2,0.0,8.0,2,66,1,-2,3,-2,36,25,86,0.1,1005,6,10,255,21,0
2011-12-06,11.673416666666668,6,1,0.0,8.0,1,72,2,-1,3,-1,34,48,88,0.0,1007,6,10,245,19,0
2011-12-07,10.889361845394737,7,3,0.0,8.0,3,79,3,1,5,1,45,23,84,0.1,1008,7,10,253,26,0
2011-12-08,11.525149698802396,11,3,0.0,3.0,2,86,6,4,8,4,47,71,90,1.3,1011,11,8,223,27,0
2011-12-09,11.759836954891304,7,2,0.0,8.0,2,93,2,0,4,0,34,15,84,0.2,1010,7,10,250,20,0
2011-12-10,12.633800992537314,5,0,0.0,8.0,2,99,0,-2,2,-2,26,14,90,0.0,1015,5,10,255,14,1
2011-12-11,13.749174137313434,8,2,0.0,3.0,2,94,4,2,5,2,31,76,94,4.6,1008,8,8,194,17,1
2011-12-12,11.951958332407408,7,2,0.0,7.9,2,87,3,1,5,1,37,43,90,1.3,1003,7,10,232,22,0
2011-12-13,11.957446429464285,9,4,0.0,7.9,2,80,4,3,7,3,47,53,82,1.1,990,9,10,222,29,0
2011-12-14,12.392775862931034,6,3,0.0,7.9,2,73,1,0,4,0,31,28,83,0.1,994,6,10,220,18,0
2011-12-15,12.534904767460317,7,3,0.0,7.9,1,67,2,0,4,0,37,35,87,0.6,997,7,9,218,21,0
2011-12-16,13.376080141603055,2,1,3.7,6.7,1,60,1,-3,2,-3,37,71,96,18.1,987,2,7,239,23,0
2011-12-17,13.511967853928573,5,0,0.0,5.8,2,53,0,-4,1,-4,30,38,92,0.0,1007,5,10,289,17,1
2011-12-18,14.732271427499999,4,-1,0.0,3.8,1,46,-1,-4,0,-4,30,31,92,0.4,1016,4,10,298,17,1
2011-12-19,13.774470971612905,5,-1,0.0,1.9,1,40,2,-2,2,-2,25,72,97,3.1,1014,5,9,241,14,0
2011-12-20,12.709106376291793,6,4,0.0,3.8,1,33,4,1,5,1,31,60,93,0.1,1015,6,10,278,17,0
2011-12-21,12.148570198567334,11,5,0.0,1.9,2,26,7,6,8,6,25,84,96,0.3,1018,11,7,263,14,0
2011-12-22,11.839403265940055,11,8,0.0,5.8,3,19,8,6,9,6,30,47,94,0.1,1024,11,10,262,17,0
2011-12-23,12.254989421428572,11,4,0.0,1.9,2,12,7,5,8,5,38,65,93,4.9,1018,11,10,237,24,0
2011-12-24,13.06531745899471,7,2,0.0,5.8,1,6,3,0,4,0,34,36,89,0.1,1028,7,10,252,19,1
2011-12-25,12.949428567460318,11,7,0.0,3.8,2,1,8,5,9,5,38,62,94,0.3,1028,11,10,227,22,1
2011-12-26,11.065576721957672,12,9,0.0,1.9,3,8,9,8,10,8,30,73,91,0.3,1033,12,10,232,19,0
2011-12-27,11.494944444444444,10,6,0.0,5.8,2,15,6,5,8,5,21,33,91,0.0,1033,10,9,214,12,0
2011-12-28,11.790656326614988,10,4,0.0,3.8,2,21,5,3,7,3,38,48,89,0.4,1022,10,9,224,22,0
2011-12-29,12.144920396268656,8,3,0.0,3.8,2,28,4,1,5,1,43,53,89,1.0,1020,8,9,250,26,0
2011-12-30,12.40420924890511,6,3,0.0,2.0,1,35,4,1,5,1,31,57,92,1.8,1017,6,9,250,18,0
2011-12-31,12.43602189513382,12,9,0.0,2.0,3,42,9,7,10,7,35,79,94,0.4,1010,12,9,242,21,1
2012-01-01,12.46626520510949,11,9,0.0,3.9,3,48,10,8,11,8,34,80,94,1.3,1005,11,9,221,21,1
2012-01-02,12.7547445243309,7,4,0.0,5.8,2,55,3,1,5,1,32,20,87,0.0,1008,7,10,234,19,0
2012-01-03,12.74404545382775,11,4,0.0,3.9,2,62,6,3,8,3,52,59,89,4.4,1003,11,9,225,32,0
2012-01-04,12.741140477142856,7,3,0.0,3.9,2,69,3,0,5,0,48,49,87,0.7,1014,7,8,246,28,0
2012-01-05,12.848078384560571,9,5,0.0,5.8,2,76,5,2,7,2,58,44,88,1.8,1004,9,10,275,36,0
2012-01-06,12.719621752245862,6,2,0.0,5.8,2,82,3,1,5,1,31,29,91,0.0,1023,6,10,275,18,0
2012-01-07,12.76545991226415,7,3,0.0,3.9,1,89,3,1,5,1,34,65,89,0.3,1015,7,9,219,20,1
2012-01-08,13.395569735933806,8,4,0.0,2.0,2,96,5,3,6,3,26,68,92,0.0,1026,8,10,274,15,1
2012-01-09,12.449049410117647,6,4,0.0,5.8,1,97,4,2,5,2,31,59,91,0.6,1015,6,9,173,18,0
2012-01-10,11.976153838694637,10,7,0.0,2.0,2,91,8,6,9,6,24,67,93,0.2,1033,10,9,246,14,0
2012-01-11,11.981207460606061,10,6,0.0,3.9,2,84,6,4,7,4,26,53,94,0.0,1033,10,10,248,15,0
2012-01-12,12.056824884331796,11,5,0.0,2.0,2,77,6,3,7,3,35,45,92,0.1,1028,11,10,271,20,0
2012-01-13,12.52275687591743,6,2,0.0,5.8,1,70,2,1,4,1,17,11,90,0.0,1032,6,9,219,10,0
2012-01-14,13.496298406833713,6,1,0.0,5.8,2,63,1,1,2,1,13,11,89,0.0,1030,6,10,85,7,1
2012-01-15,14.27115944715262,5,0,0.0,8.2,2,57,0,-2,2,-2,25,9,85,0.0,1025,5,10,110,14,1
2012-01-16,13.04780760738255,7,0,0.0,8.6,2,50,0,-1,3,-1,21,4,83,0.0,1025,7,10,108,12,0
2012-01-17,13.2670712688196,6,0,0.0,8.7,2,43,1,0,3,0,19,26,86,0.0,1028,6,10,187,10,0
2012-01-18,12.789209252863436,10,2,0.0,3.3,2,36,7,4,7,4,31,79,97,1.2,1024,10,7,215,17,0
2012-01-19,12.274760772413794,11,6,0.0,5.1,2,30,8,6,9,6,36,75,91,4.5,1019,11,8,256,22,0
2012-01-20,12.783027081041666,8,3,0.0,5.1,2,23,4,1,6,1,39,61,90,0.7,1019,8,8,262,23,0
2012-01-21,12.735594320283976,11,6,0.0,5.1,2,16,7,5,9,5,43,62,88,0.2,1013,11,10,262,26,1
2012-01-22,13.720799185598377,10,4,0.0,6.9,2,9,4,2,6,2,40,38,87,0.0,1014,10,10,269,23,1
2012-01-23,12.614123767583497,8,2,0.0,8.7,2,3,3,1,4,1,30,34,90,0.1,1018,8,10,278,17,0
2012-01-24,12.872251937403101,7,2,0.0,3.3,1,4,4,1,4,1,20,75,96,6.3,1019,7,7,249,11,0
2012-01-25,12.553495261290323,10,7,0.0,5.1,2,11,7,6,8,6,22,82,94,0.2,1016,10,5,220,14,0
2012-01-26,12.372054406191369,8,4,0.0,8.7,2,18,5,3,7,3,30,48,90,2.8,1009,8,9,202,19,0
2012-01-27,12.471985347435897,8,2,0.0,8.7,1,25,2,0,4,0,26,34,89,0.7,1018,8,9,243,15,0
2012-01-28,13.367956680685921,6,1,0.0,6.9,1,31,2,-1,3,-1,22,69,93,0.4,1027,6,8,127,14,1
2012-01-29,14.127586637184116,5,0,0.0,6.9,1,38,1,-1,2,-1,14,60,92,0.0,1031,5,6,83,9,1
2012-01-30,13.451978834391536,4,0,0.2,6.9,1,45,-1,-2,1,-2,16,50,85,0.2,1027,4,7,78,10,0
2012-01-31,13.890518073666094,3,-2,0.8,5.2,1,52,-1,-3,1,-3,20,56,89,0.9,1026,3,4,38,12,0
2012-02-01,13.814964403220339,3,-2,0.0,8.7,2,58,-6,-6,-1,-6,32,4,70,0.0,1033,3,10,42,20,1
2012-02-02,14.368799337335526,1,-3,0.0,8.7,2,65,-8,-7,-2,-7,29,4,64,0.0,1035,1,10,37,19,0
2012-02-03,14.521274318660286,1,-4,0.0,8.7,2,72,-6,-6,-2,-6,18,8,72,0.0,1039,1,10,211,12,0
2012-02-04,15.154135638643531,2,-5,1.4,3.4,1,79,-5,-6,-2,-6,20,60,79,1.7,1036,2,9,103,13,1
2012-02-05,15.940238171924289,2,-1,1.6,3.5,1,86,0,-2,0,-2,13,81,95,11.4,1027,2,6,235,8,1
2012-02-06,14.046691603053436,3,-1,0.0,3.5,1,92,0,0,0,0,7,83,98,0.4,1033,3,1,124,4,0
2012-02-07,13.882766122638682,1,-5,0.0,9.7,1,99,-2,-4,-1,-4,17,42,92,0.0,1039,1,8,66,10,0
2012-02-08,15.197053412611275,1,-6,0.1,8.2,1,94,-4,-8,-3,-8,25,53,91,0.1,1041,1,9,24,14,0
2012-02-09,14.402453743465491,1,-5,0.0,6.6,1,87,-3,-4,-2,-4,9,65,92,1.4,1039,1,6,191,5,0
2012-02-10,14.607209765229886,1,-2,1.7,9.8,2,81,-2,-4,-1,-4,16,40,90,2.0,1038,1,8,115,10,0
2012-02-11,14.873677149571428,1,-7,0.0,9.8,1,74,-5,-6,-3,-6,9,15,91,0.0,1036,1,7,48,5,1
2012-02-12,15.878634287142857,3,-6,0.0,4.9,1,67,-2,-5,-1,-5,17,76,93,1.9,1034,3,6,329,10,1
2012-02-13,14.305450566525423,4,1,0.0,5.0,1,60,2,-2,2,-2,26,88,97,1.1,1028,4,7,313,15,0
2012-02-14,13.653157079102384,6,0,0.0,10.0,2,54,2,-2,3,-2,31,50,93,0.0,1024,6,10,319,17,0
2012-02-15,13.27677654924138,9,3,0.0,9.9,2,47,4,1,5,1,35,53,92,0.0,1025,9,10,312,20,0
2012-02-16,12.593323327012278,10,4,0.0,8.3,2,40,4,3,6,3,23,66,90,0.0,1028,10,10,295,14,0
2012-02-17,12.441717391983696,11,4,0.0,5.0,2,33,6,5,7,5,24,80,94,0.2,1023,11,10,254,14,0
2012-02-18,12.954642279674797,11,2,0.0,8.3,2,26,5,3,7,3,37,61,89,1.5,1013,11,10,244,23,1
2012-02-19,13.755036585230352,6,0,0.0,10.1,2,20,-2,-2,3,-2,27,3,74,0.0,1024,6,10,308,17,1
2012-02-20,13.306266581830238,8,0,0.0,8.3,1,13,-1,0,3,0,23,37,76,0.0,1032,8,10,232,14,0
2012-02-21,12.639691506274511,11,2,0.0,10.2,3,6,3,2,6,2,30,43,87,0.0,1029,11,10,230,17,0
2012-02-22,12.883607693717948,9,4,0.0,6.7,2,1,5,2,7,2,38,70,91,5.6,1024,9,9,214,24,0
2012-02-23,11.622128953223767,14,8,0.0,8.4,3,7,10,8,11,8,28,69,93,0.1,1023,14,10,256,17,0
2012-02-24,11.533195762219451,13,8,0.0,6.9,3,14,9,8,10,8,25,75,90,0.1,1027,13,9,259,16,0
2012-02-25,11.80607701590062,11,6,0.0,10.8,3,21,5,6,8,6,14,29,81,0.1,1027,11,9,282,9,1
2012-02-26,12.444221116024845,12,2,0.0,10.8,2,28,4,5,6,5,13,30,85,0.0,1028,12,9,296,7,1
2012-02-27,12.19642246092796,10,4,0.0,5.4,2,35,6,5,7,5,22,76,91,0.3,1025,10,9,244,14,0
2012-02-28,11.568446860144928,15,8,0.0,8.5,3,41,9,9,10,9,13,76,91,0.1,1024,15,9,256,9,0
2012-02-29,11.516667847805456,12,7,0.0,5.5,3,48,8,8,9,8,13,76,92,0.2,1024,12,6,222,8,0
2012-03-01,11.219012910093896,16,6,0.0,11.0,3,55,7,9,10,9,13,22,87,0.0,1026,16,7,268,7,0
2012-03-02,11.84731170359212,12,5,0.0,5.5,2,62,6,6,8,6,14,67,89,0.4,1026,12,7,80,9,0
2012-03-03,12.207922542774567,13,6,0.0,8.6,2,68,6,6,9,6,23,59,88,0.7,1019,13,8,189,15,1
2012-03-04,13.463506358034683,8,2,0.0,5.5,1,75,4,1,5,1,31,73,97,17.4,1016,8,7,226,19,1
2012-03-05,12.716252002405499,8,1,0.0,8.6,2,82,0,-1,4,-1,46,42,78,0.1,1020,8,10,311,29,0
2012-03-06,13.029193692004505,8,1,0.0,7.1,2,89,1,1,4,1,24,44,82,0.2,1025,8,9,255,14,0
2012-03-07,12.757729392538977,10,3,0.0,8.6,2,95,4,2,6,2,36,60,86,1.5,1018,10,9,241,22,0
2012-03-08,12.044930611453745,11,1,0.0,11.2,3,98,2,3,6,3,23,27,81,0.0,1030,11,10,273,14,0
2012-03-09,12.156989109803922,12,4,0.0,5.6,2,91,6,5,8,5,24,70,86,0.0,1034,12,10,237,15,0
2012-03-10,11.925032435891891,16,7,0.0,10.1,3,84,8,9,10,9,19,61,88,0.0,1036,16,9,284,12,1
2012-03-11,12.048960003351352,15,6,0.0,11.4,3,77,8,9,10,9,13,44,88,0.0,1037,15,7,288,8,1
2012-03-12,10.987727466383882,16,6,0.0,11.6,3,71,8,10,10,10,11,15,87,0.0,1034,16,7,227,7,0
2012-03-13,10.996885656860707,13,4,0.0,11.6,2,64,5,8,8,8,6,18,83,0.0,1034,13,8,103,4,0
2012-03-14,10.992513263877552,12,2,0.0,10.2,2,57,4,6,7,6,9,27,85,0.0,1031,12,7,120,5,0
2012-03-15,10.969932336616916,17,5,0.0,11.6,3,50,7,9,10,9,13,11,84,0.0,1025,17,7,180,8,0
2012-03-16,11.309622457792837,12,3,0.0,8.8,2,44,5,5,8,5,20,63,85,0.1,1019,12,8,227,14,0
2012-03-17,12.043345192884615,10,6,0.0,6.0,2,37,7,5,8,5,24,86,94,4.1,1013,10,7,198,15,1
2012-03-18,12.155441346442307,10,3,0.0,8.8,2,30,4,4,6,4,16,59,88,1.6,1017,10,7,261,11,1
2012-03-19,11.055944908683474,12,0,0.0,10.2,2,23,3,4,7,4,19,32,79,0.0,1032,12,9,284,11,0
2012-03-20,10.730913087191217,11,2,0.0,7.4,2,16,5,5,7,5,17,57,87,0.2,1035,11,8,265,10,0
2012-03-21,10.380301870080142,17,5,0.0,11.6,3,10,7,9,10,9,14,32,81,0.0,1034,17,9,146,9,0
2012-03-22,10.204812933129372,16,5,0.0,11.6,4,3,6,8,10,8,26,26,79,0.0,1029,16,10,82,15,0
2012-03-23,10.123756981371718,20,6,0.0,11.6,3,4,9,12,12,12,13,11,83,0.4,1027,20,7,97,7,0
2012-03-24,10.227772918923465,18,7,0.0,11.6,4,11,9,12,12,12,14,5,81,0.1,1028,18,9,79,9,1
2012-03-25,10.69785786568545,15,5,0.0,11.6,3,17,7,8,9,8,15,12,84,0.0,1033,15,6,61,10,1
2012-03-26,9.984955945303408,17,4,0.0,11.6,3,24,6,8,10,8,19,8,78,0.0,1036,17,7,75,12,0
2012-03-27,9.567693507313065,19,5,0.0,11.6,4,31,5,10,11,10,15,3,68,0.0,1036,19,10,76,10,0
2012-03-28,9.530815149185667,21,6,0.0,11.6,5,38,7,13,13,13,9,2,67,0.0,1033,21,10,160,6,0
2012-03-29,9.341878049024391,19,7,0.0,11.6,4,44,8,12,13,12,14,11,76,0.0,1028,19,10,256,9,0
2012-03-30,9.343317887073171,17,6,0.0,11.6,3,51,9,10,11,10,13,31,84,0.0,1024,17,6,320,8,0
2012-03-31,10.42335332204214,11,4,0.0,7.8,2,58,5,5,7,5,22,56,83,0.7,1020,11,7,139,15,1
2012-04-01,10.746523076842104,14,1,0.0,11.6,2,65,2,5,7,5,9,5,76,0.0,1021,14,8,201,5,1
2012-04-02,9.926288639905362,14,4,0.0,9.1,3,72,4,9,9,9,8,34,75,0.0,1011,14,10,267,5,0
2012-04-03,10.16470255693261,13,6,0.0,9.1,3,78,6,8,9,8,13,64,82,6.4,1003,13,10,288,9,0
2012-04-04,10.250397116021261,11,3,0.0,11.6,2,85,4,5,7,5,11,55,83,3.6,1007,11,7,161,7,0
2012-04-05,10.64523340671141,8,4,0.0,7.8,2,92,4,3,6,3,25,70,86,0.3,1019,8,10,38,17,0
2012-04-06,10.556476904694486,12,1,0.0,9.1,2,99,2,4,6,4,15,28,77,0.1,1016,12,9,243,10,1
2012-04-07,10.313023116480238,11,3,0.0,7.9,2,95,4,5,7,5,15,77,85,0.5,1013,11,6,130,10,1
2012-04-08,10.616332834850747,12,2,0.0,6.6,2,88,6,6,8,6,17,82,91,1.6,1012,12,8,240,11,1
2012-04-09,10.632938106860552,11,6,0.0,6.7,2,81,8,5,8,5,32,99,94,5.6,998,11,9,215,22,0
2012-04-10,9.91865182430657,12,4,0.0,11.6,2,74,5,5,8,5,26,42,83,2.9,990,12,10,235,18,0
2012-04-11,10.063980040199572,12,2,0.0,10.4,2,67,4,5,7,5,15,68,85,7.4,997,12,5,264,8,0
2012-04-12,10.115361746569645,11,2,0.0,9.2,2,61,4,5,7,5,10,43,86,3.7,1003,11,7,295,6,0
2012-04-13,10.0172454382691,14,2,0.0,11.6,2,54,4,6,7,6,9,23,84,4.9,1005,14,8,153,5,0
2012-04-14,10.255278372029373,11,3,0.0,10.4,2,47,3,4,7,4,21,66,82,2.7,1008,11,10,35,14,1
2012-04-15,11.12634646328438,9,1,0.0,11.6,2,40,1,1,5,1,25,26,79,0.6,1019,9,10,135,18,1
2012-04-16,10.444852068346254,11,-1,0.0,10.4,2,34,-1,3,5,3,16,19,70,0.0,1025,11,8,296,9,0
2012-04-17,10.763113194996873,12,1,0.0,12.2,2,27,3,3,6,3,31,53,81,5.8,1002,12,9,201,20,0
2012-04-18,10.793320802425713,10,3,0.0,9.0,2,20,6,3,7,3,29,85,93,7.4,982,10,8,168,19,0
2012-04-19,10.692765469770183,9,6,0.0,9.1,2,13,7,5,8,5,18,97,94,3.3,984,9,4,259,13,0
2012-04-20,10.284972445235361,13,3,0.0,11.2,2,7,5,5,7,5,17,80,88,5.5,993,13,5,245,11,0
2012-04-21,10.237361109977325,12,3,0.0,12.3,2,0,5,5,7,5,17,58,85,3.1,997,12,8,270,11,1
2012-04-22,10.675958023936472,13,3,0.0,12.3,2,7,5,4,7,4,24,57,87,7.2,1002,13,8,236,15,1
2012-04-23,10.233298951351351,9,3,0.0,9.1,2,14,5,3,6,3,24,95,95,8.9,995,9,6,133,15,0
2012-04-24,10.032602790821256,12,5,0.0,10.2,2,21,6,5,8,5,21,76,90,9.2,997,12,8,307,14,0
2012-04-25,10.497288633368257,12,3,0.0,9.2,2,27,6,3,7,3,32,86,96,21.0,988,12,9,149,19,0
2012-04-26,9.912728388900256,13,7,0.0,12.4,3,34,7,7,10,7,34,57,84,1.5,994,13,10,192,23,0
2012-04-27,9.659546580079287,14,7,0.0,14.5,3,41,7,8,10,8,20,38,84,2.5,1010,14,9,196,14,0
2012-04-28,10.718921831415928,9,5,0.0,9.3,2,48,7,5,8,5,26,92,97,10.2,1015,9,8,34,17,1
2012-04-29,11.558543488452088,14,5,0.0,10.3,3,54,8,5,9,5,37,78,93,17.6,1005,14,9,77,24,1
2012-04-30,9.337549976409285,16,8,0.0,14.5,3,61,9,10,12,10,28,38,84,1.4,1013,16,10,110,19,0
2012-05-01,9.206823692561983,16,9,0.0,10.4,3,68,11,12,13,12,21,72,91,16.4,1016,16,7,146,14,0
2012-05-02,9.285732143080358,12,9,0.0,10.4,3,75,9,9,10,9,16,86,92,1.3,1020,12,3,173,12,0
2012-05-03,10.01893591717524,10,7,0.0,9.4,2,82,8,6,8,6,15,99,96,6.4,1012,10,6,137,11,0
2012-05-04,9.99838708130881,10,6,0.0,9.4,2,88,6,6,8,6,12,93,91,2.2,1007,10,3,182,9,0
2012-05-05,10.231546034917269,9,4,0.0,9.4,2,95,4,3,6,3,19,84,88,3.1,1009,9,7,28,14,1
2012-05-06,10.6318134,9,3,0.0,9.4,2,98,4,4,6,4,15,80,89,4.2,1014,9,6,49,10,1
2012-05-07,10.51264646036456,13,3,0.0,10.5,3,91,7,6,8,6,19,70,89,0.9,1014,13,7,145,12,0
2012-05-08,9.218983752558895,17,9,0.0,11.5,3,85,11,11,12,11,17,76,91,2.8,1008,17,8,192,11,0
2012-05-09,9.481354993185422,15,10,0.0,9.5,3,78,12,11,13,11,17,99,96,8.4,1008,15,7,181,11,0
2012-05-10,9.198219257463263,17,13,0.0,9.5,4,71,14,13,15,13,34,93,95,5.9,1010,17,6,199,22,0
2012-05-11,8.729915572532834,13,9,0.0,12.5,3,64,8,9,11,9,26,52,81,0.3,1021,13,10,273,18,0
2012-05-12,9.152305027858473,14,4,0.0,14.5,3,58,5,7,9,7,17,16,77,0.3,1036,14,10,222,12,1
2012-05-13,9.497021229385474,15,4,0.0,12.5,3,51,7,9,10,9,15,28,80,0.1,1031,15,8,235,10,1
2012-05-14,9.188819624603173,12,5,0.0,11.6,3,44,7,6,9,6,25,46,89,2.6,1017,12,9,232,16,0
2012-05-15,9.454046632538569,9,4,0.0,11.6,2,37,5,3,6,3,25,64,91,2.1,1015,9,9,259,16,0
2012-05-16,8.096790305431421,13,2,0.0,11.6,3,30,5,6,8,6,15,68,80,0.4,1025,13,8,280,10,0
2012-05-17,8.816307178731218,14,6,0.0,11.6,3,24,6,8,10,8,15,68,81,0.2,1018,14,7,147,10,0
2012-05-18,9.053861083706588,14,8,0.0,9.7,3,17,10,9,11,9,18,91,92,3.5,1005,14,8,111,12,0
2012-05-19,9.00107697252818,17,10,0.0,11.6,3,10,11,12,13,12,14,81,87,2.5,1010,17,9,146,10,1
2012-05-20,9.790544752285898,15,6,0.0,9.7,3,3,8,8,10,8,19,84,88,0.6,1010,15,8,58,14,1
2012-05-21,8.813533917849329,14,8,0.0,9.7,3,3,10,9,11,9,22,81,92,1.2,1009,14,8,347,16,0
2012-05-22,8.227850837229832,22,10,0.0,13.6,4,10,13,15,16,15,22,37,87,1.0,1014,22,10,298,15,0
2012-05-23,8.031598925634139,24,12,0.0,12.7,4,17,16,17,18,17,14,44,91,14.0,1023,24,7,189,9,0
2012-05-24,7.960995596418086,24,14,0.0,12.7,5,24,17,18,19,18,11,46,91,6.8,1026,24,7,38,8,0
2012-05-25,7.963798959792028,21,13,0.0,16.5,5,31,14,16,17,16,25,23,84,1.4,1023,21,9,60,17,0
2012-05-26,8.124223725107976,21,12,0.0,16.5,5,37,13,16,16,16,28,17,82,0.0,1020,21,10,72,18,1
2012-05-27,8.439693148503167,24,12,0.0,16.5,6,44,15,18,19,18,17,5,81,0.0,1019,24,9,82,12,1
2012-05-28,8.101152928538943,24,12,0.0,16.5,5,51,16,19,20,19,13,7,84,18.0,1018,24,6,185,7,0
2012-05-29,8.005065527779333,20,13,0.0,13.2,4,58,15,16,16,16,16,70,93,2.3,1018,20,7,196,10,0
2012-05-30,7.968315075103734,22,13,0.0,16.6,4,64,15,17,18,17,13,44,87,9.3,1018,22,9,210,8,0
2012-05-31,8.069431024700108,19,12,0.0,13.3,4,71,13,14,14,14,17,79,93,3.4,1019,19,7,272,12,0
2012-06-01,8.146023406160882,21,11,0.0,14.1,4,78,14,16,16,16,10,81,89,3.1,1019,21,5,206,7,0
2012-06-02,8.446874364073777,17,10,0.0,13.3,3,85,11,12,13,12,20,83,90,2.8,1015,17,8,94,14,1
2012-06-03,9.30320213946524,12,9,0.0,12.5,3,92,10,9,11,9,21,100,97,12.0,1008,12,9,80,15,1
2012-06-04,8.837111734937181,14,6,0.0,14.9,3,98,8,8,10,8,17,65,86,12.0,1014,14,9,111,13,1
2012-06-05,9.226317830553329,15,7,0.0,13.3,3,95,9,9,11,9,20,70,88,8.6,1015,15,8,159,14,0
2012-06-06,8.425714512664907,17,12,0.0,14.1,4,88,12,13,14,13,23,75,89,8.9,1003,17,8,210,15,0
2012-06-07,8.751595465616045,19,10,0.0,14.2,4,81,12,12,13,12,25,76,93,13.1,998,19,5,167,17,0
2012-06-08,8.807170831821695,15,9,0.0,14.2,3,75,10,10,12,10,44,79,88,4.4,998,15,10,212,29,0
2012-06-09,8.55402558917605,16,8,0.0,15.8,3,68,8,11,12,11,29,54,78,1.7,1010,16,7,246,20,1
2012-06-10,9.117167904171998,16,7,0.0,14.2,3,61,10,12,12,12,12,75,87,4.0,1009,16,5,169,8,1
2012-06-11,9.444557274556514,14,10,0.0,12.6,3,54,11,10,12,10,24,100,98,41.9,1003,14,7,111,17,0
2012-06-12,9.158374310085298,13,9,0.0,12.6,3,48,10,9,11,9,21,94,92,19.8,1008,13,8,228,14,0
2012-06-13,6.989766382566283,17,5,0.0,16.8,3,41,8,11,12,11,10,27,81,3.2,1016,17,7,88,6,0
2012-06-14,8.145492644103227,16,7,0.0,15.8,3,34,9,11,12,11,23,42,85,2.4,1017,16,8,115,16,0
2012-06-15,7.227600562026613,17,12,0.0,15.0,4,27,12,13,14,13,27,65,87,11.8,1008,17,9,186,19,0
2012-06-16,7.797470794808004,17,10,0.0,15.8,3,20,11,12,13,12,34,60,85,1.2,1009,17,10,203,24,1
2012-06-17,8.905750001175319,18,10,0.0,14.2,4,14,11,13,14,13,21,69,85,2.1,1017,18,9,221,15,1
2012-06-18,8.453043995964997,18,11,0.0,16.6,4,7,12,14,14,14,13,45,86,6.4,1017,18,8,262,9,0
2012-06-19,8.120382864932235,19,8,0.0,16.6,4,0,11,13,14,13,11,48,85,1.8,1019,19,6,222,7,0
2012-06-20,8.035481051991312,20,9,0.0,16.8,4,7,12,15,15,15,12,19,81,2.4,1017,20,9,110,8,0
2012-06-21,8.405077312524085,20,11,0.0,12.6,4,13,13,14,15,14,25,89,90,12.3,1006,20,8,149,17,0
2012-06-22,8.449993268165425,16,10,0.0,14.2,3,20,11,12,13,12,34,76,88,3.6,1011,16,9,219,23,0
2012-06-23,8.609543842381408,18,9,0.0,16.8,3,27,10,12,13,12,27,47,86,0.9,1019,18,9,223,18,1
2012-06-24,8.993217296741735,17,12,0.0,14.2,4,34,13,13,14,13,27,67,91,18.7,1012,17,8,241,18,1
2012-06-25,8.268517101769913,20,10,0.0,16.6,4,41,13,14,15,14,14,43,87,3.4,1018,20,7,269,9,0
2012-06-26,8.229371565137395,21,12,0.0,15.0,4,47,14,17,17,17,13,58,87,0.8,1020,21,8,203,9,0
2012-06-27,8.256146300692125,24,16,0.0,15.8,4,54,17,19,19,19,14,69,92,0.7,1017,24,6,217,10,0
2012-06-28,8.13416237460658,25,14,0.0,14.2,5,61,17,19,20,19,22,64,90,2.0,1006,25,9,170,15,0
2012-06-29,8.20298928261491,19,11,0.0,15.0,4,68,13,14,15,14,31,53,87,1.4,1005,19,9,202,20,0
2012-06-30,8.17816464775481,19,12,0.0,15.8,4,74,12,15,16,15,26,48,83,1.3,1008,19,10,203,18,1
2012-07-01,8.68717965860266,17,8,0.0,15.8,3,81,10,12,13,12,23,47,84,3.0,1014,17,10,229,16,1
2012-07-02,8.57434107323481,16,10,0.0,13.4,3,88,12,13,14,13,25,76,90,3.7,1015,16,7,183,17,0
2012-07-03,8.326741596148459,19,14,0.0,12.5,4,95,15,16,16,16,19,94,92,3.2,1014,19,5,186,14,0
2012-07-04,8.226530034935218,21,15,0.0,14.2,4,100,15,17,17,17,17,86,92,4.4,1009,21,8,169,12,0
2012-07-05,8.08792295271389,20,13,0.0,12.5,4,92,14,17,17,17,11,64,84,4.0,1010,20,10,205,8,1
2012-07-06,8.197726801216216,17,13,0.0,15.0,4,85,13,15,15,15,12,72,90,16.9,1007,17,7,193,9,0
2012-07-07,8.445385061270903,17,10,0.0,12.5,4,78,13,14,14,14,20,96,91,7.0,1008,17,5,146,13,1
2012-07-08,9.079390858283167,19,13,0.0,13.3,4,71,14,15,15,15,14,89,93,5.9,1005,19,6,215,10,1
2012-07-09,8.496319241633643,19,12,0.0,14.1,4,65,14,15,15,15,17,74,91,6.2,1011,19,7,239,11,0
2012-07-10,8.334662526928104,17,12,0.0,12.5,4,58,13,14,14,14,17,91,91,6.1,1011,17,6,239,11,0
2012-07-11,8.212896268816046,18,10,0.0,14.9,4,51,12,13,14,13,20,63,88,12.8,1011,18,8,253,14,0
2012-07-12,8.240253632115383,18,9,0.0,14.9,3,44,11,12,13,12,18,70,87,12.7,1012,18,7,225,13,0
2012-07-13,8.228490772873807,19,13,0.0,16.5,4,38,13,15,16,15,20,63,88,16.7,1002,19,8,226,14,0
2012-07-14,8.595460663003585,17,13,0.0,13.0,4,31,13,14,14,14,13,92,92,9.1,1005,17,9,209,10,1
2012-07-15,8.63847563729171,18,10,0.0,16.1,4,24,10,13,14,13,17,42,82,1.0,1015,18,8,282,11,1
2012-07-16,8.57282552721519,16,10,0.0,12.1,3,17,13,13,14,13,26,95,96,5.6,1020,16,7,227,17,0
2012-07-17,8.14688248964135,20,13,0.0,12.0,4,10,15,16,17,16,22,79,90,2.3,1022,20,9,250,15,0
2012-07-18,8.26354165777262,17,13,0.0,12.0,4,4,14,14,15,14,26,87,94,2.6,1013,17,9,223,17,0
2012-07-19,8.25297889343605,19,12,0.0,14.7,4,3,13,14,15,14,20,62,86,4.4,1010,19,10,270,14,0
2012-07-20,8.234110854120127,18,10,0.0,16.0,4,10,12,14,14,14,12,50,86,8.5,1016,18,7,241,8,0
2012-07-21,8.138008219915701,20,10,0.0,16.0,4,17,11,15,15,15,8,39,80,1.9,1024,20,9,91,5,1
2012-07-22,8.242208850790306,21,11,0.0,15.9,5,23,12,16,17,16,16,27,78,0.0,1027,21,9,193,10,1
2012-07-23,7.992941226353487,25,12,0.0,15.9,6,30,15,19,20,19,16,5,77,0.0,1023,25,10,202,11,0
2012-07-24,7.914892729315069,30,17,0.0,15.9,7,37,17,24,24,23,8,1,71,0.0,1018,30,10,189,5,0
2012-07-25,7.999864095575221,28,18,0.0,13.5,6,44,18,25,25,24,9,32,74,0.3,1017,28,10,90,6,0
2012-07-26,7.914685985900948,28,16,0.0,14.5,6,50,16,22,22,21,13,25,75,0.1,1018,28,10,79,10,0
2012-07-27,8.224382898062343,25,14,0.0,14.5,5,57,16,21,21,20,11,36,80,5.6,1012,25,10,196,7,0
2012-07-28,8.094585421276596,20,13,0.0,14.5,4,64,11,16,16,16,16,41,76,1.3,1011,20,9,307,11,1
2012-07-29,8.566786014427127,11,9,0.0,14.5,4,71,10,9,10,9,20,45,95,0.0,1012,11,8,242,13,1
2012-07-30,8.081812342754844,18,8,0.0,14.5,4,78,10,13,13,13,21,37,80,1.9,1016,18,8,249,14,0
2012-07-31,8.20502271745898,20,12,0.0,9.5,4,84,14,15,15,15,18,80,91,7.1,1015,20,8,202,12,0
2012-08-01,8.06490363972228,23,13,0.0,12.5,4,91,15,17,18,17,21,60,84,0.1,1010,23,7,180,14,0
2012-08-02,7.965542814496108,20,14,0.0,13.5,4,98,13,16,17,16,22,55,83,1.9,1010,20,6,213,15,0
2012-08-03,7.995904221865155,20,12,0.0,12.5,4,95,12,15,16,15,22,49,82,2.7,1012,20,6,199,15,0
2012-08-04,8.15483637878597,20,13,0.0,12.5,4,89,13,16,16,16,20,54,83,3.0,1010,20,6,188,14,1
2012-08-05,8.666727731680673,21,12,0.0,12.5,4,82,13,16,16,16,13,48,81,3.5,1007,21,8,184,9,1
2012-08-06,8.267403905377021,20,11,0.0,13.5,4,75,13,16,16,16,17,45,83,11.7,1009,20,7,251,11,0
2012-08-07,8.213259609808864,18,10,0.0,9.4,4,68,12,14,15,14,20,77,83,1.3,1018,18,5,245,14,0
2012-08-08,8.003545264083177,24,14,0.0,12.4,4,61,14,18,19,18,15,48,76,0.7,1018,24,9,221,11,0
2012-08-09,7.971071203759714,25,15,0.0,11.4,5,55,15,21,21,20,7,43,76,0.9,1026,25,10,54,5,0
2012-08-10,7.967111764516806,25,14,0.0,13.5,5,48,15,21,21,20,7,41,77,0.2,1026,25,8,144,4,0
2012-08-11,8.029549159831934,22,14,0.0,14.5,5,41,13,18,19,18,19,27,74,0.0,1021,22,10,99,14,1
2012-08-12,8.401441806596639,24,14,0.0,13.5,5,34,15,18,19,18,18,42,82,3.8,1012,24,8,133,12,1
2012-08-13,8.083907162297837,20,13,0.0,11.4,4,28,15,17,17,17,17,73,87,0.6,1011,20,7,174,12,0
2012-08-14,7.888000421088006,24,15,0.0,13.4,5,21,15,19,20,19,13,48,80,0.3,1011,24,5,173,9,0
2012-08-15,8.094527200294056,23,16,0.0,13.4,4,14,15,18,19,18,26,29,84,10.4,1007,23,8,140,16,0
2012-08-16,7.958180881743697,21,14,0.0,12.4,4,7,14,17,18,17,21,52,80,0.9,1014,21,10,183,15,0
2012-08-17,7.773145378445379,26,16,0.0,12.4,5,1,16,22,22,21,24,52,75,0.2,1014,26,10,164,16,0
2012-08-18,8.014850178566926,29,19,0.0,14.5,7,6,18,25,25,24,14,14,74,0.0,1014,29,10,211,9,1
2012-08-19,8.555516914582896,28,19,0.0,14.5,5,13,20,24,24,23,14,24,82,0.5,1016,28,7,208,9,1
2012-08-20,8.143004834552332,24,17,0.0,12.3,5,20,17,20,21,20,13,42,82,0.7,1019,24,7,242,9,0
2012-08-21,7.942754463116992,23,15,0.0,12.3,5,27,15,19,19,19,12,58,79,0.6,1018,23,8,250,8,0
2012-08-22,7.845714045643502,21,12,0.0,12.3,4,33,12,15,16,15,20,52,80,0.4,1017,21,9,246,14,0
2012-08-23,7.823503463405417,20,12,0.0,12.3,4,40,12,16,16,16,12,54,79,0.1,1014,20,7,230,8,0
2012-08-24,7.899372664077262,21,12,0.0,10.5,4,47,12,16,16,16,15,69,81,1.4,1005,21,6,193,11,0
2012-08-25,8.124167996367072,21,14,0.0,9.3,4,54,14,17,17,17,22,64,86,13.3,1001,21,8,214,14,1
2012-08-26,8.100649444402437,21,11,0.0,9.2,4,60,12,15,16,15,21,56,79,1.1,1014,21,10,265,14,1
2012-08-27,8.3152787226423,21,12,0.0,10.4,4,67,13,16,16,16,22,54,81,0.0,1014,21,7,184,15,1
2012-08-28,8.048102687631246,21,14,0.0,10.4,4,74,14,17,18,17,19,55,81,0.5,1013,21,10,221,14,0
2012-08-29,8.294930911822762,19,13,0.0,9.2,4,81,13,14,15,14,23,63,89,2.9,1013,19,7,189,15,0
2012-08-30,8.337312538479312,17,12,0.0,9.2,4,88,11,13,14,13,24,51,82,1.7,1016,17,9,275,17,0
2012-08-31,8.098455901343973,17,7,0.0,10.4,4,94,6,11,12,11,17,21,68,0.0,1029,17,10,324,12,0
2012-09-01,8.300149548414199,19,12,0.0,6.7,4,100,13,15,15,15,12,83,86,0.3,1026,19,8,240,8,1
2012-09-02,9.001514699307014,21,11,0.0,7.9,4,92,13,15,16,15,15,89,88,0.2,1024,21,5,255,10,1
2012-09-03,8.364258978554926,25,13,0.0,11.6,5,85,15,19,19,19,9,39,80,0.0,1026,25,6,267,6,0
2012-09-04,8.338471971341592,24,14,0.0,11.6,4,79,14,18,19,18,14,32,78,0.0,1024,24,8,295,9,1
2012-09-05,8.157019517418679,18,10,0.0,11.6,5,72,9,14,15,14,18,5,72,0.0,1026,18,10,327,13,0
2012-09-06,8.07335405306594,22,9,0.0,11.6,5,65,10,15,16,15,12,17,73,0.0,1028,22,10,200,8,0
2012-09-07,8.03635264479429,26,11,0.0,11.6,5,58,11,18,18,18,15,15,69,0.0,1025,26,7,261,9,0
2012-09-08,8.235763433291353,26,13,0.0,9.1,5,52,11,19,19,19,10,24,65,0.0,1020,26,10,231,6,1
2012-09-09,8.592375105100755,27,15,0.0,11.6,6,45,11,20,20,19,19,13,60,0.0,1012,27,10,185,12,1
2012-09-10,8.511590050356844,20,14,0.0,7.8,4,38,14,17,17,17,26,63,82,0.6,1010,20,10,207,18,0
2012-09-11,8.237315004302204,18,11,0.0,11.6,4,31,8,14,15,14,23,41,68,0.1,1012,18,10,257,16,0
2012-09-12,8.27887156851037,18,7,0.0,7.7,3,24,8,11,12,11,20,47,78,4.4,1015,18,9,261,13,0
2012-09-13,8.232557366812957,20,7,0.0,11.6,3,18,8,11,12,11,20,20,76,2.6,1019,20,8,286,12,0
2012-09-14,8.292168297979588,18,11,0.0,9.0,4,11,11,13,14,13,27,49,81,0.0,1014,18,10,264,17,0
2012-09-15,8.40120266625703,21,9,0.0,11.6,4,4,10,14,15,14,15,35,79,0.0,1018,21,6,251,9,1
2012-09-16,9.01801874275302,18,10,0.0,9.0,3,3,11,13,14,13,18,66,83,0.1,1013,18,6,227,11,1
2012-09-17,8.565412008550725,19,11,0.0,10.3,4,9,10,14,15,14,19,55,76,0.0,1012,19,8,245,13,0
2012-09-18,8.485856671396164,17,9,0.0,11.6,3,16,7,11,12,11,22,47,73,0.2,1013,17,9,275,15,0
2012-09-19,8.668820165514402,16,5,0.0,11.6,3,23,5,9,11,9,21,33,71,0.1,1022,16,9,283,13,0
2012-09-20,8.636601231651282,17,7,0.0,10.3,3,30,7,11,12,11,19,52,74,0.0,1021,17,9,229,12,0
2012-09-21,8.806403232344516,18,9,0.0,7.6,3,37,8,12,13,12,12,82,77,0.4,1015,18,9,270,8,0
2012-09-22,8.992761456301146,16,5,0.0,11.6,3,43,6,9,11,9,16,30,74,0.4,1019,16,8,122,10,1
2012-09-23,10.485012890710047,11,10,0.0,6.0,3,50,8,8,10,8,24,90,87,28.2,1010,11,7,85,15,1
2012-09-24,9.620135633969543,14,10,0.0,8.8,3,57,11,10,12,10,28,76,93,18.1,989,14,7,162,17,0
2012-09-25,9.220817832644377,16,9,0.0,11.6,3,64,8,10,12,10,28,18,80,0.6,989,16,10,195,18,0
2012-09-26,9.344980835364131,14,8,0.0,7.4,3,70,10,10,11,10,19,78,90,4.5,992,14,6,180,12,0
2012-09-27,9.254598394176707,17,9,0.0,8.8,3,77,9,11,12,11,17,66,85,0.0,1006,17,6,263,11,0
2012-09-28,9.254501698001997,16,7,0.0,8.8,3,84,9,10,12,10,24,70,88,0.9,1013,16,8,231,15,0
2012-09-29,9.38299500593288,15,7,0.0,11.6,3,91,7,9,11,9,20,42,78,0.0,1018,15,6,276,13,1
2012-09-30,10.149784415584415,16,6,0.0,10.1,3,97,8,10,11,10,26,42,83,0.0,1019,16,10,219,17,1
2012-10-01,9.590295030218687,17,12,0.0,8.6,3,96,12,13,14,13,24,76,91,8.0,1012,17,8,208,15,0
2012-10-02,9.403859596307267,17,10,0.0,7.1,3,89,10,11,13,11,27,76,87,0.5,1010,17,8,208,17,0
2012-10-03,9.395128221238938,16,10,0.0,11.3,4,82,9,10,12,10,25,33,83,0.7,1006,16,10,223,16,0
2012-10-04,9.343517641513133,15,6,0.0,10.1,4,75,7,9,11,9,22,51,80,0.1,1008,15,8,237,14,0
2012-10-05,9.562599961754934,15,10,0.0,7.1,3,69,11,11,12,11,21,89,90,25.2,1007,15,8,212,14,0
2012-10-06,9.570758008730468,15,7,0.0,11.2,3,62,8,10,11,10,12,33,83,18.6,1012,15,9,108,8,1
2012-10-07,10.212828353719978,15,8,0.0,11.1,3,55,8,10,11,10,9,20,82,0.0,1021,15,9,219,6,1
2012-10-08,10.128246122265322,12,10,0.0,5.5,3,48,10,9,11,9,17,77,93,4.0,1015,12,7,84,11,0
2012-10-09,9.641868389810885,14,7,0.0,8.6,3,42,8,9,10,9,16,71,87,0.2,1016,14,7,51,11,0
2012-10-10,9.636371583596457,14,7,0.0,10.1,3,35,7,9,10,9,15,26,83,0.0,1015,14,9,95,9,0
2012-10-11,10.005707727104054,15,8,0.0,5.5,3,28,10,10,11,10,23,77,93,0.4,1004,15,8,122,14,0
2012-10-12,9.611995628373242,13,7,0.0,10.9,3,21,7,8,11,8,27,47,82,0.5,1005,13,10,243,18,0
2012-10-13,10.097390610359247,13,6,0.0,8.5,2,14,6,7,9,7,15,62,86,1.7,1005,13,8,250,9,1
2012-10-14,10.74569264348983,12,4,0.0,10.8,2,8,4,5,7,5,18,45,82,0.0,1003,12,7,310,11,1
2012-10-15,10.20208126588369,12,4,0.0,7.0,2,1,6,6,8,6,21,52,87,1.8,1003,12,6,221,13,0
2012-10-16,9.875233717594865,14,8,0.0,10.8,3,6,7,8,11,8,32,37,81,4.2,1001,14,10,215,20,0
2012-10-17,9.77540481074986,15,9,0.0,8.5,3,13,9,10,12,10,30,61,84,7.5,999,15,9,169,19,0
2012-10-18,9.611267576495887,15,11,0.0,8.5,3,19,11,11,13,11,27,73,89,3.5,1002,15,8,175,17,0
2012-10-19,10.15502473129416,13,12,0.0,3.8,3,26,12,12,12,12,12,92,96,17.0,1007,13,7,131,8,0
2012-10-20,10.286956328321873,14,8,0.0,5.5,3,33,10,11,11,11,10,65,91,3.5,1016,14,6,189,6,1
2012-10-21,10.951931969814126,11,10,0.0,3.8,3,40,10,9,10,9,20,91,96,16.3,1018,11,6,39,13,1
2012-10-22,10.223638782031394,16,12,0.0,3.8,3,46,13,13,14,13,14,86,96,2.5,1020,16,5,50,9,0
2012-10-23,10.080434846480426,16,12,0.0,7.1,3,53,13,13,13,13,11,67,95,0.8,1024,16,4,59,8,0
2012-10-24,9.784203703447012,15,11,0.0,3.8,3,60,12,12,13,12,21,89,95,1.3,1020,15,5,50,13,0
2012-10-25,10.06168575535291,13,9,0.0,3.8,3,67,11,10,12,10,27,81,91,1.2,1017,13,8,56,18,0
2012-10-26,10.663071014094204,8,3,0.0,3.8,2,74,5,3,7,3,30,77,89,4.4,1013,8,6,70,20,0
2012-10-27,11.299429710326088,8,0,0.0,7.0,1,80,0,-1,4,-1,37,24,79,0.2,1015,8,10,340,24,1
2012-10-28,12.064597826014493,9,0,0.0,3.7,2,87,3,1,5,1,22,77,90,0.9,1015,9,8,250,14,1
2012-10-29,11.005619020471014,12,6,0.0,5.4,2,94,7,6,9,6,20,84,93,2.9,1009,12,7,238,13,0
2012-10-30,10.808533792788548,10,6,0.0,8.7,2,100,5,5,7,5,15,50,87,0.1,1005,10,7,273,10,0
2012-10-31,10.826462220619677,11,6,0.0,3.7,2,93,7,6,8,6,31,84,89,0.4,991,11,6,184,18,0
2012-11-01,10.78168858606884,10,4,0.0,8.7,2,86,6,5,7,5,24,60,89,16.0,979,10,9,222,16,0
2012-11-02,11.026956710777034,10,4,0.0,8.7,2,79,3,3,6,3,27,22,83,0.2,991,10,10,228,16,0
2012-11-03,11.392886070041659,9,4,0.0,8.7,2,72,3,3,6,3,22,39,82,0.0,997,9,10,217,13,1
2012-11-04,12.618036044086217,5,3,0.0,3.5,1,65,3,1,4,1,26,83,96,18.4,995,5,5,199,15,1
2012-11-05,11.390521558840579,8,3,0.0,8.7,2,59,3,2,5,2,18,39,90,0.0,1005,8,6,215,11,0
2012-11-06,11.532459992487327,8,2,0.0,5.2,2,52,4,2,5,2,23,47,90,1.1,1020,8,6,280,14,0
2012-11-07,11.246270093320058,10,4,0.0,6.9,2,45,5,4,7,4,25,68,92,0.0,1024,10,8,254,15,0
2012-11-08,10.945955830104996,11,6,0.0,6.9,2,38,6,6,8,6,23,52,89,0.0,1019,11,10,247,14,0
2012-11-09,10.933946624895965,10,6,0.0,5.2,2,32,7,6,8,6,20,61,91,0.2,1010,10,9,197,12,0
2012-11-10,11.421789797774963,10,6,0.0,5.2,2,25,7,6,8,6,15,63,95,2.9,998,10,5,230,10,1
2012-11-11,12.024949708954413,9,3,0.0,8.7,2,18,4,4,6,4,15,22,91,0.0,1011,9,6,271,9,1
2012-11-12,11.402977572381985,10,4,0.0,3.4,2,11,7,5,8,5,23,69,95,3.1,1021,10,6,211,13,0
2012-11-13,10.704661240586,14,9,0.0,3.4,3,5,10,9,11,9,22,82,95,0.2,1026,14,9,203,14,0
2012-11-14,10.686837247775768,13,7,0.0,8.7,3,2,9,9,10,9,13,70,94,0.0,1026,13,4,121,8,0
2012-11-15,10.939482095081374,13,5,0.0,8.7,2,9,6,6,7,6,8,60,91,0.0,1023,13,6,118,5,0
2012-11-16,11.27753453880651,9,4,0.0,5.1,2,16,6,6,7,6,12,68,92,0.0,1015,9,9,157,8,0
2012-11-17,11.489669679985536,11,8,0.0,5.1,3,23,8,8,10,8,21,71,93,0.2,1007,11,9,251,13,1
2012-11-18,12.082729885789188,8,4,0.0,8.7,3,29,4,5,6,5,12,18,86,0.0,1014,8,9,259,7,1
2012-11-19,11.406281271710052,10,3,0.0,5.1,2,36,5,4,7,4,32,50,89,0.2,1011,10,9,174,18,0
2012-11-20,11.292340201843817,13,10,0.0,3.3,3,43,10,9,11,9,39,98,94,6.4,1009,13,8,176,24,0
2012-11-21,11.323918474258857,12,5,0.0,3.3,2,50,7,5,9,5,34,64,92,5.6,1008,12,10,189,21,0
2012-11-22,10.999051357486438,11,7,0.0,6.9,3,56,8,6,9,6,43,52,89,0.1,1011,11,10,185,25,0
2012-11-23,11.014705372146862,10,6,0.0,8.7,2,63,7,6,8,6,18,37,94,4.5,1011,10,7,207,11,0
2012-11-24,12.094914814035086,8,5,0.0,3.2,2,70,6,5,7,5,24,69,97,10.6,1011,8,5,122,14,1
2012-11-25,12.185806184487433,10,5,0.0,6.8,2,77,7,5,9,5,43,55,88,6.0,1001,10,8,208,27,1
2012-11-26,11.508233272983725,10,6,0.0,6.8,2,84,7,6,8,6,19,76,93,12.4,998,10,5,224,12,0
2012-11-27,11.6814518979566,7,5,0.0,3.1,2,90,5,2,6,2,30,92,97,9.6,1003,7,8,333,18,0
2012-11-28,11.964667871234859,6,2,0.0,3.1,1,97,3,0,4,0,34,71,93,0.1,1012,6,10,339,21,0
2012-11-29,12.060980835960947,4,0,0.0,8.2,1,96,0,-3,1,-3,25,46,93,0.0,1012,4,8,328,15,0
2012-11-30,12.300572694104883,4,0,0.0,8.1,2,89,-1,-1,1,-1,13,19,88,0.0,1012,4,9,313,8,0
2012-12-01,13.121752440741412,5,-1,0.0,4.9,1,83,0,-3,1,-3,21,38,90,0.5,1014,5,9,293,12,1
2012-12-02,13.715528944808248,4,-2,0.0,8.1,2,76,-1,-3,0,-3,21,17,87,0.0,1016,4,10,277,12,1
2012-12-03,12.393292202569205,8,2,0.0,6.8,2,69,5,2,5,2,30,71,95,6.1,1008,8,8,235,17,0
2012-12-04,12.268467703220555,6,1,0.0,6.8,1,62,1,-2,3,-2,33,28,92,0.0,1003,6,10,271,18,0
2012-12-05,12.736527133918234,3,-1,1.7,6.8,1,56,-1,-3,1,-3,25,23,90,2.0,1007,3,6,315,15,0
2012-12-06,13.005750001573807,3,-2,0.0,4.9,1,49,-2,-4,0,-4,27,55,83,0.6,1014,3,9,238,15,0
2012-12-07,12.827951519880607,4,1,0.0,6.8,1,42,1,-3,2,-3,42,57,91,4.8,1001,4,9,289,24,0
2012-12-08,12.786986796057151,4,0,0.0,6.8,1,35,1,-2,1,-2,23,46,95,0.0,1023,4,8,310,12,1
2012-12-09,13.41899077643335,8,1,0.0,4.9,2,28,4,0,5,0,37,61,94,0.1,1019,8,10,265,21,1
2012-12-10,12.528336346625656,4,0,0.0,8.0,2,22,0,-3,2,-3,33,16,90,0.0,1021,4,10,326,19,0
2012-12-11,11.774059152261216,5,0,0.0,8.0,2,15,-1,-2,1,-2,15,8,89,0.0,1029,5,10,173,9,0
2012-12-12,13.263260721331644,4,-2,0.0,6.8,1,8,-2,-2,0,-2,13,50,85,0.0,1021,4,10,193,7,0
2012-12-13,13.322344429088277,2,-2,0.0,7.9,2,1,-2,-4,0,-4,17,43,88,0.0,1006,2,9,101,10,0
2012-12-14,13.083142573113806,10,2,0.0,3.0,2,5,5,2,6,2,42,84,96,10.2,987,10,7,152,24,0
2012-12-15,12.453758321382054,10,6,0.0,6.7,2,12,6,3,7,3,36,40,92,0.0,991,10,10,208,19,1
2012-12-16,12.760848226790882,9,4,0.0,5.8,3,19,5,3,6,3,29,24,93,0.0,1000,9,10,213,15,1
2012-12-17,11.94202134953863,8,5,0.0,5.8,2,26,4,2,6,2,31,53,91,0.0,1001,8,10,231,16,0
2012-12-18,11.958192432603187,6,1,0.0,5.8,1,33,3,1,3,1,21,60,96,0.1,1014,6,7,280,12,0
2012-12-19,12.401265928638669,6,3,0.0,1.9,2,39,4,1,5,1,30,72,94,2.2,1017,6,7,124,17,0
2012-12-20,12.243113504580014,9,6,0.0,1.9,2,46,7,4,8,4,35,100,97,17.7,1003,9,8,147,22,0
2012-12-21,12.018693910529176,9,6,0.0,5.8,2,53,6,4,7,4,25,69,95,0.1,1009,9,10,249,15,0
2012-12-22,12.358784121642197,12,6,0.0,1.9,2,60,8,6,9,6,34,100,97,17.3,1006,12,6,192,20,1
2012-12-23,11.934522669205657,12,9,0.0,3.8,3,66,10,8,11,8,35,78,93,1.8,1003,12,9,229,22,1
2012-12-24,12.053878649410484,12,7,0.0,1.9,2,73,8,6,9,6,34,90,94,7.5,1000,12,8,190,22,0
2012-12-25,12.50931242090662,10,7,0.0,3.8,2,80,7,4,8,4,34,75,92,2.1,995,10,10,219,21,1
2012-12-26,11.672571195120623,9,4,0.0,1.9,2,87,6,3,7,3,37,63,95,5.0,1004,9,10,228,21,1
2012-12-27,11.842862118704645,8,4,0.0,1.9,2,93,5,1,6,1,38,57,94,3.9,1005,8,9,252,23,0
2012-12-28,11.768871214366044,11,3,0.0,1.9,2,100,8,5,8,5,35,89,96,1.3,1017,11,7,201,21,0
2012-12-29,11.67416811632209,10,6,0.0,1.9,2,93,8,5,9,5,47,83,92,2.4,1004,10,9,198,30,1
2012-12-30,11.900980408670415,8,4,0.0,3.9,2,86,4,2,6,2,43,39,86,0.1,1009,8,10,223,25,1
2012-12-31,11.901235485449927,11,9,0.0,2.0,2,79,9,6,10,6,44,97,95,4.8,1004,11,7,212,28,0
2013-01-01,11.839174315490657,6,3,0.0,5.8,2,73,4,1,5,1,30,29,91,0.3,1007,6,10,270,18,1
2013-01-02,12.016655478900581,8,3,0.0,2.0,2,66,4,1,5,1,29,62,96,1.2,1022,8,10,256,16,0
2013-01-03,11.399221153301886,12,8,0.0,3.9,3,59,9,7,9,7,30,61,95,0.0,1032,12,10,263,17,0
2013-01-04,11.417019771068384,10,6,0.0,5.8,2,52,7,6,8,6,24,56,94,0.0,1037,10,8,263,14,1
2013-01-05,11.709835508995285,10,5,0.0,3.9,2,46,7,6,8,6,18,80,96,0.1,1035,10,4,251,10,1
2013-01-06,12.422263291054255,9,5,0.0,5.8,2,39,6,5,7,5,16,46,94,0.1,1032,9,6,244,9,1
2013-01-07,11.657582985688373,9,6,0.0,3.9,2,32,6,5,7,5,19,86,94,0.1,1027,9,7,202,12,0
2013-01-08,11.23940515067102,10,6,0.0,5.8,2,25,7,5,8,5,24,71,95,0.3,1024,10,9,215,14,0
2013-01-09,11.3348165006165,8,3,0.0,5.8,2,18,6,5,7,5,15,53,94,3.7,1021,8,8,108,10,0
2013-01-10,12.066789224977326,5,1,0.0,5.8,1,12,0,0,2,0,11,41,87,0.0,1016,5,9,312,7,0
2013-01-11,12.109949356017426,4,0,0.0,5.8,2,5,0,-1,2,-1,12,29,88,0.0,1017,4,10,259,6,0
2013-01-12,13.060453604158345,3,1,0.0,2.0,1,2,1,-2,2,-2,31,86,89,3.2,1013,3,6,92,18,1
2013-01-13,13.662229805009984,3,-1,0.2,3.9,1,9,-2,-4,0,-4,24,66,86,0.2,1019,3,10,65,14,1
2013-01-14,13.182834058623818,2,-1,0.3,3.1,1,15,-1,-3,0,-3,20,83,91,4.3,1012,2,9,249,12,0
2013-01-15,12.94372035660069,1,-4,0.0,5.1,1,22,-2,-6,-1,-6,26,74,96,0.8,1008,1,5,329,15,0
2013-01-16,13.147535511153498,1,-4,0.0,8.7,1,29,-4,-6,-3,-6,12,31,94,0.0,1013,1,6,39,6,0
2013-01-17,13.278687022337332,0,-6,0.0,8.7,1,36,-4,-5,-3,-5,13,33,88,0.0,1017,0,8,92,7,0
2013-01-18,14.045839360912229,-2,-3,5.6,3.3,1,42,-3,-7,-2,-7,30,92,92,6.6,1005,-2,3,118,20,0
2013-01-19,14.703919119865503,1,-2,2.0,3.3,1,49,-1,-5,-1,-5,25,94,96,2.3,997,1,5,53,17,1
2013-01-20,15.021899673300618,0,-3,5.6,3.3,1,56,-2,-7,-2,-7,22,98,96,6.6,995,0,5,98,15,1
2013-01-21,13.903375748700235,0,-4,0.2,6.9,1,63,-3,-4,-3,-4,7,64,96,0.2,994,0,4,232,4,0
2013-01-22,13.526971272672728,2,-3,1.4,3.3,1,70,-1,-4,0,-4,25,60,95,1.7,1001,2,7,95,14,0
2013-01-23,13.344442645573533,1,-1,3.5,3.3,1,76,0,-4,1,-4,26,93,95,4.1,1007,1,5,73,16,0
2013-01-24,13.36720356667273,1,-3,0.5,8.7,1,83,-1,-4,-1,-4,18,56,95,0.7,1016,1,6,45,11,0
2013-01-25,13.420702272738854,1,-4,0.0,6.9,1,90,-2,-5,-1,-5,22,54,94,0.1,1015,1,7,161,13,0
2013-01-26,12.848888261492265,3,1,0.0,8.7,1,97,2,-2,2,-2,35,56,98,4.3,1006,3,9,215,19,1
2013-01-27,12.928393265368516,8,4,0.0,8.7,2,97,4,2,6,2,48,48,88,2.0,998,8,8,217,28,1
2013-01-28,12.347051318471337,8,1,0.0,6.9,2,90,4,1,5,1,43,51,89,0.6,1006,8,9,218,25,0
2013-01-29,11.618708902129985,13,8,0.0,3.4,3,83,10,7,10,7,44,84,95,1.5,1003,13,6,219,27,0
2013-01-30,11.080083377334791,10,5,0.0,8.7,2,76,7,5,9,5,47,44,85,8.8,1006,10,9,241,29,0
2013-01-31,11.2815322518586,10,5,0.0,8.7,2,69,5,3,7,3,46,32,86,0.8,1013,10,10,237,27,0
2013-02-01,11.580635552032817,6,2,0.0,3.4,1,63,4,1,4,1,23,79,97,8.9,1003,6,7,275,14,0
2013-02-02,12.359468647921984,4,0,0.0,6.9,1,56,0,-3,2,-3,34,38,87,0.0,1014,4,10,328,20,1
2013-02-03,13.305082923018041,8,0,0.0,3.4,1,49,2,0,4,0,32,66,89,0.3,1019,8,9,251,19,1
2013-02-04,11.623015315952598,9,4,0.0,8.7,2,42,5,3,7,3,41,36,85,0.1,1013,9,10,259,24,0
2013-02-05,12.010271650574293,5,1,0.0,8.7,1,36,-1,-2,3,-2,41,59,77,0.8,1000,5,9,249,26,0
2013-02-06,12.253640954175784,5,1,0.1,3.5,1,29,1,-2,3,-2,39,71,85,0.7,1005,5,9,325,25,0
2013-02-07,12.238016410849745,5,-1,0.2,8.2,1,22,-2,-3,2,-3,25,43,78,0.2,1017,5,9,308,16,0
2013-02-08,12.112737733430604,5,-1,0.0,9.8,1,15,-2,-3,1,-3,24,62,80,0.0,1019,5,10,327,14,0
2013-02-09,12.858372606273937,4,0,0.0,8.3,1,9,0,-1,2,-1,14,63,89,0.2,1019,4,7,252,9,1
2013-02-10,13.598128215684845,4,1,2.3,4.9,1,2,2,-2,2,-2,30,100,98,10.9,1001,4,6,139,19,1
2013-02-11,13.058674872775347,3,0,5.2,4.9,1,5,1,-3,1,-3,23,97,95,7.0,999,3,4,51,16,0
2013-02-12,12.940775165536104,2,-2,0.3,5.0,1,12,-1,-3,0,-3,18,85,92,0.3,1015,2,9,39,12,0
2013-02-13,12.717150756451908,1,-3,0.0,6.6,1,19,-1,-4,0,-4,23,73,91,0.2,1021,1,9,133,14,0
2013-02-14,11.98077550569447,9,2,0.0,8.3,2,25,4,1,5,1,34,68,96,3.3,1012,9,9,243,19,0
2013-02-15,11.552171169635036,9,1,0.0,10.0,2,32,3,2,5,2,20,34,87,0.1,1019,9,10,295,11,0
2013-02-16,11.562667457492243,9,4,0.0,6.7,2,39,3,5,6,5,11,68,80,0.0,1023,9,10,207,6,1
2013-02-17,12.029635317275384,8,2,0.0,10.1,2,46,2,1,4,1,20,23,87,0.0,1022,8,9,126,12,1
2013-02-18,11.510227820372398,8,1,0.0,10.1,1,52,1,0,3,0,21,15,86,0.0,1020,8,9,110,13,0
2013-02-19,11.385007311371115,10,0,0.0,10.2,3,59,1,3,4,3,9,20,81,0.0,1019,10,10,171,5,0
2013-02-20,11.72789590342115,4,-1,0.0,8.4,1,66,0,-2,2,-2,27,45,87,0.3,1023,4,7,75,17,0
2013-02-21,12.791991039155086,3,-2,0.0,10.0,2,73,-5,-5,0,-5,27,26,72,0.0,1024,3,10,73,18,0
2013-02-22,12.856231823475552,3,-2,0.3,8.4,1,80,-5,-6,0,-6,27,47,70,0.3,1021,3,10,36,18,0
2013-02-23,13.245570067374976,2,-2,0.2,5.4,1,86,-5,-5,0,-5,24,83,73,0.2,1021,2,10,109,15,1
2013-02-24,14.014281602546719,3,-3,0.2,6.9,1,93,-4,-5,0,-5,29,64,77,0.2,1023,3,9,177,18,1
2013-02-25,13.05905549357143,5,-2,0.2,5.4,1,100,0,-3,2,-3,29,86,86,0.4,1026,5,8,182,19,0
2013-02-26,12.573332295915002,6,2,0.0,5.4,1,93,2,-1,3,-1,26,86,92,1.8,1031,6,4,30,17,0
2013-02-27,12.05875947950174,7,2,0.0,10.1,1,87,1,0,4,0,24,62,86,0.4,1034,7,9,28,17,0
2013-02-28,11.990561005420801,8,1,0.0,8.5,1,80,1,0,4,0,25,60,87,1.8,1030,8,10,36,16,0
2013-03-01,12.048498896231617,8,1,0.0,5.5,2,73,1,1,4,1,21,73,85,0.6,1029,8,8,32,14,0
2013-03-02,12.30885089249862,7,0,0.0,11.0,1,66,0,1,3,1,12,24,82,0.0,1027,7,7,22,7,1
2013-03-03,12.735906984044117,7,1,0.0,10.1,1,60,2,2,4,2,14,35,85,0.0,1024,7,10,94,9,1
2013-03-04,11.48185908664459,9,0,0.0,11.1,2,53,1,0,4,0,24,34,86,0.0,1015,9,9,95,14,0
2013-03-05,10.860480589622815,15,3,0.0,11.1,2,46,5,6,8,6,16,25,86,0.0,1005,15,8,139,9,0
2013-03-06,10.675248342347313,15,6,0.0,10.1,3,39,7,8,10,8,18,60,83,0.8,1001,15,10,98,11,0
2013-03-07,10.889469267813766,9,7,0.0,5.6,2,32,7,6,8,6,17,99,93,11.1,997,9,8,85,11,0
2013-03-08,10.930170228150333,10,7,0.0,5.6,2,26,8,7,9,7,13,98,96,13.9,997,10,5,101,8,0
2013-03-09,11.55987806107939,9,3,0.0,7.1,2,19,5,5,6,5,13,78,92,4.1,1002,9,7,252,9,1
2013-03-10,12.823072729773523,4,-1,0.5,5.7,1,12,0,-2,2,-2,27,87,87,0.8,1006,4,7,75,19,1
2013-03-11,13.106772969747743,1,-2,0.2,5.7,1,5,-5,-7,-1,-7,41,86,71,1.4,1008,1,3,42,29,0
2013-03-12,12.852295264929085,4,-2,0.0,8.7,1,1,-7,-6,0,-6,37,60,63,0.0,1009,4,10,66,26,0
2013-03-13,12.119938075340952,5,-2,0.0,8.8,1,8,-2,-4,1,-4,25,55,83,0.4,1010,5,10,338,15,0
2013-03-14,11.786081673764748,7,-3,0.0,11.6,1,15,-4,-3,1,-3,16,32,74,0.0,1015,7,7,310,10,0
2013-03-15,11.590859170709678,8,0,0.0,6.0,2,22,2,0,4,0,34,89,87,2.0,1008,8,6,206,21,0
2013-03-16,12.186486909457964,5,4,0.0,6.0,1,29,4,0,5,0,40,93,97,10.2,996,5,7,170,24,1
2013-03-17,12.57778255272962,6,1,0.0,6.0,1,35,3,0,3,0,24,82,96,5.9,991,6,7,208,15,1
2013-03-18,11.816572589134847,8,0,0.0,6.0,2,42,2,2,4,2,10,68,91,1.8,991,8,5,125,6,0
2013-03-19,11.387626705071929,8,0,0.0,7.4,2,49,2,2,4,2,12,76,86,1.8,997,8,5,84,7,0
2013-03-20,11.663214021070111,7,1,0.0,7.4,1,56,2,1,4,1,14,79,87,1.1,1006,7,5,32,10,0
2013-03-21,11.504756133886737,7,-1,0.0,7.5,1,62,0,-1,3,-1,23,65,80,0.2,1016,7,9,99,16,0
2013-03-22,12.071172692490775,6,1,0.0,7.6,1,69,1,-2,3,-2,39,84,88,9.1,1010,6,8,87,26,0
2013-03-23,13.429270813162267,2,1,8.3,6.3,1,76,1,-4,2,-4,32,100,97,11.3,1010,2,5,67,21,1
2013-03-24,14.45982311739291,1,-1,2.2,6.3,1,83,-1,-5,0,-5,29,89,89,2.8,1013,1,3,52,20,1
2013-03-25,13.118294812202326,3,-1,0.1,9.0,1,89,-4,-5,1,-5,31,73,72,0.4,1014,3,7,46,21,0
2013-03-26,12.916559451200149,3,-1,0.6,9.0,1,96,-4,-4,0,-4,27,69,72,0.7,1013,3,9,44,19,0
2013-03-27,12.496044153186771,4,-3,0.4,9.0,1,97,-4,-3,1,-3,23,67,72,0.6,1012,4,8,43,15,0
2013-03-28,12.050954318124653,5,-3,0.2,7.7,1,90,-4,-3,1,-3,22,56,73,0.7,1012,5,9,31,14,0
2013-03-29,12.231575736212319,6,-3,0.0,9.0,1,83,-3,-3,1,-3,20,35,75,0.3,1011,6,9,44,13,1
2013-03-30,11.791903696284658,6,-3,0.3,7.7,1,77,-3,-3,1,-3,21,58,80,0.8,1011,6,7,31,14,1
2013-03-31,11.932720888835489,6,-3,0.1,7.8,1,70,-3,-3,1,-3,18,40,76,0.2,1014,6,5,59,12,1
2013-04-01,11.982422941961147,5,-2,0.8,9.0,1,63,-2,-3,1,-3,29,53,78,1.4,1011,5,7,61,19,0
2013-04-02,11.266251710893286,7,-2,0.0,11.6,2,56,-3,-2,2,-2,30,4,70,0.0,1015,7,10,45,20,0
2013-04-03,11.92322585963744,5,-2,0.2,7.8,1,50,-3,-3,2,-3,32,51,73,0.4,1018,5,8,33,22,0
2013-04-04,12.201972247382052,4,-2,1.2,6.6,1,43,-2,-4,1,-4,33,76,78,2.9,1014,4,5,28,21,0
2013-04-05,11.73147926680859,7,-1,0.3,6.6,1,36,-2,-2,3,-2,33,78,75,1.1,1015,7,7,20,22,0
2013-04-06,11.097177003906685,10,-1,0.0,11.6,3,29,-1,1,4,1,19,29,76,0.0,1023,10,10,82,12,1
2013-04-07,11.158295184648148,10,-1,0.0,11.6,3,22,-1,2,5,2,14,24,72,0.0,1020,10,10,156,9,1
2013-04-08,10.593420449120208,10,2,0.0,10.4,2,16,0,2,5,2,25,67,72,0.1,1006,10,10,80,17,0
2013-04-09,10.90038792317525,8,1,0.0,6.7,2,9,4,1,5,1,22,89,93,4.8,998,8,6,72,14,0
2013-04-10,10.391371941845811,11,2,0.0,9.1,2,2,3,3,5,3,16,78,87,2.7,1004,11,5,186,11,0
2013-04-11,10.559750694216866,11,5,0.0,7.9,2,5,6,5,7,5,19,75,92,10.0,997,11,8,103,12,0
2013-04-12,10.372293049156626,11,5,0.0,6.7,2,11,7,5,8,5,24,78,93,2.3,998,11,9,215,15,0
2013-04-13,10.531617352131997,13,3,0.0,7.9,2,18,6,5,8,5,27,75,90,5.9,1011,13,7,195,17,1
2013-04-14,10.044256442054515,19,9,0.0,11.6,4,25,10,12,13,12,34,51,82,0.1,1013,19,10,196,23,1
2013-04-15,9.319674391896903,15,8,0.0,9.2,3,32,8,9,11,9,27,50,84,0.1,1017,15,10,210,18,0
2013-04-16,9.229876645149323,15,8,0.0,9.2,3,38,7,9,11,9,31,50,80,0.1,1016,15,10,207,21,0
2013-04-17,9.179271748766462,18,7,0.0,12.2,3,45,9,11,12,11,30,59,82,0.2,1014,18,9,192,20,0
2013-04-18,9.250268509649286,13,6,0.0,14.4,3,52,5,6,9,6,38,28,76,0.8,1013,13,10,230,26,0
2013-04-19,9.449012261006875,12,4,0.0,12.3,2,59,4,5,8,5,23,44,81,2.4,1025,12,9,186,15,0
2013-04-20,9.485700092571959,14,4,0.0,14.5,4,66,3,7,9,7,11,0,73,0.2,1032,14,9,77,8,1
2013-04-21,9.996676318429845,14,2,0.0,13.4,3,72,3,8,9,8,12,23,73,0.1,1022,14,10,209,7,1
2013-04-22,9.411523304475395,15,4,0.0,10.2,3,79,5,7,9,7,20,86,81,0.2,1016,15,6,226,13,0
2013-04-23,8.665263373235513,19,9,0.0,14.5,5,86,10,12,13,12,17,38,80,0.2,1019,19,10,260,12,0
2013-04-24,8.647825287894541,20,9,0.0,11.3,4,93,11,13,14,13,15,60,82,0.0,1024,20,7,254,11,0
2013-04-25,8.282066815051968,21,11,0.0,12.4,4,99,12,15,15,15,17,59,82,0.3,1021,21,8,234,12,0
2013-04-26,8.778425148328381,12,6,0.0,13.4,2,94,5,6,8,6,19,49,80,3.2,1015,12,9,331,14,0
2013-04-27,9.525847240364245,10,1,0.0,10.3,2,87,2,3,6,3,19,57,80,1.0,1015,10,8,222,13,1
2013-04-28,10.009824197825683,12,-1,0.0,13.5,2,80,1,4,7,4,18,38,73,0.2,1017,12,8,222,12,1
2013-04-29,9.063038840401413,13,5,0.0,12.4,3,73,4,7,9,7,21,49,76,0.6,1017,13,9,272,14,0
2013-04-30,8.84434200802974,14,4,0.0,14.5,4,67,3,7,9,7,18,19,73,0.0,1024,14,8,117,12,0
2013-05-01,8.79350297401487,15,1,0.0,14.5,4,60,3,7,9,7,16,30,74,0.0,1024,15,8,37,10,0
2013-05-02,8.557386460368235,16,4,0.0,14.5,4,53,2,8,10,8,16,6,63,0.0,1023,16,10,52,11,0
2013-05-03,8.392220837618604,19,2,0.0,14.5,5,46,6,11,12,11,13,11,70,0.0,1020,19,10,245,9,0
2013-05-04,8.868705563111856,14,6,0.0,10.4,3,40,7,8,10,8,26,45,80,1.6,1018,14,10,243,17,1
2013-05-05,8.802536958033885,18,4,0.0,12.5,3,33,8,11,12,11,10,67,79,0.1,1022,18,8,245,6,1
2013-05-06,8.645489666170173,19,11,0.0,10.4,4,26,10,15,15,15,9,71,77,0.7,1020,19,10,153,6,0
2013-05-07,8.306996090936163,21,8,0.0,14.5,5,19,9,15,15,15,12,11,72,0.0,1017,21,10,128,8,0
2013-05-08,8.503730962316142,15,9,0.0,9.5,3,13,9,10,12,10,24,67,84,1.3,1008,15,9,188,16,0
2013-05-09,8.702205214320298,14,5,0.0,13.5,3,6,5,7,10,7,34,44,76,1.1,1009,14,8,211,25,0
2013-05-10,8.600230353333334,14,9,0.0,10.5,3,1,8,9,11,9,30,73,83,1.6,1010,14,9,229,21,0
2013-05-11,9.276239665363128,14,6,0.0,11.5,3,8,8,7,10,7,26,63,88,6.3,1011,14,9,238,17,1
2013-05-12,9.808348296107283,14,3,0.0,12.5,3,15,6,6,9,6,26,64,85,0.8,1015,14,8,249,17,1
2013-05-13,8.813590646115149,13,7,0.0,12.5,3,21,7,8,10,8,29,61,78,1.0,1012,13,10,245,20,0
2013-05-14,9.29040938778171,12,4,0.0,10.6,2,28,6,5,8,5,24,79,88,9.2,1003,12,9,195,16,0
2013-05-15,9.256266530545727,12,6,0.0,12.5,2,35,5,6,9,6,27,54,81,7.8,994,12,10,211,19,0
2013-05-16,8.838438955880708,15,1,0.0,14.5,3,42,6,9,9,9,10,28,79,3.6,1000,15,6,155,6,0
2013-05-17,9.226213351995524,12,4,0.0,10.6,3,48,6,7,9,7,14,72,84,1.4,1006,12,7,79,10,0
2013-05-18,9.151049785176207,15,5,0.0,13.5,3,55,6,9,10,9,13,46,78,0.1,1008,15,8,246,8,1
2013-05-19,9.233726035565088,18,7,0.0,13.5,4,62,9,12,13,12,14,31,76,0.0,1011,18,8,120,9,1
2013-05-20,9.019062861238574,17,9,0.0,9.7,3,69,12,12,13,12,20,88,90,2.5,1012,17,7,333,14,0
2013-05-21,8.764399105781425,15,9,0.0,10.7,3,76,10,12,13,12,19,77,85,0.9,1016,15,8,180,14,0
2013-05-22,8.824531155373133,14,8,0.0,10.0,3,82,7,10,11,10,17,77,79,0.7,1018,14,7,274,12,0
2013-05-23,8.90278416695295,11,4,0.0,11.8,2,89,2,4,7,4,24,52,71,1.4,1013,11,10,313,17,0
2013-05-24,9.557573986601977,8,3,0.0,10.0,2,96,4,1,5,1,27,84,94,11.9,1010,8,6,182,17,0
2013-05-25,9.081062697686136,15,3,0.0,15.7,3,97,5,7,9,7,18,52,78,0.5,1020,15,10,264,13,1
2013-05-26,8.584916572004479,19,5,0.0,16.5,4,91,6,11,12,11,18,33,67,0.0,1018,19,9,301,12,1
2013-05-27,8.556658454031355,16,7,0.0,16.5,4,84,6,10,12,10,21,7,70,0.0,1009,16,8,207,15,1
2013-05-28,8.995475080044802,13,9,0.0,12.4,3,77,10,9,10,9,13,93,96,29.9,1001,13,7,131,9,0
2013-05-29,9.112343037812616,12,7,0.0,12.4,3,70,9,9,10,9,13,94,92,3.0,1004,12,4,295,9,0
2013-05-30,9.050639029112979,13,8,0.0,12.4,3,64,10,9,11,9,20,96,96,5.4,1011,13,5,258,13,0
2013-05-31,8.432458651670713,21,10,0.0,16.6,4,57,12,14,15,14,17,53,85,0.5,1018,21,7,343,12,0
2013-06-01,8.475920649813293,17,8,0.0,15.8,3,50,8,12,13,12,18,35,74,0.2,1023,17,10,294,13,1
2013-06-02,8.737453204296656,17,7,0.0,16.6,4,43,7,12,13,12,17,32,73,0.1,1028,17,9,267,11,1
2013-06-03,8.11301942072829,18,6,0.0,16.6,4,36,7,11,12,11,16,13,73,0.0,1031,18,9,52,11,0
2013-06-04,8.018978894620844,18,5,0.0,16.7,4,30,6,10,12,10,21,17,74,0.0,1027,18,8,36,15,0
2013-06-05,8.012264711376798,20,7,0.0,16.6,4,23,9,12,13,12,16,35,79,0.0,1022,20,7,44,11,1
2013-06-06,7.966878922963378,20,7,0.0,16.6,4,16,9,13,13,13,18,37,77,0.0,1021,20,8,45,13,0
2013-06-07,8.05955094284913,21,8,0.0,16.7,4,9,9,13,14,13,23,20,73,1.0,1023,21,10,45,16,0
2013-06-08,8.269646783395661,18,6,0.0,16.6,4,3,7,10,12,10,23,26,76,0.0,1021,18,10,36,17,1
2013-06-09,9.147056678338945,15,8,0.0,13.4,3,4,8,9,11,9,19,68,80,0.4,1016,15,8,37,14,1
2013-06-10,8.576192998596031,14,9,0.0,13.4,3,11,7,11,11,11,7,78,76,0.7,1016,14,9,85,5,0
2013-06-11,8.458819577203817,16,5,0.0,12.6,3,18,11,12,12,12,20,78,90,1.2,1014,16,5,159,14,0
2013-06-12,8.666901835294118,18,13,0.0,12.6,4,25,13,14,15,14,29,95,91,1.1,1011,18,8,197,20,0
2013-06-13,8.54384331740921,17,12,0.0,13.4,3,31,11,13,14,13,31,80,84,2.1,1011,17,9,228,21,0
2013-06-14,8.204286276146789,18,7,0.0,15.8,4,38,8,13,13,13,22,51,74,0.0,1016,18,9,202,15,0
2013-06-15,8.652165605470215,17,11,0.0,15.8,3,45,10,12,13,12,30,60,79,5.7,1009,17,9,218,20,1
2013-06-16,8.825882187900355,17,10,0.0,16.6,4,52,9,13,14,13,16,51,75,0.9,1014,17,8,200,11,1
2013-06-17,8.224522854533532,19,10,0.0,16.8,5,58,10,14,15,14,22,34,75,0.4,1014,19,9,71,15,0
2013-06-18,8.20618845934807,22,11,0.0,14.2,4,65,15,16,18,16,13,65,89,4.8,1014,22,9,131,9,0
2013-06-19,8.032086533489418,27,14,0.0,16.6,5,72,17,20,20,20,9,54,83,0.2,1015,27,7,218,6,0
2013-06-20,8.1996571750281,20,14,0.0,12.6,4,79,16,16,17,16,12,92,94,4.8,1012,20,8,130,9,0
2013-06-21,8.08216469876335,21,12,0.0,13.4,4,85,14,16,16,16,17,68,87,6.6,1010,21,7,232,11,0
2013-06-22,8.413209815998501,16,11,0.0,12.6,3,92,11,11,13,11,31,81,90,1.3,1007,16,8,208,21,1
2013-06-23,9.00841087190253,16,12,0.0,13.4,3,99,11,12,14,12,30,82,85,1.9,1009,16,10,252,20,1
2013-06-24,8.419859553665855,17,8,0.0,15.0,3,94,8,11,12,11,19,58,78,1.1,1022,17,10,295,14,0
2013-06-25,8.163875350834115,19,8,0.0,16.8,5,87,8,13,14,13,13,25,70,0.1,1029,19,9,291,9,0
2013-06-26,8.036278860813344,20,9,0.0,15.0,4,81,10,15,15,15,11,56,75,1.4,1030,20,10,307,7,0
2013-06-27,8.103375796384414,20,11,0.0,14.2,4,74,10,14,15,14,13,71,78,1.4,1026,20,7,264,10,0
2013-06-28,8.29101761577961,20,11,0.0,12.6,4,67,14,15,15,15,15,97,92,5.6,1020,20,5,283,10,0
2013-06-29,8.108062805605549,21,12,0.0,15.8,4,60,10,16,16,16,15,56,72,0.6,1022,21,9,313,11,1
2013-06-30,8.462441799962512,25,12,0.0,16.7,6,54,14,18,19,18,20,34,75,0.0,1022,25,9,260,14,1
2013-07-01,8.115509840618557,19,11,0.0,13.4,4,47,10,15,15,15,16,65,75,0.1,1017,19,8,265,11,0
2013-07-02,8.248033919715143,21,10,0.0,14.2,4,40,10,14,14,14,16,68,77,0.1,1011,21,9,201,11,0
2013-07-03,8.195046502775174,21,13,0.0,14.2,4,33,13,16,17,16,18,70,81,2.7,1009,21,9,256,13,0
2013-07-04,8.014322513714822,22,10,0.0,15.0,4,26,13,16,17,16,19,52,81,0.7,1019,22,7,241,13,0
2013-07-05,7.970279594175123,25,11,0.0,16.6,6,20,13,18,19,18,12,41,77,0.0,1028,25,7,144,8,0
2013-07-06,7.997509498213279,28,12,0.0,16.7,6,13,15,21,21,21,9,17,73,0.0,1029,28,8,128,6,1
2013-07-07,8.339931338431152,28,16,0.0,16.7,7,6,16,23,23,22,12,4,72,0.0,1031,28,8,104,9,1
2013-07-08,7.968517494300226,25,13,0.0,16.6,6,1,14,19,20,19,19,33,75,0.0,1032,25,8,42,13,0
2013-07-09,7.865052700263504,26,11,0.0,16.6,6,7,11,18,19,18,16,27,66,0.0,1028,26,8,41,12,0
2013-07-10,7.847244306568793,24,12,0.0,16.6,5,14,12,17,18,17,18,12,72,0.2,1025,24,9,30,14,0
2013-07-11,7.7709236267870585,22,8,0.0,16.6,5,21,10,14,15,14,14,39,75,0.0,1025,22,8,37,11,0
2013-07-12,7.815935417510826,25,9,0.0,16.6,6,28,12,17,18,17,9,41,74,0.0,1025,25,8,48,6,0
2013-07-13,7.942879684202598,30,14,0.0,16.5,6,34,17,24,24,23,10,10,70,1.1,1024,30,10,140,7,1
2013-07-14,8.329978903635336,29,17,0.0,16.1,6,41,17,23,23,23,11,17,70,3.3,1024,29,10,210,7,1
2013-07-15,8.066557648662396,31,18,0.0,16.1,7,48,12,23,23,23,9,23,55,0.0,1023,31,10,211,6,0
2013-07-16,8.023428248794728,32,18,0.0,16.1,7,55,15,24,24,24,8,17,61,0.0,1023,32,10,139,5,0
2013-07-17,8.072887361292146,30,17,0.0,16.1,6,62,15,24,24,24,9,19,61,0.9,1024,30,10,131,6,0
2013-07-18,8.00012283381688,27,16,0.0,16.0,6,68,15,22,22,22,15,4,67,0.0,1026,27,10,50,11,0
2013-07-19,7.876776794236203,26,13,0.0,16.0,6,75,14,21,21,20,18,15,69,0.0,1025,26,9,59,14,0
2013-07-20,8.01356375908834,21,14,0.0,12.9,4,82,14,18,18,18,20,81,82,0.3,1023,21,8,52,14,1
2013-07-21,8.193773463644929,27,13,0.0,16.0,5,89,15,20,20,20,15,43,76,0.4,1019,27,8,61,11,1
2013-07-22,8.178838860648321,31,16,0.0,15.9,6,95,16,23,23,23,15,11,70,2.6,1016,31,9,125,10,0
2013-07-23,8.221957390497739,29,18,0.0,15.9,5,98,17,23,23,22,14,45,74,11.4,1014,29,9,151,10,0
2013-07-24,7.879713207169812,26,15,0.0,15.9,6,91,14,20,20,20,15,19,70,0.0,1014,26,10,228,11,0
2013-07-25,7.973942085757405,25,15,0.0,13.5,5,84,14,20,20,20,17,30,73,0.4,1013,25,8,190,12,0
2013-07-26,7.936591656314896,26,13,0.0,11.6,5,77,14,20,20,20,7,47,70,0.5,1012,26,10,192,5,0
2013-07-27,8.07355880734378,27,14,0.0,12.5,5,71,15,21,21,21,8,51,72,3.9,1007,27,10,150,5,1
2013-07-28,8.191858761858006,23,13,0.0,14.5,6,64,13,18,19,18,27,50,74,2.2,1007,23,10,205,20,1
2013-07-29,7.9075539192068,23,15,0.0,13.5,5,57,13,18,19,18,26,43,76,6.5,1011,23,9,207,18,0
2013-07-30,7.99981715081224,20,14,0.0,10.6,4,50,15,16,16,16,21,74,92,5.1,1014,20,9,215,14,0
2013-07-31,7.959776351171137,25,14,0.0,12.5,5,44,15,18,19,18,20,50,84,0.9,1015,25,8,216,14,0
2013-08-01,7.913224153902854,31,15,0.0,14.5,7,37,17,24,24,23,20,33,71,0.0,1010,31,8,163,14,0
2013-08-02,7.983150312232937,26,17,0.0,14.5,5,30,16,22,22,21,17,18,74,0.3,1009,26,10,210,13,0
2013-08-03,7.741152230937972,23,14,0.0,14.5,5,23,12,18,19,18,22,20,68,0.5,1015,23,10,212,16,1
2013-08-04,8.073183503821415,23,13,0.0,12.5,5,17,12,18,19,18,21,58,71,0.0,1019,23,9,199,15,1
2013-08-05,8.000883719852524,25,16,0.0,12.5,5,10,14,19,20,19,19,64,73,2.7,1012,25,8,186,14,0
2013-08-06,7.714011163557238,23,12,0.0,12.5,4,3,11,17,18,17,10,47,70,0.1,1015,23,9,244,7,0
2013-08-07,7.633053588051505,22,13,0.0,11.4,4,4,10,17,18,17,16,48,67,0.0,1014,22,9,49,11,0
2013-08-08,7.667106629147726,25,12,0.0,14.5,6,11,11,18,19,18,11,16,64,0.1,1019,25,10,119,7,0
2013-08-09,7.693744886590909,23,13,0.0,11.4,4,17,12,18,19,18,19,60,71,0.9,1019,23,10,255,13,0
2013-08-10,7.703308085930694,20,12,0.0,13.5,4,24,9,17,17,17,13,45,63,0.2,1022,20,10,283,9,1
2013-08-11,8.01772023505584,22,13,0.0,13.5,4,31,11,17,18,17,17,49,68,0.2,1018,22,9,261,12,1
2013-08-12,7.782435392610837,20,12,0.0,11.4,4,38,9,16,16,16,17,49,65,0.3,1017,20,10,285,11,0
2013-08-13,7.736230055599773,21,10,0.0,13.5,4,44,9,15,15,15,17,29,71,0.2,1021,21,9,294,12,0
2013-08-14,7.710560522371662,23,12,0.0,11.3,4,51,12,17,18,17,12,52,73,0.3,1023,23,9,245,9,0
2013-08-15,7.800674369615458,25,16,0.0,10.3,5,58,15,20,20,20,21,64,76,1.1,1019,25,8,220,16,0
2013-08-16,7.855648540848807,21,15,0.0,11.3,4,65,15,17,18,17,19,67,88,6.5,1015,21,8,208,13,0
2013-08-17,8.007896204819735,23,13,0.0,12.4,4,72,13,17,17,17,24,38,79,0.5,1013,23,7,218,17,1
2013-08-18,8.20290707031547,23,15,0.0,12.4,4,78,13,18,19,18,19,55,74,0.7,1010,23,10,235,14,1
2013-08-19,7.80935943712222,22,12,0.0,14.5,5,85,10,17,18,17,16,21,66,0.0,1019,22,9,297,11,0
2013-08-20,7.660681291016145,23,12,0.0,14.5,6,92,11,18,19,18,10,29,65,0.0,1027,23,10,255,6,0
2013-08-21,7.680573869711356,26,13,0.0,14.5,6,99,12,19,19,19,11,19,68,0.0,1024,26,10,227,7,0
2013-08-22,8.043843435626068,24,16,0.0,12.3,5,95,16,20,20,20,9,62,82,11.9,1020,24,7,165,7,0
2013-08-23,7.820229962935465,26,15,0.0,13.4,5,88,15,21,21,20,16,61,75,0.0,1015,26,6,111,11,0
2013-08-24,8.263016376728242,18,15,0.0,9.9,4,81,16,17,17,17,18,86,92,28.6,1010,18,8,277,12,1
2013-08-25,8.117698534164921,22,13,0.0,9.3,4,74,14,17,17,17,21,67,85,16.4,1013,22,8,147,14,1
2013-08-26,8.141032761771429,24,14,0.0,10.4,5,68,14,18,19,18,15,49,78,0.3,1018,24,7,82,10,1
2013-08-27,7.889872214587698,25,13,0.0,11.6,5,61,13,19,20,19,11,2,70,0.0,1018,25,8,103,8,0
2013-08-28,7.810404607996953,26,15,0.0,11.6,6,54,13,19,19,19,8,8,70,0.0,1022,26,10,125,5,0
2013-08-29,7.747788270753998,24,14,0.0,10.4,5,47,13,19,19,19,13,33,71,0.0,1022,24,9,264,9,0
2013-08-30,7.855049885700685,23,15,0.0,10.4,5,40,15,19,19,19,16,47,78,0.1,1020,23,9,245,11,0
2013-08-31,7.924299237961905,21,14,0.0,11.6,5,34,10,16,17,16,18,34,67,0.0,1025,21,8,331,13,1
2013-09-01,8.419483519451324,21,10,0.0,11.6,5,27,7,14,15,14,17,33,63,0.0,1029,21,10,287,11,1
2013-09-02,8.025300323481241,24,10,0.0,11.6,4,20,13,17,18,17,17,13,77,0.0,1027,24,8,286,11,0
2013-09-03,8.021214435059989,25,15,0.0,9.1,5,13,15,20,20,20,9,35,80,0.1,1027,25,7,187,5,0
2013-09-04,8.030170698475901,28,15,0.0,11.6,5,7,16,22,22,21,11,9,79,0.0,1021,28,7,137,7,0
2013-09-05,8.071030106497714,29,17,0.0,11.6,5,0,16,22,22,22,8,9,73,3.4,1012,29,7,170,4,0
2013-09-06,8.301362960061034,18,13,0.0,10.3,4,7,12,15,15,15,14,44,82,12.8,1009,18,8,247,9,0
2013-09-07,8.313834667391305,18,10,0.0,10.3,4,14,9,13,14,13,18,30,76,1.4,1014,18,10,187,12,1
2013-09-08,8.840215211303851,17,9,0.0,9.1,3,21,9,12,13,12,14,33,80,1.0,1018,17,6,208,10,1
2013-09-09,8.788974642383222,14,9,0.0,7.8,3,27,10,11,11,11,13,47,94,6.7,1016,14,4,178,8,0
2013-09-10,8.718351516078581,16,8,0.0,9.0,3,34,9,10,12,10,23,69,84,0.9,1020,16,7,310,15,0
2013-09-11,8.839153977714178,15,9,0.0,6.5,3,41,10,11,13,11,20,72,85,1.3,1021,15,7,318,14,0
2013-09-12,8.56575233891541,19,10,0.0,7.7,4,48,11,14,14,14,8,80,85,0.4,1019,19,7,240,5,0
2013-09-13,8.829404047374451,21,15,0.0,6.4,4,54,15,17,17,17,9,92,90,20.7,1017,21,8,232,6,0
2013-09-14,9.291982623811341,16,8,0.0,9.0,3,61,9,10,12,10,18,67,87,15.0,1015,16,8,251,13,1
2013-09-15,9.889957584581582,14,7,0.0,7.7,3,68,10,11,12,11,27,49,85,0.8,1010,14,7,241,17,1
2013-09-16,8.952600993502772,14,7,0.0,11.6,3,75,6,8,10,8,27,19,76,0.5,1003,14,10,260,18,0
2013-09-17,9.242429090538991,14,7,0.0,7.7,3,81,8,9,11,9,20,61,84,1.9,1000,14,8,238,13,0
2013-09-18,8.878986432486146,15,9,0.0,11.6,3,88,8,11,12,11,17,45,80,0.6,1003,15,8,311,12,0
2013-09-19,9.116968037282296,17,7,0.0,7.6,3,95,10,11,12,11,23,65,87,1.3,1010,17,5,245,15,0
2013-09-20,8.800316232235835,22,8,0.0,11.6,3,98,10,13,14,13,14,34,83,0.0,1018,22,8,279,9,0
2013-09-21,9.04583946362069,18,9,0.0,6.3,3,91,12,13,13,13,16,71,90,0.7,1024,18,7,229,10,1
2013-09-22,9.5127087561027,22,13,0.0,11.6,4,85,15,17,18,17,11,53,89,0.1,1027,22,5,250,6,1
2013-09-23,8.81850565127419,23,11,0.0,8.8,4,78,14,16,16,16,9,47,87,0.0,1024,23,6,158,6,0
2013-09-24,8.517794253429118,23,10,0.0,11.6,4,71,13,16,17,16,9,35,85,0.0,1016,23,6,120,5,0
2013-09-25,8.55819578480843,22,9,0.0,11.6,4,64,13,16,16,16,6,55,84,0.0,1012,22,7,110,3,0
2013-09-26,8.628415899827585,19,12,0.0,11.6,4,58,11,14,14,14,16,48,81,0.0,1016,19,7,64,10,0
2013-09-27,8.526264570437117,18,10,0.0,11.6,3,51,10,12,13,12,18,19,80,0.0,1016,18,8,82,12,0
2013-09-28,8.996351025445486,20,11,0.0,10.2,4,44,10,13,14,13,25,45,75,0.0,1010,20,10,78,16,1
2013-09-29,9.4408526540525,18,12,0.0,11.6,5,37,10,13,14,13,24,32,74,0.0,1007,18,10,60,16,1
2013-09-30,8.845674203315447,20,12,0.0,11.4,4,30,11,14,15,14,19,59,81,0.4,1007,20,7,80,13,0
2013-10-01,8.918944336756239,18,11,0.0,7.2,4,24,11,14,14,14,21,65,79,0.0,1009,18,9,95,14,0
2013-10-02,8.92958875396277,20,14,0.0,8.6,4,17,13,15,16,15,19,82,84,0.9,1011,20,9,130,13,0
2013-10-03,8.880879439086197,18,14,0.0,7.1,4,10,14,16,16,16,24,81,91,1.3,1009,18,7,135,15,0
2013-10-04,8.70288308711845,19,15,0.0,5.6,4,3,15,17,17,17,25,77,89,0.7,1009,19,9,193,16,0
2013-10-05,9.15231432281106,19,13,0.0,11.2,4,3,12,15,15,15,10,55,84,0.3,1019,19,7,300,7,1
2013-10-06,9.376811946388782,19,11,0.0,11.2,5,10,10,14,14,14,11,18,77,0.0,1025,19,10,259,6,1
2013-10-07,8.94882155080676,20,10,0.0,10.1,4,17,12,15,15,15,13,41,83,0.0,1025,20,7,236,9,0
2013-10-08,8.768964841191163,21,13,0.0,10.1,4,24,13,16,16,16,16,62,86,0.0,1024,21,6,252,10,0
2013-10-09,8.94084204544581,15,9,0.0,8.6,3,30,10,11,13,11,21,70,83,0.2,1020,15,6,288,14,0
2013-10-10,9.295057805761475,12,6,0.0,8.6,2,37,3,5,8,5,34,43,70,0.0,1018,12,10,321,23,0
2013-10-11,9.8737308507775,13,7,0.0,7.0,3,44,8,7,10,7,37,77,86,13.6,1017,13,9,134,24,0
2013-10-12,9.597023808870967,13,9,0.0,10.1,3,51,8,10,11,10,19,66,83,6.5,1018,13,9,114,13,1
2013-10-13,10.967507297637342,12,8,0.0,7.0,2,58,8,7,9,7,23,83,95,23.9,1010,12,7,280,14,1
2013-10-14,10.03085782887608,11,7,0.0,5.4,2,64,8,6,9,6,18,96,94,2.7,1007,11,7,238,12,0
2013-10-15,9.642349740453758,13,7,0.0,10.8,3,71,8,8,10,8,16,59,89,0.5,1010,13,7,260,11,0
2013-10-16,9.973117715233698,14,6,0.0,6.9,3,78,9,8,10,8,25,62,96,9.3,1010,14,6,149,14,0
2013-10-17,9.471033686583255,17,10,0.0,10.0,3,85,11,12,13,12,26,38,88,0.7,1013,17,9,244,15,0
2013-10-18,9.360215124263998,17,10,0.0,10.0,3,91,11,12,13,12,18,66,91,0.2,1014,17,7,155,11,0
2013-10-19,9.621036944275543,18,12,0.0,7.1,4,98,12,13,14,13,25,51,90,0.2,1006,18,9,178,15,1
2013-10-20,10.165735323060636,17,11,0.0,7.1,3,95,11,12,13,12,28,42,88,1.2,1006,17,10,187,17,1
2013-10-21,9.472617901616939,16,12,0.0,5.4,3,88,13,13,14,13,31,59,93,0.7,1006,16,8,184,18,0
2013-10-22,9.311661470284834,18,14,0.0,5.4,4,81,14,14,15,14,32,43,90,1.3,998,18,10,171,19,0
2013-10-23,9.17752810922218,16,11,0.0,7.1,3,75,11,13,14,13,31,38,84,0.3,999,16,9,219,20,0
2013-10-24,9.201848314764197,17,9,0.0,8.7,3,68,10,11,12,11,17,28,88,0.1,1013,17,7,170,11,0
2013-10-25,9.181840584751637,18,12,0.0,7.1,4,61,13,14,15,14,32,51,88,2.9,1005,18,8,169,20,0
2013-10-26,9.615820562148633,16,13,0.0,3.8,3,54,12,13,14,13,32,71,91,0.8,1005,16,9,198,20,1
2013-10-27,10.330035425125144,15,11,0.0,7.0,3,48,10,11,13,11,37,57,83,2.4,997,15,9,213,24,1
2013-10-28,9.8814403397806,14,8,0.0,5.4,3,41,10,10,12,10,40,61,85,7.7,992,14,9,219,27,0
2013-10-29,9.914410665652676,12,7,0.0,8.7,3,34,6,6,8,6,29,22,83,0.4,1010,12,10,253,18,0
2013-10-30,9.929816675755825,13,5,0.0,8.7,2,27,6,6,9,6,23,23,86,1.0,1020,13,9,222,14,0
2013-10-31,9.970303794972066,14,10,0.0,5.4,3,21,10,10,12,10,25,84,91,2.9,1017,14,10,213,15,0
2013-11-01,9.821781351666345,15,11,0.0,3.7,3,14,11,11,12,11,19,89,94,1.8,1009,15,5,193,13,0
2013-11-02,9.977709802137493,14,8,0.0,5.3,3,7,8,8,10,8,25,66,89,0.7,999,14,6,187,16,1
2013-11-03,11.044185633660698,11,6,0.0,8.7,2,0,4,4,8,4,35,27,81,2.4,999,11,10,221,21,1
2013-11-04,10.321917919788055,9,5,0.0,8.7,3,7,5,4,7,4,25,39,87,8.2,992,9,9,290,17,0
2013-11-05,10.710369121202776,12,4,0.0,5.2,2,13,6,5,8,5,28,55,91,3.6,994,12,7,231,17,0
2013-11-06,10.478511466351899,14,7,0.0,3.5,3,20,9,8,10,8,27,72,96,2.2,999,14,7,223,16,0
2013-11-07,10.119346701947551,12,8,0.0,8.7,3,27,8,9,11,9,19,46,87,0.2,1006,12,8,251,13,0
2013-11-08,10.531173643758441,12,6,0.0,5.2,2,34,6,6,8,6,19,66,91,1.0,1006,12,6,215,12,0
2013-11-09,11.306920570387508,10,4,0.0,6.9,2,40,5,3,6,3,18,60,92,0.7,1006,10,7,234,11,1
2013-11-10,11.553900733153432,8,3,0.0,8.7,2,47,4,2,5,2,20,36,91,3.9,1014,8,9,289,12,1
2013-11-11,11.00790902066307,12,3,0.0,3.4,2,54,7,6,8,6,28,78,94,4.8,1022,12,8,180,16,0
2013-11-12,10.404712577565586,11,8,0.0,6.9,3,61,9,9,10,9,18,57,93,3.7,1025,11,6,307,12,0
2013-11-13,10.669635555591979,9,4,0.0,8.7,3,68,5,5,7,5,14,12,87,0.0,1032,9,8,266,9,0
2013-11-14,10.644338284744455,9,4,0.0,8.7,3,74,4,3,6,3,34,34,86,0.3,1023,9,10,285,20,0
2013-11-15,10.788005591880424,8,2,0.0,8.7,3,81,2,1,5,1,22,9,86,0.0,1032,8,10,221,13,0
2013-11-16,11.295799882863758,9,3,0.0,8.7,2,88,4,4,6,4,11,22,87,0.0,1031,9,9,298,7,1
2013-11-17,11.881618532239383,9,4,0.0,3.3,2,95,6,5,7,5,11,80,95,0.2,1024,9,3,68,6,1
2013-11-18,11.044271902527981,9,6,0.0,5.1,2,100,7,7,8,7,10,88,95,0.5,1011,9,3,254,6,0
2013-11-19,11.095023002976996,5,1,0.0,8.7,2,92,1,-1,3,-1,25,19,87,0.0,1013,5,10,319,16,0
2013-11-20,11.833861621637315,5,-1,0.0,5.1,1,85,1,-2,2,-2,29,56,93,6.0,1004,5,9,261,17,0
2013-11-21,11.63428671185587,6,2,0.0,8.7,1,78,2,-1,3,-1,32,52,92,2.9,1003,6,10,174,19,0
2013-11-22,11.509981008546513,7,2,0.0,8.7,1,72,2,-1,3,-1,32,39,88,0.1,1017,7,10,310,19,0
2013-11-23,11.770955990519582,6,2,0.0,6.9,1,65,3,0,4,0,25,63,93,0.2,1023,6,10,309,16,1
2013-11-24,12.427183924970805,7,1,0.0,5.1,2,58,3,0,4,0,26,48,93,0.1,1029,7,10,260,15,1
2013-11-25,11.567541650389256,6,1,0.0,8.2,2,51,2,-1,3,-1,24,36,92,0.0,1037,6,10,344,14,0
2013-11-26,11.44326819772285,6,0,0.0,8.2,1,44,1,-1,2,-1,18,41,92,0.0,1038,6,7,328,10,0
2013-11-27,11.525598206644583,9,2,0.0,3.1,2,38,6,5,6,5,11,94,97,0.3,1034,9,2,239,6,0
2013-11-28,11.053484506860261,8,4,0.0,6.8,2,31,5,4,6,4,13,75,96,0.0,1034,8,2,210,7,0
2013-11-29,10.996838790175438,10,5,0.0,3.1,2,24,5,4,7,4,28,77,91,0.0,1027,10,8,269,17,0
2013-11-30,11.530147006667965,7,2,0.0,8.1,2,17,2,0,4,0,27,32,91,0.0,1026,7,9,329,16,1
2013-12-01,12.262636115288611,7,1,0.0,6.8,1,11,3,2,4,2,16,34,94,0.0,1032,7,6,246,9,1
2013-12-02,11.239042128847279,9,3,0.0,8.1,2,4,4,3,5,3,17,54,94,0.0,1034,9,5,45,9,0
2013-12-03,11.414006242282927,6,2,0.0,3.0,1,3,2,2,4,2,10,54,88,0.0,1029,6,7,159,6,0
2013-12-04,11.356104389268292,8,4,0.0,4.9,2,10,4,2,5,2,22,50,89,0.0,1028,8,10,282,14,0
2013-12-05,11.815181587614589,8,0,0.0,6.8,2,17,2,0,4,0,42,22,88,0.0,1024,8,10,254,24,0
2013-12-06,11.605175194882813,6,2,0.0,8.0,1,23,2,0,4,0,28,43,88,0.1,1027,6,9,270,16,0
2013-12-07,11.924261913085939,9,5,0.0,8.0,3,30,5,3,6,3,24,56,94,0.0,1026,9,10,253,14,1
2013-12-08,12.080541302382347,10,4,0.0,6.8,2,37,5,3,7,3,31,44,93,0.0,1025,10,10,238,17,1
2013-12-09,11.223678124609375,10,5,0.0,8.0,2,44,6,4,7,4,25,33,94,0.0,1028,10,9,220,14,0
2013-12-10,11.378429996851779,9,4,0.0,8.0,2,50,4,3,5,3,19,31,93,0.0,1031,9,6,181,10,0
2013-12-11,11.707710958962819,8,3,0.0,8.0,3,57,3,2,5,2,20,12,88,0.0,1029,8,9,161,11,0
2013-12-12,11.641280485045998,9,4,0.0,6.8,2,64,4,3,6,3,26,40,92,0.0,1025,9,10,187,13,0
2013-12-13,11.392124632381138,10,7,0.0,3.0,2,71,8,6,9,6,29,73,95,2.4,1020,10,8,197,17,0
2013-12-14,11.736654732785603,10,4,0.0,6.8,2,77,5,4,7,4,37,43,87,0.2,1022,10,9,217,22,1
2013-12-15,12.257546770273972,12,9,0.0,4.8,3,84,10,7,10,7,39,78,94,2.3,1019,12,7,198,24,1
2013-12-16,11.170061069289488,12,9,0.0,1.9,3,91,10,8,11,8,36,99,94,3.7,1016,12,8,225,24,0
2013-12-17,11.370127618027011,6,5,0.0,3.8,2,98,5,4,6,4,10,82,94,9.0,1022,6,8,207,7,0
2013-12-18,11.299923288375734,10,4,0.0,5.8,2,95,6,4,7,4,37,68,93,5.6,1009,10,7,199,22,0
2013-12-19,11.444299355214245,7,4,0.0,5.8,3,89,4,2,6,2,27,41,88,8.7,1002,7,9,222,16,0
2013-12-20,11.489317353375073,7,3,0.0,5.8,2,82,3,1,5,1,36,28,89,0.1,1018,7,10,215,20,0
2013-12-21,12.1239978481409,11,9,0.0,1.9,2,75,9,6,10,6,53,89,94,7.6,1013,11,8,197,33,1
2013-12-22,11.942015860700998,9,4,0.0,5.8,2,68,5,3,7,3,38,23,88,1.7,1010,9,10,223,22,1
2013-12-23,12.046325175900547,10,3,0.0,1.9,2,62,6,3,7,3,48,79,92,8.1,1000,10,8,190,29,0
2013-12-24,11.9816715628868,10,5,0.0,5.8,2,55,6,4,8,4,43,56,88,7.8,979,10,9,199,27,0
2013-12-25,12.542846951048404,8,3,0.0,5.8,3,48,3,2,5,2,25,34,90,0.1,984,8,8,190,14,1
2013-12-26,11.655858515167548,6,1,0.0,5.8,1,41,2,1,3,1,20,34,93,0.0,994,6,8,224,11,1
2013-12-27,11.661978447570533,10,6,0.0,5.8,2,34,6,3,8,3,51,42,87,1.6,987,10,10,201,30,0
2013-12-28,11.616782480638841,7,4,0.0,5.8,3,28,3,2,5,2,25,21,86,0.0,997,7,10,229,14,1
2013-12-29,11.973592787575935,6,1,0.0,5.8,2,21,2,-1,3,-1,29,22,91,0.0,1014,6,10,243,15,1
2013-12-30,11.813610424926514,9,6,0.0,3.9,2,14,6,3,7,3,48,68,91,6.5,1011,9,7,193,27,0
2013-12-31,11.91391723983134,10,5,0.0,2.0,2,7,7,4,7,4,34,72,95,4.4,1005,10,9,182,20,0
2014-01-01,12.302586389860757,9,6,0.0,2.0,2,1,6,3,7,3,47,75,93,16.0,994,9,8,176,28,1
2014-01-02,11.22334718637522,9,5,0.0,5.8,2,6,6,4,7,4,34,41,91,0.1,993,9,10,205,20,0
2014-01-03,11.489046069496178,9,6,0.0,5.8,2,13,6,4,8,4,46,52,86,0.0,994,9,10,203,28,0
2014-01-04,11.995096292351443,8,4,0.0,2.0,2,20,6,3,7,3,34,81,94,4.5,994,8,10,206,21,1
2014-01-05,12.611274064105077,8,2,0.0,2.0,2,26,4,1,5,1,35,47,93,0.8,1000,8,8,204,21,1
2014-01-06,11.408516368829641,11,8,0.0,5.8,3,33,9,7,10,7,48,62,90,1.0,995,11,10,202,30,0
2014-01-07,11.268233677769064,11,8,0.0,5.8,2,40,7,5,9,5,45,48,90,0.4,1003,11,10,204,27,0
2014-01-08,11.00615098007843,10,6,0.0,5.8,2,47,7,5,8,5,32,53,93,0.1,1012,10,10,199,19,0
2014-01-09,11.119571626210153,9,4,0.0,3.9,2,54,6,4,8,4,38,61,91,2.8,1006,9,9,237,23,0
2014-01-10,11.246991144824872,9,3,0.0,3.9,2,60,4,2,5,2,28,43,93,0.4,1014,9,9,217,16,0
2014-01-11,11.538977954370079,7,1,0.0,5.8,2,67,4,2,5,2,22,48,92,1.5,1018,7,10,260,13,1
2014-01-12,12.752337201987016,6,2,0.0,3.9,1,74,3,1,4,1,28,45,91,1.4,1017,6,10,143,16,1
2014-01-13,11.36455371831956,9,4,0.0,5.8,2,81,5,3,6,3,31,46,91,0.7,1005,9,9,200,18,0
2014-01-14,11.333602044617201,5,1,0.0,8.2,2,87,2,0,4,0,21,51,91,0.2,1004,5,9,246,13,0
2014-01-15,11.184849439145838,10,5,0.0,3.1,2,94,8,5,8,5,32,97,96,5.9,999,10,8,189,20,0
2014-01-16,10.95030754302028,10,6,0.0,6.9,2,100,6,5,8,5,32,59,90,0.6,991,10,9,182,20,0
2014-01-17,11.13873606425054,9,5,0.0,6.9,2,92,5,3,7,3,34,59,89,0.8,991,9,8,191,20,0
2014-01-18,11.546570302520676,9,6,0.0,3.3,2,85,6,4,7,4,32,70,92,1.4,992,9,8,151,19,1
2014-01-19,10.635412507516275,7,3,0.0,6.9,2,79,4,4,6,4,19,45,90,0.2,995,7,9,199,11,1
2014-01-20,11.4308828747778,7,1,0.0,8.7,1,72,3,3,4,3,10,32,93,0.0,1007,7,6,188,5,0
2014-01-21,11.370601341502365,6,0,0.0,6.9,1,65,2,1,3,1,18,50,92,0.0,1010,6,5,192,10,0
2014-01-22,11.109560086859732,9,4,0.0,6.9,2,58,5,4,6,4,23,72,93,4.8,1007,9,8,208,14,0
2014-01-23,11.300413875620812,7,2,0.0,6.9,1,52,3,0,4,0,30,53,92,0.0,1012,7,8,266,16,0
2014-01-24,11.409880228867403,7,1,0.0,3.3,1,45,3,1,4,1,21,83,94,2.7,1014,7,5,192,13,0
2014-01-25,11.620778216969217,10,4,0.0,6.9,2,38,5,4,7,4,30,65,91,0.1,1012,10,6,228,18,1
2014-01-26,12.729658709094496,8,2,0.0,5.1,2,31,3,0,4,0,36,46,92,0.0,1003,8,10,226,21,1
2014-01-27,11.75387095609708,7,1,0.0,6.9,1,25,1,-1,3,-1,37,51,87,0.0,990,7,10,223,22,0
2014-01-28,11.57017555420616,8,3,0.0,6.9,2,18,4,1,5,1,33,65,92,2.0,985,8,8,173,19,0
2014-01-29,11.800776505725567,4,3,0.0,3.4,1,11,3,0,3,0,25,99,98,10.1,993,4,7,88,15,0
2014-01-30,11.68516887183488,6,2,0.0,3.4,1,4,3,2,4,2,13,92,97,3.8,1002,6,5,94,8,0
2014-01-31,11.857956924876506,7,1,0.0,5.2,1,3,3,0,4,0,32,84,95,2.2,999,7,6,182,19,0
2014-02-01,11.710581932516307,8,4,0.0,8.7,2,9,4,2,6,2,40,53,85,6.6,990,8,10,207,26,1
2014-02-02,12.07816435568317,9,4,0.0,8.7,3,16,3,2,6,2,36,25,85,0.1,1004,9,10,212,21,1
2014-02-03,11.280011482835082,8,4,0.0,8.7,3,23,3,1,5,1,37,28,86,0.0,1004,8,10,143,21,0
2014-02-04,11.09558443702237,8,3,0.0,8.7,2,30,3,2,6,2,36,52,84,0.4,998,8,9,170,23,0
2014-02-05,11.415104542432058,8,4,0.0,7.0,2,36,4,1,6,1,51,56,90,14.5,982,8,9,172,31,0
2014-02-06,11.445403332361689,8,5,0.0,3.5,2,43,5,3,7,3,39,67,92,12.9,990,8,9,188,23,0
2014-02-07,10.972318254623016,8,4,0.0,9.7,2,50,5,3,7,3,35,73,89,5.3,988,8,9,222,23,0
2014-02-08,11.569300456201628,9,6,0.0,9.8,2,57,4,3,7,3,47,58,84,7.1,979,9,9,192,31,1
2014-02-09,12.202967430863952,7,3,0.0,9.8,2,64,2,0,5,0,46,51,81,0.8,984,7,9,217,29,1
2014-02-10,11.264175173604768,8,2,0.0,8.3,2,70,4,3,5,3,18,66,93,2.5,992,8,8,198,11,0
2014-02-11,11.452649314027418,5,1,0.0,8.3,1,77,2,-1,3,-1,35,50,93,3.1,997,5,10,214,20,0
2014-02-12,11.679099381932021,7,1,0.0,6.6,2,84,3,-1,4,-1,47,58,91,5.8,995,7,8,200,27,0
2014-02-13,11.285736726983496,7,3,0.0,9.9,1,91,1,-1,4,-1,37,28,80,0.1,992,7,10,227,22,0
2014-02-14,11.816914332021467,10,2,0.0,6.6,2,97,4,1,6,1,45,59,91,17.8,991,10,9,177,26,0
2014-02-15,11.490469615202231,10,4,0.0,10.0,2,96,4,2,7,2,54,36,83,0.3,987,10,10,223,34,1
2014-02-16,11.58215902676365,9,1,0.0,10.1,3,89,2,1,5,1,25,19,86,0.0,1006,9,9,228,15,1
2014-02-17,10.979565988197768,10,4,0.0,5.0,2,82,5,3,7,3,30,70,90,1.4,1008,10,9,171,18,0
2014-02-18,10.781897981553204,10,5,0.0,6.7,2,76,6,5,7,5,25,81,94,4.3,1008,10,7,201,15,0
2014-02-19,10.67462360235623,10,3,0.0,5.1,2,69,5,4,7,4,23,70,93,0.3,1011,10,10,230,14,0
2014-02-20,10.573835396803835,11,5,0.0,8.3,2,62,8,6,9,6,34,75,93,1.0,1002,11,7,203,21,0
2014-02-21,10.51812649820144,9,3,0.0,10.2,2,55,3,1,5,1,32,33,85,0.2,1003,9,9,228,20,0
2014-02-22,10.776242109628447,10,3,0.0,10.3,3,48,3,2,6,2,32,27,84,0.0,1009,10,10,223,19,1
2014-02-23,11.480410763265306,12,6,0.0,6.9,2,42,7,5,9,5,44,66,91,0.3,1011,12,9,186,27,1
2014-02-24,10.411403084521426,13,6,0.0,8.5,2,35,6,6,9,6,35,44,85,0.1,1006,13,10,175,21,0
2014-02-25,10.294996596876876,10,5,0.0,10.0,2,28,6,4,8,4,34,54,87,1.1,1001,10,9,186,22,0
2014-02-26,10.20294532237132,10,3,0.0,10.8,3,21,3,3,6,3,24,14,85,0.5,1012,10,9,224,15,0
